label,stage,w,lambda_size,lambda_occ,refinement_gain_pct,kind
Auto,w=1,1.0,0.9441722869478524,0.5250707185537423,-0.4396107958792137,panel
Auto,w=w*,0.99,0.9400079407668408,0.4215240405268775,-0.305792875693885,panel
Carparts,w=1,1.0,0.801865890100503,0.8818797073490461,-0.03619149878778562,panel
Carparts,w=w*,0.9,0.2243778269038716,0.6280732444268856,-0.08211365623564906,panel
M5,w=1,1.0,0.9957912986203652,0.998452289846086,0.02647782063188501,panel
M5,w=w*,0.95,0.8408351501562892,0.9310924716226854,0.5796029157756174,panel
Online Retail,w=1,1.0,0.8973662047425133,0.968934298864491,-0.0293128466054578,panel
Online Retail,w=w*,0.95,0.5533874162056239,0.8953197388700749,-0.05110423602400623,panel
RAF,w=1,1.0,0.9255196051149496,0.0848426917249417,0.11642762721614315,panel
RAF,w=w*,0.997,0.9172535225655118,0.1055549078481951,0.02737087855321077,panel
sim-T30,,,0.51428982144989,,2.2468788258037105,sim
sim-T30,,,0.7425162238453267,,-0.44169765790966226,sim
sim-T30,,,0.8811203023094725,,-0.6861399834962641,sim
sim-T120,,,0.4647342446432161,,1.5673580396372897,sim
sim-T120,,,0.7520503406392145,,0.2248001324990624,sim
sim-T120,,,0.9698815724324652,,-0.32018848941021705,sim
sim-length,,,0.9615575890671038,,1.5283847405044375,sim
sim-length,,,0.9791249700629095,,0.49655485324057774,sim
sim-length,,,0.9899202264052828,,0.057652161848345956,sim
sim-length,,,0.9974586179903088,,0.005942968836936469,sim
