panel,structure,discount,validation_spl
online_retail,global,1.0,0.7531994086037179
online_retail,global,0.999,0.7523077608055794
online_retail,global,0.997,0.7510463496501075
online_retail,global,0.995,0.7499281785253169
online_retail,global,0.99,0.747528572698694
online_retail,global,0.98,0.7444764157020702
online_retail,global,0.95,0.7443353483542275
online_retail,global,0.9,0.7544311599391899
online_retail,taxonomy,1.0,0.7534201927909951
online_retail,taxonomy,0.999,0.7525438837299744
online_retail,taxonomy,0.997,0.7513530590087998
online_retail,taxonomy,0.995,0.750183631552526
online_retail,taxonomy,0.99,0.7477634420104344
online_retail,taxonomy,0.98,0.7449021328831498
online_retail,taxonomy,0.95,0.7447157352474606
online_retail,taxonomy,0.9,0.7537209597142484
online_retail,mixture,1.0,0.754318003948046
online_retail,mixture,0.999,0.7534511006275667
online_retail,mixture,0.997,0.7526510297421679
online_retail,mixture,0.995,0.7519281953255497
online_retail,mixture,0.99,0.7504699906393278
online_retail,mixture,0.98,0.7487932696361703
online_retail,mixture,0.95,0.7481231968997611
online_retail,mixture,0.9,0.7530673680089447
m5,global,1.0,1.91520370488149
m5,global,0.999,1.8855855119276559
m5,global,0.997,1.8402851146982246
m5,global,0.995,1.8088810232391321
m5,global,0.99,1.7712580383268937
m5,global,0.98,1.7476727480097174
m5,global,0.95,1.7437229197073008
m5,global,0.9,1.7603367492404514
m5,taxonomy,1.0,1.9148993613795873
m5,taxonomy,0.999,1.885105294761661
m5,taxonomy,0.997,1.839586565945957
m5,taxonomy,0.995,1.8071648098370103
m5,taxonomy,0.99,1.7692786660817217
m5,taxonomy,0.98,1.7437362673438406
m5,taxonomy,0.95,1.7410148474925977
m5,taxonomy,0.9,1.7544725667308965
m5,mixture,1.0,1.9146966006797763
m5,mixture,0.999,1.8852547808533777
m5,mixture,0.997,1.8398387980319453
m5,mixture,0.995,1.807412473033883
m5,mixture,0.99,1.768365156798222
m5,mixture,0.98,1.7430411173950753
m5,mixture,0.95,1.7336162508216295
m5,mixture,0.9,1.7454224662760114
auto,global,1.0,0.33395239852054537
auto,global,0.999,0.3340959741153664
auto,global,0.997,0.3340846971833695
auto,global,0.995,0.3340768396123981
auto,global,0.99,0.3337855849208133
auto,global,0.98,0.33425833758579165
auto,global,0.95,0.33461143320318487
auto,global,0.9,0.33759584520597496
auto,taxonomy,1.0,0.33542048931753926
auto,taxonomy,0.999,0.33640992077451926
auto,taxonomy,0.997,0.3364010309198836
auto,taxonomy,0.995,0.33639385412704664
auto,taxonomy,0.99,0.33480627745959435
auto,taxonomy,0.98,0.3371077515024131
auto,taxonomy,0.95,0.33919674592685306
auto,taxonomy,0.9,0.3379779625977248
auto,mixture,1.0,0.33973330748478897
auto,mixture,0.999,0.34151005740888624
auto,mixture,0.997,0.3415532455020943
auto,mixture,0.995,0.341598153082944
auto,mixture,0.99,0.33966860216806255
auto,mixture,0.98,0.3410277170972164
auto,mixture,0.95,0.3415371469783481
auto,mixture,0.9,0.3443613947966298
carparts,global,1.0,0.9769328339171847
carparts,global,0.999,0.9775391528525025
carparts,global,0.997,0.9732660073223955
carparts,global,0.995,0.9713140968965014
carparts,global,0.99,0.9672057967688931
carparts,global,0.98,0.960305217641432
carparts,global,0.95,0.9291379368897807
carparts,global,0.9,0.9134479119538106
carparts,taxonomy,1.0,0.9772864005519294
carparts,taxonomy,0.999,0.9809607213022324
carparts,taxonomy,0.997,0.9733229335561384
carparts,taxonomy,0.995,0.9713352524202353
carparts,taxonomy,0.99,0.9666528132307546
carparts,taxonomy,0.98,0.9600509061805012
carparts,taxonomy,0.95,0.9297280490055871
carparts,taxonomy,0.9,0.9141979774321239
carparts,mixture,1.0,0.9900637956015457
carparts,mixture,0.999,1.0070035361379481
carparts,mixture,0.997,1.0056262767867747
carparts,mixture,0.995,1.001204201122252
carparts,mixture,0.99,1.0047640108823634
carparts,mixture,0.98,1.0035022060361285
carparts,mixture,0.95,0.9896810419998239
carparts,mixture,0.9,0.9613470598565264
raf,global,1.0,0.9851574771306739
raf,global,0.999,0.9834895036700797
raf,global,0.997,0.9831973171319299
raf,global,0.995,0.9841729192871721
raf,global,0.99,0.9841729192871721
raf,global,0.98,0.9841729192871721
raf,global,0.95,0.9841729192871721
raf,global,0.9,1.0582274175823672
raf,taxonomy,1.0,0.9840104816557084
raf,taxonomy,0.999,0.9832017071649695
raf,taxonomy,0.997,0.9831033949336906
raf,taxonomy,0.995,0.9841569220525195
raf,taxonomy,0.99,0.9838365705574857
raf,taxonomy,0.98,0.9885818725965515
raf,taxonomy,0.95,0.9841729192871721
raf,taxonomy,0.9,0.9841729192871721
raf,mixture,1.0,0.9849784621735916
raf,mixture,0.999,0.983136092959183
raf,mixture,0.997,0.9829282073883194
raf,mixture,0.995,0.9838702887958406
raf,mixture,0.99,0.9839158538296288
raf,mixture,0.98,0.9842141093146239
raf,mixture,0.95,0.9936496469718982
raf,mixture,0.9,0.9841729192871721
