surface,discount,definition,gain_pct
auto_legacy,1.0,refine_global_to_best,1.2378
auto_legacy,1.0,refine_global_to_mixture,1.2378
auto_legacy,1.0,refine_taxonomy_to_mixture,0.2677
auto_legacy,1.0,refine_global_to_taxonomy,0.9726
auto_legacy,1.0,forget_global_w1_to_here,0.0
auto_legacy,1.0,forget_taxonomy_w1_to_here,0.0
auto_legacy,1.0,forget_mixture_w1_to_here,0.0
auto_legacy,0.999,refine_global_to_best,2.2526
auto_legacy,0.999,refine_global_to_mixture,2.2526
auto_legacy,0.999,refine_taxonomy_to_mixture,1.4728
auto_legacy,0.999,refine_global_to_taxonomy,0.7914
auto_legacy,0.999,forget_global_w1_to_here,-0.043
auto_legacy,0.999,forget_taxonomy_w1_to_here,-0.2261
auto_legacy,0.999,forget_mixture_w1_to_here,0.985
auto_legacy,0.997,refine_global_to_best,2.256
auto_legacy,0.997,refine_global_to_mixture,2.256
auto_legacy,0.997,refine_taxonomy_to_mixture,1.468
auto_legacy,0.997,refine_global_to_taxonomy,0.7998
auto_legacy,0.997,forget_global_w1_to_here,-0.0396
auto_legacy,0.997,forget_taxonomy_w1_to_here,-0.2142
auto_legacy,0.997,forget_mixture_w1_to_here,0.9918
auto_legacy,0.995,refine_global_to_best,2.2591
auto_legacy,0.995,refine_global_to_mixture,2.2591
auto_legacy,0.995,refine_taxonomy_to_mixture,1.4625
auto_legacy,0.995,refine_global_to_taxonomy,0.8084
auto_legacy,0.995,forget_global_w1_to_here,-0.0373
auto_legacy,0.995,forget_taxonomy_w1_to_here,-0.2032
auto_legacy,0.995,forget_mixture_w1_to_here,0.9972
auto_legacy,0.99,refine_global_to_best,2.0606
auto_legacy,0.99,refine_global_to_mixture,2.0606
auto_legacy,0.99,refine_taxonomy_to_mixture,1.3488
auto_legacy,0.99,refine_global_to_taxonomy,0.7215
auto_legacy,0.99,forget_global_w1_to_here,0.05
auto_legacy,0.99,forget_taxonomy_w1_to_here,-0.2035
auto_legacy,0.99,forget_mixture_w1_to_here,0.8827
auto_legacy,0.98,refine_global_to_best,2.2736
auto_legacy,0.98,refine_global_to_mixture,2.2736
auto_legacy,0.98,refine_taxonomy_to_mixture,1.5508
auto_legacy,0.98,refine_global_to_taxonomy,0.7342
auto_legacy,0.98,forget_global_w1_to_here,-0.0916
auto_legacy,0.98,forget_taxonomy_w1_to_here,-0.3326
auto_legacy,0.98,forget_mixture_w1_to_here,0.9582
auto_legacy,0.95,refine_global_to_best,2.2731
auto_legacy,0.95,refine_global_to_mixture,2.2731
auto_legacy,0.95,refine_taxonomy_to_mixture,0.9823
auto_legacy,0.95,refine_global_to_taxonomy,1.3036
auto_legacy,0.95,forget_global_w1_to_here,-0.1973
auto_legacy,0.95,forget_taxonomy_w1_to_here,0.1375
auto_legacy,0.95,forget_mixture_w1_to_here,0.853
auto_legacy,0.9,refine_global_to_best,2.7342
auto_legacy,0.9,refine_global_to_mixture,2.7342
auto_legacy,0.9,refine_taxonomy_to_mixture,0.883
auto_legacy,0.9,refine_global_to_taxonomy,1.8677
auto_legacy,0.9,forget_global_w1_to_here,-1.091
auto_legacy,0.9,forget_taxonomy_w1_to_here,-0.1773
auto_legacy,0.9,forget_mixture_w1_to_here,0.4407
carparts_legacy,1.0,refine_global_to_best,2.5762
carparts_legacy,1.0,refine_global_to_mixture,2.5762
carparts_legacy,1.0,refine_taxonomy_to_mixture,2.5473
carparts_legacy,1.0,refine_global_to_taxonomy,0.0297
carparts_legacy,1.0,forget_global_w1_to_here,0.0
carparts_legacy,1.0,forget_taxonomy_w1_to_here,0.0
carparts_legacy,1.0,forget_mixture_w1_to_here,0.0
carparts_legacy,0.999,refine_global_to_best,2.1794
carparts_legacy,0.999,refine_global_to_mixture,2.1794
carparts_legacy,0.999,refine_taxonomy_to_mixture,2.3432
carparts_legacy,0.999,refine_global_to_taxonomy,-0.1677
carparts_legacy,0.999,forget_global_w1_to_here,-0.0621
carparts_legacy,0.999,forget_taxonomy_w1_to_here,-0.2596
carparts_legacy,0.999,forget_mixture_w1_to_here,-0.4696
carparts_legacy,0.997,refine_global_to_best,2.0957
carparts_legacy,0.997,refine_global_to_mixture,2.0957
carparts_legacy,0.997,refine_taxonomy_to_mixture,1.997
carparts_legacy,0.997,refine_global_to_taxonomy,0.1007
carparts_legacy,0.997,forget_global_w1_to_here,0.3753
carparts_legacy,0.997,forget_taxonomy_w1_to_here,0.4461
carparts_legacy,0.997,forget_mixture_w1_to_here,-0.1161
carparts_legacy,0.995,refine_global_to_best,2.0403
carparts_legacy,0.995,refine_global_to_mixture,2.0403
carparts_legacy,0.995,refine_taxonomy_to_mixture,1.9289
carparts_legacy,0.995,refine_global_to_taxonomy,0.1136
carparts_legacy,0.995,forget_global_w1_to_here,0.5751
carparts_legacy,0.995,forget_taxonomy_w1_to_here,0.6585
carparts_legacy,0.995,forget_mixture_w1_to_here,0.0282
carparts_legacy,0.99,refine_global_to_best,2.0412
carparts_legacy,0.99,refine_global_to_mixture,2.0412
carparts_legacy,0.99,refine_taxonomy_to_mixture,1.9331
carparts_legacy,0.99,refine_global_to_taxonomy,0.1102
carparts_legacy,0.99,forget_global_w1_to_here,0.9957
carparts_legacy,0.99,forget_taxonomy_w1_to_here,1.0753
carparts_legacy,0.99,forget_mixture_w1_to_here,0.4519
carparts_legacy,0.98,refine_global_to_best,1.8752
carparts_legacy,0.98,refine_global_to_mixture,1.8752
carparts_legacy,0.98,refine_taxonomy_to_mixture,1.6793
carparts_legacy,0.98,refine_global_to_taxonomy,0.1992
carparts_legacy,0.98,forget_global_w1_to_here,1.702
carparts_legacy,0.98,forget_taxonomy_w1_to_here,1.8687
carparts_legacy,0.98,forget_mixture_w1_to_here,0.9946
carparts_legacy,0.95,refine_global_to_best,1.1432
carparts_legacy,0.95,refine_global_to_mixture,1.1432
carparts_legacy,0.95,refine_taxonomy_to_mixture,0.7555
carparts_legacy,0.95,refine_global_to_taxonomy,0.3906
carparts_legacy,0.95,forget_global_w1_to_here,4.8923
carparts_legacy,0.95,forget_taxonomy_w1_to_here,5.2356
carparts_legacy,0.95,forget_mixture_w1_to_here,3.4933
carparts_legacy,0.9,refine_global_to_best,0.2136
carparts_legacy,0.9,refine_global_to_mixture,0.2136
carparts_legacy,0.9,refine_taxonomy_to_mixture,0.0449
carparts_legacy,0.9,refine_global_to_taxonomy,0.1689
carparts_legacy,0.9,forget_global_w1_to_here,6.4984
carparts_legacy,0.9,forget_taxonomy_w1_to_here,6.6285
carparts_legacy,0.9,forget_mixture_w1_to_here,4.2309
m5_correct_seed42,1.0,refine_global_to_best,0.0533
m5_correct_seed42,1.0,refine_global_to_mixture,0.0533
m5_correct_seed42,1.0,refine_taxonomy_to_mixture,0.045
m5_correct_seed42,1.0,refine_global_to_taxonomy,0.0084
m5_correct_seed42,1.0,forget_global_w1_to_here,0.0
m5_correct_seed42,1.0,forget_taxonomy_w1_to_here,0.0
m5_correct_seed42,1.0,forget_mixture_w1_to_here,0.0
m5_correct_seed42,0.999,refine_global_to_best,0.0684
m5_correct_seed42,0.999,refine_global_to_mixture,0.0684
m5_correct_seed42,0.999,refine_taxonomy_to_mixture,0.0604
m5_correct_seed42,0.999,refine_global_to_taxonomy,0.0079
m5_correct_seed42,0.999,forget_global_w1_to_here,1.5465
m5_correct_seed42,0.999,forget_taxonomy_w1_to_here,1.546
m5_correct_seed42,0.999,forget_mixture_w1_to_here,1.5613
m5_correct_seed42,0.997,refine_global_to_best,0.1532
m5_correct_seed42,0.997,refine_global_to_mixture,0.1532
m5_correct_seed42,0.997,refine_taxonomy_to_mixture,0.1399
m5_correct_seed42,0.997,refine_global_to_taxonomy,0.0133
m5_correct_seed42,0.997,forget_global_w1_to_here,3.9118
m5_correct_seed42,0.997,forget_taxonomy_w1_to_here,3.9166
m5_correct_seed42,0.997,forget_mixture_w1_to_here,4.0078
m5_correct_seed42,0.995,refine_global_to_best,0.0977
m5_correct_seed42,0.995,refine_global_to_mixture,0.0977
m5_correct_seed42,0.995,refine_taxonomy_to_mixture,0.0632
m5_correct_seed42,0.995,refine_global_to_taxonomy,0.0345
m5_correct_seed42,0.995,forget_global_w1_to_here,5.5515
m5_correct_seed42,0.995,forget_taxonomy_w1_to_here,5.5762
m5_correct_seed42,0.995,forget_mixture_w1_to_here,5.5934
m5_correct_seed42,0.99,refine_global_to_best,0.2214
m5_correct_seed42,0.99,refine_global_to_mixture,0.2214
m5_correct_seed42,0.99,refine_taxonomy_to_mixture,0.1705
m5_correct_seed42,0.99,refine_global_to_taxonomy,0.051
m5_correct_seed42,0.99,forget_global_w1_to_here,7.5159
m5_correct_seed42,0.99,forget_taxonomy_w1_to_here,7.5554
m5_correct_seed42,0.99,forget_mixture_w1_to_here,7.6715
m5_correct_seed42,0.98,refine_global_to_best,0.2305
m5_correct_seed42,0.98,refine_global_to_mixture,0.2305
m5_correct_seed42,0.98,refine_taxonomy_to_mixture,0.1449
m5_correct_seed42,0.98,refine_global_to_taxonomy,0.0858
m5_correct_seed42,0.98,forget_global_w1_to_here,8.7474
m5_correct_seed42,0.98,forget_taxonomy_w1_to_here,8.818
m5_correct_seed42,0.98,forget_mixture_w1_to_here,8.9092
m5_correct_seed42,0.95,refine_global_to_best,0.9288
m5_correct_seed42,0.95,refine_global_to_mixture,0.9288
m5_correct_seed42,0.95,refine_taxonomy_to_mixture,0.7982
m5_correct_seed42,0.95,refine_global_to_taxonomy,0.1316
m5_correct_seed42,0.95,forget_global_w1_to_here,8.9537
m5_correct_seed42,0.95,forget_taxonomy_w1_to_here,9.0659
m5_correct_seed42,0.95,forget_mixture_w1_to_here,9.7511
m5_correct_seed42,0.9,refine_global_to_best,4.6181
m5_correct_seed42,0.9,refine_global_to_mixture,4.6181
m5_correct_seed42,0.9,refine_taxonomy_to_mixture,4.2757
m5_correct_seed42,0.9,refine_global_to_taxonomy,0.3577
m5_correct_seed42,0.9,forget_global_w1_to_here,8.0862
m5_correct_seed42,0.9,forget_taxonomy_w1_to_here,8.4073
m5_correct_seed42,0.9,forget_mixture_w1_to_here,12.2841
m5_correct_seed43,1.0,refine_global_to_best,0.0373
m5_correct_seed43,1.0,refine_global_to_mixture,0.0373
m5_correct_seed43,1.0,refine_taxonomy_to_mixture,0.0331
m5_correct_seed43,1.0,refine_global_to_taxonomy,0.0042
m5_correct_seed43,1.0,forget_global_w1_to_here,0.0
m5_correct_seed43,1.0,forget_taxonomy_w1_to_here,0.0
m5_correct_seed43,1.0,forget_mixture_w1_to_here,0.0
m5_correct_seed43,0.999,refine_global_to_best,0.109
m5_correct_seed43,0.999,refine_global_to_mixture,0.109
m5_correct_seed43,0.999,refine_taxonomy_to_mixture,0.0974
m5_correct_seed43,0.999,refine_global_to_taxonomy,0.0116
m5_correct_seed43,0.999,forget_global_w1_to_here,2.0345
m5_correct_seed43,0.999,forget_taxonomy_w1_to_here,2.0418
m5_correct_seed43,0.999,forget_mixture_w1_to_here,2.1047
m5_correct_seed43,0.997,refine_global_to_best,0.1762
m5_correct_seed43,0.997,refine_global_to_mixture,0.1762
m5_correct_seed43,0.997,refine_taxonomy_to_mixture,0.1547
m5_correct_seed43,0.997,refine_global_to_taxonomy,0.0215
m5_correct_seed43,0.997,forget_global_w1_to_here,5.4526
m5_correct_seed43,0.997,forget_taxonomy_w1_to_here,5.469
m5_correct_seed43,0.997,forget_mixture_w1_to_here,5.584
m5_correct_seed43,0.995,refine_global_to_best,0.2337
m5_correct_seed43,0.995,refine_global_to_mixture,0.2337
m5_correct_seed43,0.995,refine_taxonomy_to_mixture,0.2082
m5_correct_seed43,0.995,refine_global_to_taxonomy,0.0255
m5_correct_seed43,0.995,forget_global_w1_to_here,7.5596
m5_correct_seed43,0.995,forget_taxonomy_w1_to_here,7.5793
m5_correct_seed43,0.995,forget_mixture_w1_to_here,7.7412
m5_correct_seed43,0.99,refine_global_to_best,0.2595
m5_correct_seed43,0.99,refine_global_to_mixture,0.2595
m5_correct_seed43,0.99,refine_taxonomy_to_mixture,0.2194
m5_correct_seed43,0.99,refine_global_to_taxonomy,0.0402
m5_correct_seed43,0.99,forget_global_w1_to_here,10.2311
m5_correct_seed43,0.99,forget_taxonomy_w1_to_here,10.2635
m5_correct_seed43,0.99,forget_mixture_w1_to_here,10.4307
m5_correct_seed43,0.98,refine_global_to_best,0.4812
m5_correct_seed43,0.98,refine_global_to_mixture,0.4812
m5_correct_seed43,0.98,refine_taxonomy_to_mixture,0.4579
m5_correct_seed43,0.98,refine_global_to_taxonomy,0.0234
m5_correct_seed43,0.98,forget_global_w1_to_here,11.4537
m5_correct_seed43,0.98,forget_taxonomy_w1_to_here,11.4707
m5_correct_seed43,0.98,forget_mixture_w1_to_here,11.8469
m5_correct_seed43,0.95,refine_global_to_best,1.1565
m5_correct_seed43,0.95,refine_global_to_mixture,1.1565
m5_correct_seed43,0.95,refine_taxonomy_to_mixture,1.1386
m5_correct_seed43,0.95,refine_global_to_taxonomy,0.0181
m5_correct_seed43,0.95,forget_global_w1_to_here,11.6934
m5_correct_seed43,0.95,forget_taxonomy_w1_to_here,11.7057
m5_correct_seed43,0.95,forget_mixture_w1_to_here,12.682
m5_correct_seed43,0.9,refine_global_to_best,2.4328
m5_correct_seed43,0.9,refine_global_to_mixture,2.4328
m5_correct_seed43,0.9,refine_taxonomy_to_mixture,2.4389
m5_correct_seed43,0.9,refine_global_to_taxonomy,-0.0063
m5_correct_seed43,0.9,forget_global_w1_to_here,11.0103
m5_correct_seed43,0.9,forget_taxonomy_w1_to_here,11.001
m5_correct_seed43,0.9,forget_mixture_w1_to_here,13.1428
m5_correct_seed44,1.0,refine_global_to_best,0.0291
m5_correct_seed44,1.0,refine_global_to_mixture,0.0291
m5_correct_seed44,1.0,refine_taxonomy_to_mixture,0.0237
m5_correct_seed44,1.0,refine_global_to_taxonomy,0.0055
m5_correct_seed44,1.0,forget_global_w1_to_here,0.0
m5_correct_seed44,1.0,forget_taxonomy_w1_to_here,0.0
m5_correct_seed44,1.0,forget_mixture_w1_to_here,0.0
m5_correct_seed44,0.999,refine_global_to_best,0.0423
m5_correct_seed44,0.999,refine_global_to_mixture,0.0423
m5_correct_seed44,0.999,refine_taxonomy_to_mixture,0.0291
m5_correct_seed44,0.999,refine_global_to_taxonomy,0.0132
m5_correct_seed44,0.999,forget_global_w1_to_here,1.9772
m5_correct_seed44,0.999,forget_taxonomy_w1_to_here,1.9847
m5_correct_seed44,0.999,forget_mixture_w1_to_here,1.99
m5_correct_seed44,0.997,refine_global_to_best,0.142
m5_correct_seed44,0.997,refine_global_to_mixture,0.142
m5_correct_seed44,0.997,refine_taxonomy_to_mixture,0.1084
m5_correct_seed44,0.997,refine_global_to_taxonomy,0.0336
m5_correct_seed44,0.997,forget_global_w1_to_here,5.2529
m5_correct_seed44,0.997,forget_taxonomy_w1_to_here,5.2796
m5_correct_seed44,0.997,forget_mixture_w1_to_here,5.3599
m5_correct_seed44,0.995,refine_global_to_best,0.2028
m5_correct_seed44,0.995,refine_global_to_mixture,0.2028
m5_correct_seed44,0.995,refine_taxonomy_to_mixture,0.1721
m5_correct_seed44,0.995,refine_global_to_taxonomy,0.0308
m5_correct_seed44,0.995,forget_global_w1_to_here,7.4465
m5_correct_seed44,0.995,forget_taxonomy_w1_to_here,7.4699
m5_correct_seed44,0.995,forget_mixture_w1_to_here,7.6073
m5_correct_seed44,0.99,refine_global_to_best,0.3194
m5_correct_seed44,0.99,refine_global_to_mixture,0.3194
m5_correct_seed44,0.99,refine_taxonomy_to_mixture,0.2772
m5_correct_seed44,0.99,refine_global_to_taxonomy,0.0423
m5_correct_seed44,0.99,forget_global_w1_to_here,10.1098
m5_correct_seed44,0.99,forget_taxonomy_w1_to_here,10.143
m5_correct_seed44,0.99,forget_mixture_w1_to_here,10.3709
m5_correct_seed44,0.98,refine_global_to_best,0.6883
m5_correct_seed44,0.98,refine_global_to_mixture,0.6883
m5_correct_seed44,0.98,refine_taxonomy_to_mixture,0.6642
m5_correct_seed44,0.98,refine_global_to_taxonomy,0.0242
m5_correct_seed44,0.98,forget_global_w1_to_here,11.3165
m5_correct_seed44,0.98,forget_taxonomy_w1_to_here,11.3331
m5_correct_seed44,0.98,forget_mixture_w1_to_here,11.9012
m5_correct_seed44,0.95,refine_global_to_best,1.2132
m5_correct_seed44,0.95,refine_global_to_mixture,1.2132
m5_correct_seed44,0.95,refine_taxonomy_to_mixture,1.1119
m5_correct_seed44,0.95,refine_global_to_taxonomy,0.1025
m5_correct_seed44,0.95,forget_global_w1_to_here,11.8372
m5_correct_seed44,0.95,forget_taxonomy_w1_to_here,11.9228
m5_correct_seed44,0.95,forget_mixture_w1_to_here,12.8815
m5_correct_seed44,0.9,refine_global_to_best,1.7855
m5_correct_seed44,0.9,refine_global_to_mixture,1.7855
m5_correct_seed44,0.9,refine_taxonomy_to_mixture,1.7377
m5_correct_seed44,0.9,refine_global_to_taxonomy,0.0486
m5_correct_seed44,0.9,forget_global_w1_to_here,10.9658
m5_correct_seed44,0.9,forget_taxonomy_w1_to_here,11.0043
m5_correct_seed44,0.9,forget_mixture_w1_to_here,12.5301
m5_legacy_thirdsplit,1.0,refine_global_to_best,0.0815
m5_legacy_thirdsplit,1.0,refine_global_to_mixture,0.0815
m5_legacy_thirdsplit,1.0,refine_taxonomy_to_mixture,0.0617
m5_legacy_thirdsplit,1.0,refine_global_to_taxonomy,0.0198
m5_legacy_thirdsplit,1.0,forget_global_w1_to_here,0.0
m5_legacy_thirdsplit,1.0,forget_taxonomy_w1_to_here,0.0
m5_legacy_thirdsplit,1.0,forget_mixture_w1_to_here,0.0
m5_legacy_thirdsplit,0.999,refine_global_to_best,0.1757
m5_legacy_thirdsplit,0.999,refine_global_to_mixture,0.1757
m5_legacy_thirdsplit,0.999,refine_taxonomy_to_mixture,0.1316
m5_legacy_thirdsplit,0.999,refine_global_to_taxonomy,0.0441
m5_legacy_thirdsplit,0.999,forget_global_w1_to_here,0.7455
m5_legacy_thirdsplit,0.999,forget_taxonomy_w1_to_here,0.7697
m5_legacy_thirdsplit,0.999,forget_mixture_w1_to_here,0.8391
m5_legacy_thirdsplit,0.997,refine_global_to_best,0.2103
m5_legacy_thirdsplit,0.997,refine_global_to_mixture,0.2103
m5_legacy_thirdsplit,0.997,refine_taxonomy_to_mixture,0.1617
m5_legacy_thirdsplit,0.997,refine_global_to_taxonomy,0.0486
m5_legacy_thirdsplit,0.997,forget_global_w1_to_here,2.655
m5_legacy_thirdsplit,0.997,forget_taxonomy_w1_to_here,2.683
m5_legacy_thirdsplit,0.997,forget_mixture_w1_to_here,2.7804
m5_legacy_thirdsplit,0.995,refine_global_to_best,0.3962
m5_legacy_thirdsplit,0.995,refine_global_to_mixture,0.3962
m5_legacy_thirdsplit,0.995,refine_taxonomy_to_mixture,0.2399
m5_legacy_thirdsplit,0.995,refine_global_to_taxonomy,0.1567
m5_legacy_thirdsplit,0.995,forget_global_w1_to_here,4.6219
m5_legacy_thirdsplit,0.995,forget_taxonomy_w1_to_here,4.7525
m5_legacy_thirdsplit,0.995,forget_mixture_w1_to_here,4.9222
m5_legacy_thirdsplit,0.99,refine_global_to_best,0.4719
m5_legacy_thirdsplit,0.99,refine_global_to_mixture,0.4719
m5_legacy_thirdsplit,0.99,refine_taxonomy_to_mixture,0.3685
m5_legacy_thirdsplit,0.99,refine_global_to_taxonomy,0.1037
m5_legacy_thirdsplit,0.99,forget_global_w1_to_here,7.7051
m5_legacy_thirdsplit,0.99,forget_taxonomy_w1_to_here,7.7826
m5_legacy_thirdsplit,0.99,forget_mixture_w1_to_here,8.0657
m5_legacy_thirdsplit,0.98,refine_global_to_best,0.7925
m5_legacy_thirdsplit,0.98,refine_global_to_mixture,0.7925
m5_legacy_thirdsplit,0.98,refine_taxonomy_to_mixture,0.6613
m5_legacy_thirdsplit,0.98,refine_global_to_taxonomy,0.1321
m5_legacy_thirdsplit,0.98,forget_global_w1_to_here,11.0572
m5_legacy_thirdsplit,0.98,forget_taxonomy_w1_to_here,11.1571
m5_legacy_thirdsplit,0.98,forget_mixture_w1_to_here,11.6901
m5_legacy_thirdsplit,0.95,refine_global_to_best,1.4579
m5_legacy_thirdsplit,0.95,refine_global_to_mixture,1.4579
m5_legacy_thirdsplit,0.95,refine_taxonomy_to_mixture,0.9401
m5_legacy_thirdsplit,0.95,refine_global_to_taxonomy,0.5228
m5_legacy_thirdsplit,0.95,forget_global_w1_to_here,13.8461
m5_legacy_thirdsplit,0.95,forget_taxonomy_w1_to_here,14.2795
m5_legacy_thirdsplit,0.95,forget_mixture_w1_to_here,15.0329
m5_legacy_thirdsplit,0.9,refine_global_to_best,5.1152
m5_legacy_thirdsplit,0.9,refine_global_to_mixture,5.1152
m5_legacy_thirdsplit,0.9,refine_taxonomy_to_mixture,4.6932
m5_legacy_thirdsplit,0.9,refine_global_to_taxonomy,0.4428
m5_legacy_thirdsplit,0.9,forget_global_w1_to_here,14.8324
m5_legacy_thirdsplit,0.9,forget_taxonomy_w1_to_here,15.1927
m5_legacy_thirdsplit,0.9,forget_mixture_w1_to_here,19.123
m5_thirdsplit_seed43,1.0,refine_global_to_best,0.0785
m5_thirdsplit_seed43,1.0,refine_global_to_mixture,0.0785
m5_thirdsplit_seed43,1.0,refine_taxonomy_to_mixture,0.0654
m5_thirdsplit_seed43,1.0,refine_global_to_taxonomy,0.0132
m5_thirdsplit_seed43,1.0,forget_global_w1_to_here,0.0
m5_thirdsplit_seed43,1.0,forget_taxonomy_w1_to_here,0.0
m5_thirdsplit_seed43,1.0,forget_mixture_w1_to_here,0.0
m5_thirdsplit_seed43,0.999,refine_global_to_best,0.1265
m5_thirdsplit_seed43,0.999,refine_global_to_mixture,0.1265
m5_thirdsplit_seed43,0.999,refine_taxonomy_to_mixture,0.0888
m5_thirdsplit_seed43,0.999,refine_global_to_taxonomy,0.0377
m5_thirdsplit_seed43,0.999,forget_global_w1_to_here,0.6251
m5_thirdsplit_seed43,0.999,forget_taxonomy_w1_to_here,0.6495
m5_thirdsplit_seed43,0.999,forget_mixture_w1_to_here,0.6728
m5_thirdsplit_seed43,0.997,refine_global_to_best,0.1619
m5_thirdsplit_seed43,0.997,refine_global_to_mixture,0.1619
m5_thirdsplit_seed43,0.997,refine_taxonomy_to_mixture,0.1117
m5_thirdsplit_seed43,0.997,refine_global_to_taxonomy,0.0503
m5_thirdsplit_seed43,0.997,forget_global_w1_to_here,1.9569
m5_thirdsplit_seed43,0.997,forget_taxonomy_w1_to_here,1.9933
m5_thirdsplit_seed43,0.997,forget_mixture_w1_to_here,2.0387
m5_thirdsplit_seed43,0.995,refine_global_to_best,0.2543
m5_thirdsplit_seed43,0.995,refine_global_to_mixture,0.2543
m5_thirdsplit_seed43,0.995,refine_taxonomy_to_mixture,0.1658
m5_thirdsplit_seed43,0.995,refine_global_to_taxonomy,0.0887
m5_thirdsplit_seed43,0.995,forget_global_w1_to_here,3.2537
m5_thirdsplit_seed43,0.995,forget_taxonomy_w1_to_here,3.3268
m5_thirdsplit_seed43,0.995,forget_mixture_w1_to_here,3.4239
m5_thirdsplit_seed43,0.99,refine_global_to_best,0.2542
m5_thirdsplit_seed43,0.99,refine_global_to_mixture,0.2542
m5_thirdsplit_seed43,0.99,refine_taxonomy_to_mixture,0.2161
m5_thirdsplit_seed43,0.99,refine_global_to_taxonomy,0.0382
m5_thirdsplit_seed43,0.99,forget_global_w1_to_here,5.4571
m5_thirdsplit_seed43,0.99,forget_taxonomy_w1_to_here,5.4808
m5_thirdsplit_seed43,0.99,forget_mixture_w1_to_here,5.6233
m5_thirdsplit_seed43,0.98,refine_global_to_best,0.264
m5_thirdsplit_seed43,0.98,refine_global_to_mixture,0.264
m5_thirdsplit_seed43,0.98,refine_taxonomy_to_mixture,0.2344
m5_thirdsplit_seed43,0.98,refine_global_to_taxonomy,0.0296
m5_thirdsplit_seed43,0.98,forget_global_w1_to_here,7.7191
m5_thirdsplit_seed43,0.98,forget_taxonomy_w1_to_here,7.7343
m5_thirdsplit_seed43,0.98,forget_mixture_w1_to_here,7.8903
m5_thirdsplit_seed43,0.95,refine_global_to_best,1.7894
m5_thirdsplit_seed43,0.95,refine_global_to_mixture,1.7894
m5_thirdsplit_seed43,0.95,refine_taxonomy_to_mixture,1.6066
m5_thirdsplit_seed43,0.95,refine_global_to_taxonomy,0.1858
m5_thirdsplit_seed43,0.95,forget_global_w1_to_here,9.4058
m5_thirdsplit_seed43,0.95,forget_taxonomy_w1_to_here,9.5622
m5_thirdsplit_seed43,0.95,forget_mixture_w1_to_here,10.9569
m5_thirdsplit_seed43,0.9,refine_global_to_best,6.1642
m5_thirdsplit_seed43,0.9,refine_global_to_mixture,6.1642
m5_thirdsplit_seed43,0.9,refine_taxonomy_to_mixture,4.8905
m5_thirdsplit_seed43,0.9,refine_global_to_taxonomy,1.3393
m5_thirdsplit_seed43,0.9,forget_global_w1_to_here,11.2283
m5_thirdsplit_seed43,0.9,forget_taxonomy_w1_to_here,12.4056
m5_thirdsplit_seed43,0.9,forget_mixture_w1_to_here,16.6349
m5_thirdsplit_seed44,1.0,refine_global_to_best,0.0746
m5_thirdsplit_seed44,1.0,refine_global_to_mixture,0.0746
m5_thirdsplit_seed44,1.0,refine_taxonomy_to_mixture,0.0589
m5_thirdsplit_seed44,1.0,refine_global_to_taxonomy,0.0157
m5_thirdsplit_seed44,1.0,forget_global_w1_to_here,0.0
m5_thirdsplit_seed44,1.0,forget_taxonomy_w1_to_here,0.0
m5_thirdsplit_seed44,1.0,forget_mixture_w1_to_here,0.0
m5_thirdsplit_seed44,0.999,refine_global_to_best,0.149
m5_thirdsplit_seed44,0.999,refine_global_to_mixture,0.149
m5_thirdsplit_seed44,0.999,refine_taxonomy_to_mixture,0.1142
m5_thirdsplit_seed44,0.999,refine_global_to_taxonomy,0.0348
m5_thirdsplit_seed44,0.999,forget_global_w1_to_here,0.7177
m5_thirdsplit_seed44,0.999,forget_taxonomy_w1_to_here,0.7367
m5_thirdsplit_seed44,0.999,forget_mixture_w1_to_here,0.7916
m5_thirdsplit_seed44,0.997,refine_global_to_best,0.1756
m5_thirdsplit_seed44,0.997,refine_global_to_mixture,0.1756
m5_thirdsplit_seed44,0.997,refine_taxonomy_to_mixture,0.117
m5_thirdsplit_seed44,0.997,refine_global_to_taxonomy,0.0587
m5_thirdsplit_seed44,0.997,forget_global_w1_to_here,2.2529
m5_thirdsplit_seed44,0.997,forget_taxonomy_w1_to_here,2.2949
m5_thirdsplit_seed44,0.997,forget_mixture_w1_to_here,2.3517
m5_thirdsplit_seed44,0.995,refine_global_to_best,0.2864
m5_thirdsplit_seed44,0.995,refine_global_to_mixture,0.2864
m5_thirdsplit_seed44,0.995,refine_taxonomy_to_mixture,0.1928
m5_thirdsplit_seed44,0.995,refine_global_to_taxonomy,0.0938
m5_thirdsplit_seed44,0.995,forget_global_w1_to_here,3.7495
m5_thirdsplit_seed44,0.995,forget_taxonomy_w1_to_here,3.8247
m5_thirdsplit_seed44,0.995,forget_mixture_w1_to_here,3.9535
m5_thirdsplit_seed44,0.99,refine_global_to_best,0.3503
m5_thirdsplit_seed44,0.99,refine_global_to_mixture,0.3503
m5_thirdsplit_seed44,0.99,refine_taxonomy_to_mixture,0.2891
m5_thirdsplit_seed44,0.99,refine_global_to_taxonomy,0.0614
m5_thirdsplit_seed44,0.99,forget_global_w1_to_here,6.0368
m5_thirdsplit_seed44,0.99,forget_taxonomy_w1_to_here,6.0797
m5_thirdsplit_seed44,0.99,forget_mixture_w1_to_here,6.2961
m5_thirdsplit_seed44,0.98,refine_global_to_best,0.6165
m5_thirdsplit_seed44,0.98,refine_global_to_mixture,0.6165
m5_thirdsplit_seed44,0.98,refine_taxonomy_to_mixture,0.5538
m5_thirdsplit_seed44,0.98,refine_global_to_taxonomy,0.063
m5_thirdsplit_seed44,0.98,forget_global_w1_to_here,8.0215
m5_thirdsplit_seed44,0.98,forget_taxonomy_w1_to_here,8.0651
m5_thirdsplit_seed44,0.98,forget_mixture_w1_to_here,8.5203
m5_thirdsplit_seed44,0.95,refine_global_to_best,2.2025
m5_thirdsplit_seed44,0.95,refine_global_to_mixture,2.2025
m5_thirdsplit_seed44,0.95,refine_taxonomy_to_mixture,1.4429
m5_thirdsplit_seed44,0.95,refine_global_to_taxonomy,0.7707
m5_thirdsplit_seed44,0.95,forget_global_w1_to_here,10.0848
m5_thirdsplit_seed44,0.95,forget_taxonomy_w1_to_here,10.7638
m5_thirdsplit_seed44,0.95,forget_mixture_w1_to_here,11.9996
m5_thirdsplit_seed44,0.9,refine_global_to_best,5.7171
m5_thirdsplit_seed44,0.9,refine_global_to_mixture,5.7171
m5_thirdsplit_seed44,0.9,refine_taxonomy_to_mixture,4.6967
m5_thirdsplit_seed44,0.9,refine_global_to_taxonomy,1.0707
m5_thirdsplit_seed44,0.9,forget_global_w1_to_here,12.5142
m5_thirdsplit_seed44,0.9,forget_taxonomy_w1_to_here,13.4373
m5_thirdsplit_seed44,0.9,forget_mixture_w1_to_here,17.4543
or_legacy,1.0,refine_global_to_best,0.7218
or_legacy,1.0,refine_global_to_mixture,0.7218
or_legacy,1.0,refine_taxonomy_to_mixture,0.6943
or_legacy,1.0,refine_global_to_taxonomy,0.0277
or_legacy,1.0,forget_global_w1_to_here,0.0
or_legacy,1.0,forget_taxonomy_w1_to_here,0.0
or_legacy,1.0,forget_mixture_w1_to_here,0.0
or_legacy,0.999,refine_global_to_best,0.6472
or_legacy,0.999,refine_global_to_mixture,0.6472
or_legacy,0.999,refine_taxonomy_to_mixture,0.6333
or_legacy,0.999,refine_global_to_taxonomy,0.014
or_legacy,0.999,forget_global_w1_to_here,0.1184
or_legacy,0.999,forget_taxonomy_w1_to_here,0.1048
or_legacy,0.999,forget_mixture_w1_to_here,0.0434
or_legacy,0.997,refine_global_to_best,0.6068
or_legacy,0.997,refine_global_to_mixture,0.6068
or_legacy,0.997,refine_taxonomy_to_mixture,0.5961
or_legacy,0.997,refine_global_to_taxonomy,0.0108
or_legacy,0.997,forget_global_w1_to_here,0.2859
or_legacy,0.997,forget_taxonomy_w1_to_here,0.269
or_legacy,0.997,forget_mixture_w1_to_here,0.1704
or_legacy,0.995,refine_global_to_best,0.575
or_legacy,0.995,refine_global_to_mixture,0.575
or_legacy,0.995,refine_taxonomy_to_mixture,0.5532
or_legacy,0.995,refine_global_to_taxonomy,0.022
or_legacy,0.995,forget_global_w1_to_here,0.4343
or_legacy,0.995,forget_taxonomy_w1_to_here,0.4286
or_legacy,0.995,forget_mixture_w1_to_here,0.2871
or_legacy,0.99,refine_global_to_best,0.4449
or_legacy,0.99,refine_global_to_mixture,0.4449
or_legacy,0.99,refine_taxonomy_to_mixture,0.4158
or_legacy,0.99,refine_global_to_taxonomy,0.0291
or_legacy,0.99,forget_global_w1_to_here,0.7529
or_legacy,0.99,forget_taxonomy_w1_to_here,0.7544
or_legacy,0.99,forget_mixture_w1_to_here,0.4761
or_legacy,0.98,refine_global_to_best,0.2912
or_legacy,0.98,refine_global_to_mixture,0.2912
or_legacy,0.98,refine_taxonomy_to_mixture,0.2757
or_legacy,0.98,refine_global_to_taxonomy,0.0156
or_legacy,0.98,forget_global_w1_to_here,1.1581
or_legacy,0.98,forget_taxonomy_w1_to_here,1.1462
or_legacy,0.98,forget_mixture_w1_to_here,0.7295
or_legacy,0.95,refine_global_to_best,0.0589
or_legacy,0.95,refine_global_to_mixture,0.0589
or_legacy,0.95,refine_taxonomy_to_mixture,0.0184
or_legacy,0.95,refine_global_to_taxonomy,0.0405
or_legacy,0.95,forget_global_w1_to_here,1.1769
or_legacy,0.95,forget_taxonomy_w1_to_here,1.1895
or_legacy,0.95,forget_mixture_w1_to_here,0.517
or_legacy,0.9,refine_global_to_best,0.8068
or_legacy,0.9,refine_global_to_mixture,0.8068
or_legacy,0.9,refine_taxonomy_to_mixture,0.5598
or_legacy,0.9,refine_global_to_taxonomy,0.2484
or_legacy,0.9,forget_global_w1_to_here,-0.1635
or_legacy,0.9,forget_taxonomy_w1_to_here,0.0576
or_legacy,0.9,forget_mixture_w1_to_here,-0.0778
raf_legacy,1.0,refine_global_to_best,0.1481
raf_legacy,1.0,refine_global_to_mixture,0.0329
raf_legacy,1.0,refine_taxonomy_to_mixture,-0.1154
raf_legacy,1.0,refine_global_to_taxonomy,0.1481
raf_legacy,1.0,forget_global_w1_to_here,0.0
raf_legacy,1.0,forget_taxonomy_w1_to_here,0.0
raf_legacy,1.0,forget_mixture_w1_to_here,0.0
raf_legacy,0.999,refine_global_to_best,0.0423
raf_legacy,0.999,refine_global_to_mixture,0.0423
raf_legacy,0.999,refine_taxonomy_to_mixture,0.3227
raf_legacy,0.999,refine_global_to_taxonomy,-0.2813
raf_legacy,0.999,forget_global_w1_to_here,0.1693
raf_legacy,0.999,forget_taxonomy_w1_to_here,-0.26
raf_legacy,0.999,forget_mixture_w1_to_here,0.1787
raf_legacy,0.997,refine_global_to_best,0.0403
raf_legacy,0.997,refine_global_to_mixture,0.0403
raf_legacy,0.997,refine_taxonomy_to_mixture,0.0137
raf_legacy,0.997,refine_global_to_taxonomy,0.0266
raf_legacy,0.997,forget_global_w1_to_here,0.199
raf_legacy,0.997,forget_taxonomy_w1_to_here,0.0775
raf_legacy,0.997,forget_mixture_w1_to_here,0.2064
raf_legacy,0.995,refine_global_to_best,0.1035
raf_legacy,0.995,refine_global_to_mixture,0.1035
raf_legacy,0.995,refine_taxonomy_to_mixture,0.2523
raf_legacy,0.995,refine_global_to_taxonomy,-0.1492
raf_legacy,0.995,forget_global_w1_to_here,0.0999
raf_legacy,0.995,forget_taxonomy_w1_to_here,-0.1975
raf_legacy,0.995,forget_mixture_w1_to_here,0.1705
raf_legacy,0.99,refine_global_to_best,0.0606
raf_legacy,0.99,refine_global_to_mixture,0.0606
raf_legacy,0.99,refine_taxonomy_to_mixture,0.2545
raf_legacy,0.99,refine_global_to_taxonomy,-0.1945
raf_legacy,0.99,forget_global_w1_to_here,0.0999
raf_legacy,0.99,forget_taxonomy_w1_to_here,-0.2428
raf_legacy,0.99,forget_mixture_w1_to_here,0.1276
raf_legacy,0.98,refine_global_to_best,0.0173
raf_legacy,0.98,refine_global_to_mixture,0.0173
raf_legacy,0.98,refine_taxonomy_to_mixture,0.0173
raf_legacy,0.98,refine_global_to_taxonomy,0.0
raf_legacy,0.98,forget_global_w1_to_here,0.0999
raf_legacy,0.98,forget_taxonomy_w1_to_here,-0.0482
raf_legacy,0.98,forget_mixture_w1_to_here,0.0844
raf_legacy,0.95,refine_global_to_best,0.0
raf_legacy,0.95,refine_global_to_mixture,0.0
raf_legacy,0.95,refine_taxonomy_to_mixture,0.0
raf_legacy,0.95,refine_global_to_taxonomy,0.0
raf_legacy,0.95,forget_global_w1_to_here,0.0999
raf_legacy,0.95,forget_taxonomy_w1_to_here,-0.0483
raf_legacy,0.95,forget_mixture_w1_to_here,0.067
raf_legacy,0.9,refine_global_to_best,6.998
raf_legacy,0.9,refine_global_to_mixture,6.998
raf_legacy,0.9,refine_taxonomy_to_mixture,0.0
raf_legacy,0.9,refine_global_to_taxonomy,6.998
raf_legacy,0.9,forget_global_w1_to_here,-7.4171
raf_legacy,0.9,forget_taxonomy_w1_to_here,-0.0483
raf_legacy,0.9,forget_mixture_w1_to_here,0.067
t1_corrected_auto,1.0,refine_global_to_best,-0.4396
t1_corrected_auto,1.0,refine_global_to_mixture,-1.7311
t1_corrected_auto,1.0,refine_taxonomy_to_mixture,-1.2858
t1_corrected_auto,1.0,refine_global_to_taxonomy,-0.4396
t1_corrected_auto,1.0,forget_global_w1_to_here,0.0
t1_corrected_auto,1.0,forget_taxonomy_w1_to_here,0.0
t1_corrected_auto,1.0,forget_mixture_w1_to_here,0.0
t1_corrected_auto,0.999,refine_global_to_best,-0.6926
t1_corrected_auto,0.999,refine_global_to_mixture,-2.2191
t1_corrected_auto,0.999,refine_taxonomy_to_mixture,-1.516
t1_corrected_auto,0.999,refine_global_to_taxonomy,-0.6926
t1_corrected_auto,0.999,forget_global_w1_to_here,-0.043
t1_corrected_auto,0.999,forget_taxonomy_w1_to_here,-0.295
t1_corrected_auto,0.999,forget_mixture_w1_to_here,-0.523
t1_corrected_auto,0.997,refine_global_to_best,-0.6933
t1_corrected_auto,0.997,refine_global_to_mixture,-2.2355
t1_corrected_auto,0.997,refine_taxonomy_to_mixture,-1.5316
t1_corrected_auto,0.997,refine_global_to_taxonomy,-0.6933
t1_corrected_auto,0.997,forget_global_w1_to_here,-0.0396
t1_corrected_auto,0.997,forget_taxonomy_w1_to_here,-0.2923
t1_corrected_auto,0.997,forget_mixture_w1_to_here,-0.5357
t1_corrected_auto,0.995,refine_global_to_best,-0.6936
t1_corrected_auto,0.995,refine_global_to_mixture,-2.2514
t1_corrected_auto,0.995,refine_taxonomy_to_mixture,-1.5471
t1_corrected_auto,0.995,refine_global_to_taxonomy,-0.6936
t1_corrected_auto,0.995,forget_global_w1_to_here,-0.0373
t1_corrected_auto,0.995,forget_taxonomy_w1_to_here,-0.2902
t1_corrected_auto,0.995,forget_mixture_w1_to_here,-0.5489
t1_corrected_auto,0.99,refine_global_to_best,-0.3058
t1_corrected_auto,0.99,refine_global_to_mixture,-1.7625
t1_corrected_auto,0.99,refine_taxonomy_to_mixture,-1.4523
t1_corrected_auto,0.99,refine_global_to_taxonomy,-0.3058
t1_corrected_auto,0.99,forget_global_w1_to_here,0.05
t1_corrected_auto,0.99,forget_taxonomy_w1_to_here,0.1831
t1_corrected_auto,0.99,forget_mixture_w1_to_here,0.019
t1_corrected_auto,0.98,refine_global_to_best,-0.8525
t1_corrected_auto,0.98,refine_global_to_mixture,-2.0252
t1_corrected_auto,0.98,refine_taxonomy_to_mixture,-1.1628
t1_corrected_auto,0.98,refine_global_to_taxonomy,-0.8525
t1_corrected_auto,0.98,forget_global_w1_to_here,-0.0916
t1_corrected_auto,0.98,forget_taxonomy_w1_to_here,-0.503
t1_corrected_auto,0.98,forget_mixture_w1_to_here,-0.381
t1_corrected_auto,0.95,refine_global_to_best,-1.3703
t1_corrected_auto,0.95,refine_global_to_mixture,-2.0698
t1_corrected_auto,0.95,refine_taxonomy_to_mixture,-0.69
t1_corrected_auto,0.95,refine_global_to_taxonomy,-1.3703
t1_corrected_auto,0.95,forget_global_w1_to_here,-0.1973
t1_corrected_auto,0.95,forget_taxonomy_w1_to_here,-1.1258
t1_corrected_auto,0.95,forget_mixture_w1_to_here,-0.531
t1_corrected_auto,0.9,refine_global_to_best,-0.1132
t1_corrected_auto,0.9,refine_global_to_mixture,-2.004
t1_corrected_auto,0.9,refine_taxonomy_to_mixture,-1.8887
t1_corrected_auto,0.9,refine_global_to_taxonomy,-0.1132
t1_corrected_auto,0.9,forget_global_w1_to_here,-1.091
t1_corrected_auto,0.9,forget_taxonomy_w1_to_here,-0.7625
t1_corrected_auto,0.9,forget_mixture_w1_to_here,-1.3623
t1_corrected_carparts,1.0,refine_global_to_best,-0.0362
t1_corrected_carparts,1.0,refine_global_to_mixture,-1.3441
t1_corrected_carparts,1.0,refine_taxonomy_to_mixture,-1.3074
t1_corrected_carparts,1.0,refine_global_to_taxonomy,-0.0362
t1_corrected_carparts,1.0,forget_global_w1_to_here,0.0
t1_corrected_carparts,1.0,forget_taxonomy_w1_to_here,0.0
t1_corrected_carparts,1.0,forget_mixture_w1_to_here,0.0
t1_corrected_carparts,0.999,refine_global_to_best,-0.35
t1_corrected_carparts,0.999,refine_global_to_mixture,-3.0141
t1_corrected_carparts,0.999,refine_taxonomy_to_mixture,-2.6548
t1_corrected_carparts,0.999,refine_global_to_taxonomy,-0.35
t1_corrected_carparts,0.999,forget_global_w1_to_here,-0.0621
t1_corrected_carparts,0.999,forget_taxonomy_w1_to_here,-0.376
t1_corrected_carparts,0.999,forget_mixture_w1_to_here,-1.711
t1_corrected_carparts,0.997,refine_global_to_best,-0.0058
t1_corrected_carparts,0.997,refine_global_to_mixture,-3.3249
t1_corrected_carparts,0.997,refine_taxonomy_to_mixture,-3.3189
t1_corrected_carparts,0.997,refine_global_to_taxonomy,-0.0058
t1_corrected_carparts,0.997,forget_global_w1_to_here,0.3753
t1_corrected_carparts,0.997,forget_taxonomy_w1_to_here,0.4056
t1_corrected_carparts,0.997,forget_mixture_w1_to_here,-1.5719
t1_corrected_carparts,0.995,refine_global_to_best,-0.0022
t1_corrected_carparts,0.995,refine_global_to_mixture,-3.0773
t1_corrected_carparts,0.995,refine_taxonomy_to_mixture,-3.075
t1_corrected_carparts,0.995,refine_global_to_taxonomy,-0.0022
t1_corrected_carparts,0.995,forget_global_w1_to_here,0.5751
t1_corrected_carparts,0.995,forget_taxonomy_w1_to_here,0.6089
t1_corrected_carparts,0.995,forget_mixture_w1_to_here,-1.1252
t1_corrected_carparts,0.99,refine_global_to_best,0.0572
t1_corrected_carparts,0.99,refine_global_to_mixture,-3.8832
t1_corrected_carparts,0.99,refine_taxonomy_to_mixture,-3.9426
t1_corrected_carparts,0.99,refine_global_to_taxonomy,0.0572
t1_corrected_carparts,0.99,forget_global_w1_to_here,0.9957
t1_corrected_carparts,0.99,forget_taxonomy_w1_to_here,1.0881
t1_corrected_carparts,0.99,forget_mixture_w1_to_here,-1.4848
t1_corrected_carparts,0.98,refine_global_to_best,0.0265
t1_corrected_carparts,0.98,refine_global_to_mixture,-4.4983
t1_corrected_carparts,0.98,refine_taxonomy_to_mixture,-4.5259
t1_corrected_carparts,0.98,refine_global_to_taxonomy,0.0265
t1_corrected_carparts,0.98,forget_global_w1_to_here,1.702
t1_corrected_carparts,0.98,forget_taxonomy_w1_to_here,1.7636
t1_corrected_carparts,0.98,forget_mixture_w1_to_here,-1.3573
t1_corrected_carparts,0.95,refine_global_to_best,-0.0635
t1_corrected_carparts,0.95,refine_global_to_mixture,-6.5161
t1_corrected_carparts,0.95,refine_taxonomy_to_mixture,-6.4484
t1_corrected_carparts,0.95,refine_global_to_taxonomy,-0.0635
t1_corrected_carparts,0.95,forget_global_w1_to_here,4.8923
t1_corrected_carparts,0.95,forget_taxonomy_w1_to_here,4.8664
t1_corrected_carparts,0.95,forget_mixture_w1_to_here,0.0387
t1_corrected_carparts,0.9,refine_global_to_best,-0.0821
t1_corrected_carparts,0.9,refine_global_to_mixture,-5.2438
t1_corrected_carparts,0.9,refine_taxonomy_to_mixture,-5.1574
t1_corrected_carparts,0.9,refine_global_to_taxonomy,-0.0821
t1_corrected_carparts,0.9,forget_global_w1_to_here,6.4984
t1_corrected_carparts,0.9,forget_taxonomy_w1_to_here,6.4555
t1_corrected_carparts,0.9,forget_mixture_w1_to_here,2.9005
t1_corrected_m5,1.0,refine_global_to_best,0.0265
t1_corrected_m5,1.0,refine_global_to_mixture,0.0265
t1_corrected_m5,1.0,refine_taxonomy_to_mixture,0.0106
t1_corrected_m5,1.0,refine_global_to_taxonomy,0.0159
t1_corrected_m5,1.0,forget_global_w1_to_here,0.0
t1_corrected_m5,1.0,forget_taxonomy_w1_to_here,0.0
t1_corrected_m5,1.0,forget_mixture_w1_to_here,0.0
t1_corrected_m5,0.999,refine_global_to_best,0.0255
t1_corrected_m5,0.999,refine_global_to_mixture,0.0175
t1_corrected_m5,0.999,refine_taxonomy_to_mixture,-0.0079
t1_corrected_m5,0.999,refine_global_to_taxonomy,0.0255
t1_corrected_m5,0.999,forget_global_w1_to_here,1.5465
t1_corrected_m5,0.999,forget_taxonomy_w1_to_here,1.5559
t1_corrected_m5,0.999,forget_mixture_w1_to_here,1.5377
t1_corrected_m5,0.997,refine_global_to_best,0.038
t1_corrected_m5,0.997,refine_global_to_mixture,0.0243
t1_corrected_m5,0.997,refine_taxonomy_to_mixture,-0.0137
t1_corrected_m5,0.997,refine_global_to_taxonomy,0.038
t1_corrected_m5,0.997,forget_global_w1_to_here,3.9118
t1_corrected_m5,0.997,forget_taxonomy_w1_to_here,3.933
t1_corrected_m5,0.997,forget_mixture_w1_to_here,3.9096
t1_corrected_m5,0.995,refine_global_to_best,0.0949
t1_corrected_m5,0.995,refine_global_to_mixture,0.0812
t1_corrected_m5,0.995,refine_taxonomy_to_mixture,-0.0137
t1_corrected_m5,0.995,refine_global_to_taxonomy,0.0949
t1_corrected_m5,0.995,forget_global_w1_to_here,5.5515
t1_corrected_m5,0.995,forget_taxonomy_w1_to_here,5.6261
t1_corrected_m5,0.995,forget_mixture_w1_to_here,5.6032
t1_corrected_m5,0.99,refine_global_to_best,0.1633
t1_corrected_m5,0.99,refine_global_to_mixture,0.1633
t1_corrected_m5,0.99,refine_taxonomy_to_mixture,0.0516
t1_corrected_m5,0.99,refine_global_to_taxonomy,0.1117
t1_corrected_m5,0.99,forget_global_w1_to_here,7.5159
t1_corrected_m5,0.99,forget_taxonomy_w1_to_here,7.6046
t1_corrected_m5,0.99,forget_mixture_w1_to_here,7.6425
t1_corrected_m5,0.98,refine_global_to_best,0.265
t1_corrected_m5,0.98,refine_global_to_mixture,0.265
t1_corrected_m5,0.98,refine_taxonomy_to_mixture,0.0399
t1_corrected_m5,0.98,refine_global_to_taxonomy,0.2252
t1_corrected_m5,0.98,forget_global_w1_to_here,8.7474
t1_corrected_m5,0.98,forget_taxonomy_w1_to_here,8.9385
t1_corrected_m5,0.98,forget_mixture_w1_to_here,8.9652
t1_corrected_m5,0.95,refine_global_to_best,0.5796
t1_corrected_m5,0.95,refine_global_to_mixture,0.5796
t1_corrected_m5,0.95,refine_taxonomy_to_mixture,0.425
t1_corrected_m5,0.95,refine_global_to_taxonomy,0.1553
t1_corrected_m5,0.95,forget_global_w1_to_here,8.9537
t1_corrected_m5,0.95,forget_taxonomy_w1_to_here,9.0806
t1_corrected_m5,0.95,forget_mixture_w1_to_here,9.4574
t1_corrected_m5,0.9,refine_global_to_best,0.8472
t1_corrected_m5,0.9,refine_global_to_mixture,0.8472
t1_corrected_m5,0.9,refine_taxonomy_to_mixture,0.5158
t1_corrected_m5,0.9,refine_global_to_taxonomy,0.3331
t1_corrected_m5,0.9,forget_global_w1_to_here,8.0862
t1_corrected_m5,0.9,forget_taxonomy_w1_to_here,8.3778
t1_corrected_m5,0.9,forget_mixture_w1_to_here,8.8408
t1_corrected_online_retail,1.0,refine_global_to_best,-0.0293
t1_corrected_online_retail,1.0,refine_global_to_mixture,-0.1485
t1_corrected_online_retail,1.0,refine_taxonomy_to_mixture,-0.1192
t1_corrected_online_retail,1.0,refine_global_to_taxonomy,-0.0293
t1_corrected_online_retail,1.0,forget_global_w1_to_here,0.0
t1_corrected_online_retail,1.0,forget_taxonomy_w1_to_here,0.0
t1_corrected_online_retail,1.0,forget_mixture_w1_to_here,0.0
t1_corrected_online_retail,0.999,refine_global_to_best,-0.0314
t1_corrected_online_retail,0.999,refine_global_to_mixture,-0.152
t1_corrected_online_retail,0.999,refine_taxonomy_to_mixture,-0.1206
t1_corrected_online_retail,0.999,refine_global_to_taxonomy,-0.0314
t1_corrected_online_retail,0.999,forget_global_w1_to_here,0.1184
t1_corrected_online_retail,0.999,forget_taxonomy_w1_to_here,0.1163
t1_corrected_online_retail,0.999,forget_mixture_w1_to_here,0.1149
t1_corrected_online_retail,0.997,refine_global_to_best,-0.0408
t1_corrected_online_retail,0.997,refine_global_to_mixture,-0.2137
t1_corrected_online_retail,0.997,refine_taxonomy_to_mixture,-0.1728
t1_corrected_online_retail,0.997,refine_global_to_taxonomy,-0.0408
t1_corrected_online_retail,0.997,forget_global_w1_to_here,0.2859
t1_corrected_online_retail,0.997,forget_taxonomy_w1_to_here,0.2744
t1_corrected_online_retail,0.997,forget_mixture_w1_to_here,0.221
t1_corrected_online_retail,0.995,refine_global_to_best,-0.0341
t1_corrected_online_retail,0.995,refine_global_to_mixture,-0.2667
t1_corrected_online_retail,0.995,refine_taxonomy_to_mixture,-0.2326
t1_corrected_online_retail,0.995,refine_global_to_taxonomy,-0.0341
t1_corrected_online_retail,0.995,forget_global_w1_to_here,0.4343
t1_corrected_online_retail,0.995,forget_taxonomy_w1_to_here,0.4296
t1_corrected_online_retail,0.995,forget_mixture_w1_to_here,0.3168
t1_corrected_online_retail,0.99,refine_global_to_best,-0.0314
t1_corrected_online_retail,0.99,refine_global_to_mixture,-0.3935
t1_corrected_online_retail,0.99,refine_taxonomy_to_mixture,-0.362
t1_corrected_online_retail,0.99,refine_global_to_taxonomy,-0.0314
t1_corrected_online_retail,0.99,forget_global_w1_to_here,0.7529
t1_corrected_online_retail,0.99,forget_taxonomy_w1_to_here,0.7508
t1_corrected_online_retail,0.99,forget_mixture_w1_to_here,0.5101
t1_corrected_online_retail,0.98,refine_global_to_best,-0.0572
t1_corrected_online_retail,0.98,refine_global_to_mixture,-0.5799
t1_corrected_online_retail,0.98,refine_taxonomy_to_mixture,-0.5224
t1_corrected_online_retail,0.98,refine_global_to_taxonomy,-0.0572
t1_corrected_online_retail,0.98,forget_global_w1_to_here,1.1581
t1_corrected_online_retail,0.98,forget_taxonomy_w1_to_here,1.1306
t1_corrected_online_retail,0.98,forget_mixture_w1_to_here,0.7324
t1_corrected_online_retail,0.95,refine_global_to_best,-0.0511
t1_corrected_online_retail,0.95,refine_global_to_mixture,-0.5089
t1_corrected_online_retail,0.95,refine_taxonomy_to_mixture,-0.4576
t1_corrected_online_retail,0.95,refine_global_to_taxonomy,-0.0511
t1_corrected_online_retail,0.95,forget_global_w1_to_here,1.1769
t1_corrected_online_retail,0.95,forget_taxonomy_w1_to_here,1.1553
t1_corrected_online_retail,0.95,forget_mixture_w1_to_here,0.8212
t1_corrected_online_retail,0.9,refine_global_to_best,0.1808
t1_corrected_online_retail,0.9,refine_global_to_mixture,0.1808
t1_corrected_online_retail,0.9,refine_taxonomy_to_mixture,0.0867
t1_corrected_online_retail,0.9,refine_global_to_taxonomy,0.0941
t1_corrected_online_retail,0.9,forget_global_w1_to_here,-0.1635
t1_corrected_online_retail,0.9,forget_taxonomy_w1_to_here,-0.0399
t1_corrected_online_retail,0.9,forget_mixture_w1_to_here,0.1658
t1_corrected_raf,1.0,refine_global_to_best,0.1164
t1_corrected_raf,1.0,refine_global_to_mixture,0.0182
t1_corrected_raf,1.0,refine_taxonomy_to_mixture,-0.0984
t1_corrected_raf,1.0,refine_global_to_taxonomy,0.1164
t1_corrected_raf,1.0,forget_global_w1_to_here,0.0
t1_corrected_raf,1.0,forget_taxonomy_w1_to_here,0.0
t1_corrected_raf,1.0,forget_mixture_w1_to_here,0.0
t1_corrected_raf,0.999,refine_global_to_best,0.0359
t1_corrected_raf,0.999,refine_global_to_mixture,0.0359
t1_corrected_raf,0.999,refine_taxonomy_to_mixture,0.0067
t1_corrected_raf,0.999,refine_global_to_taxonomy,0.0293
t1_corrected_raf,0.999,forget_global_w1_to_here,0.1693
t1_corrected_raf,0.999,forget_taxonomy_w1_to_here,0.0822
t1_corrected_raf,0.999,forget_mixture_w1_to_here,0.187
t1_corrected_raf,0.997,refine_global_to_best,0.0274
t1_corrected_raf,0.997,refine_global_to_mixture,0.0274
t1_corrected_raf,0.997,refine_taxonomy_to_mixture,0.0178
t1_corrected_raf,0.997,refine_global_to_taxonomy,0.0096
t1_corrected_raf,0.997,forget_global_w1_to_here,0.199
t1_corrected_raf,0.997,forget_taxonomy_w1_to_here,0.0922
t1_corrected_raf,0.997,forget_mixture_w1_to_here,0.2082
t1_corrected_raf,0.995,refine_global_to_best,0.0307
t1_corrected_raf,0.995,refine_global_to_mixture,0.0307
t1_corrected_raf,0.995,refine_taxonomy_to_mixture,0.0291
t1_corrected_raf,0.995,refine_global_to_taxonomy,0.0016
t1_corrected_raf,0.995,forget_global_w1_to_here,0.0999
t1_corrected_raf,0.995,forget_taxonomy_w1_to_here,-0.0149
t1_corrected_raf,0.995,forget_mixture_w1_to_here,0.1125
t1_corrected_raf,0.99,refine_global_to_best,0.0342
t1_corrected_raf,0.99,refine_global_to_mixture,0.0261
t1_corrected_raf,0.99,refine_taxonomy_to_mixture,-0.0081
t1_corrected_raf,0.99,refine_global_to_taxonomy,0.0342
t1_corrected_raf,0.99,forget_global_w1_to_here,0.0999
t1_corrected_raf,0.99,forget_taxonomy_w1_to_here,0.0177
t1_corrected_raf,0.99,forget_mixture_w1_to_here,0.1079
t1_corrected_raf,0.98,refine_global_to_best,-0.0042
t1_corrected_raf,0.98,refine_global_to_mixture,-0.0042
t1_corrected_raf,0.98,refine_taxonomy_to_mixture,0.4418
t1_corrected_raf,0.98,refine_global_to_taxonomy,-0.448
t1_corrected_raf,0.98,forget_global_w1_to_here,0.0999
t1_corrected_raf,0.98,forget_taxonomy_w1_to_here,-0.4646
t1_corrected_raf,0.98,forget_mixture_w1_to_here,0.0776
t1_corrected_raf,0.95,refine_global_to_best,0.0
t1_corrected_raf,0.95,refine_global_to_mixture,-0.9629
t1_corrected_raf,0.95,refine_taxonomy_to_mixture,-0.9629
t1_corrected_raf,0.95,refine_global_to_taxonomy,0.0
t1_corrected_raf,0.95,forget_global_w1_to_here,0.0999
t1_corrected_raf,0.95,forget_taxonomy_w1_to_here,-0.0165
t1_corrected_raf,0.95,forget_mixture_w1_to_here,-0.8803
t1_corrected_raf,0.9,refine_global_to_best,6.998
t1_corrected_raf,0.9,refine_global_to_mixture,6.998
t1_corrected_raf,0.9,refine_taxonomy_to_mixture,0.0
t1_corrected_raf,0.9,refine_global_to_taxonomy,6.998
t1_corrected_raf,0.9,forget_global_w1_to_here,-7.4171
t1_corrected_raf,0.9,forget_taxonomy_w1_to_here,-0.0165
t1_corrected_raf,0.9,forget_mixture_w1_to_here,0.0818
