case,arm,mae,pinball,brier_occurrence,log_size_mse,nll,median_lambda_size,median_n_pos_eff,T,median_n_pos,hyper_mu_rmse,hyper_tau_rmse
extreme,global-estimated,5.20125501242536,2.0957524640341907,0.07076193543340288,0.2527611278298725,1.875033517596338,0.9974586179903087,154.5,400,154.5,,
extreme,oracle-labels+estimated-hypers,5.199215268885183,2.095627914118354,0.07069893760346299,0.2524760073031559,1.8743049426154186,0.9153909697070706,154.5,400,154.5,0.0362650594361963,0.005683737578448
extreme,oracle-labels+true-hypers,5.200477545652953,2.0956721083674608,0.07070103543199523,0.2525006536269861,1.8743433996483783,0.9051724137931034,154.5,400,154.5,0.0,0.0
extreme,true-predictive,5.19485455438259,2.093112811895293,0.07057837300067638,0.25161720219586226,1.8720461193090865,,,400,154.5,,
extreme,global-estimated,5.1780852912815645,2.0795889342357956,0.07170043249274567,0.26139194577459834,1.8911421951006941,0.9899202264052827,23.5,60,23.5,,
extreme,oracle-labels+estimated-hypers,5.155180625769765,2.07839000625765,0.07067215956014299,0.24704864431777965,1.8809079188568467,0.6831116948959982,23.5,60,23.5,0.029390244604299134,0.006389200923604856
extreme,oracle-labels+true-hypers,5.159594418613029,2.0783778292693174,0.0706593697435697,0.24706636355252878,1.8808488178807365,0.7183794466403162,23.5,60,23.5,0.0,0.0
extreme,true-predictive,5.106180252548883,2.0562365654536725,0.07047469289177939,0.24183100456564027,1.8720299186168499,,,60,23.5,,
extreme,global-estimated,5.351507498208677,2.1302778819047075,0.07194519305904142,0.34250946029513957,1.9244915584745321,0.9791249700629097,10.0,25,10.0,,
extreme,oracle-labels+estimated-hypers,5.233993417398135,2.119699883694599,0.07022903618931278,0.25509172125241264,1.8972906451365883,0.36271262672357596,10.0,25,10.0,0.005729835608599702,0.0358385292323901
extreme,oracle-labels+true-hypers,5.239976679451317,2.1194509069865695,0.07022777326425855,0.25547702893326596,1.8976388008598997,0.6031746031746031,10.0,25,10.0,0.0,0.0
extreme,true-predictive,5.162410162323033,2.0823984095804287,0.0698205717350457,0.2437498910871821,1.8823090711681847,,,25,10.0,,
extreme,global-estimated,5.636052216965025,2.203305651249976,0.07568320369727113,0.3795094103744773,1.9561177382268895,0.9615575890671038,4.5,12,4.5,,
extreme,oracle-labels+estimated-hypers,5.357325917429202,2.1696306638895995,0.07003505262018994,0.25805610135847445,1.9056638350989958,0.29724168307782883,4.5,12,4.5,0.08501186118259245,0.030282613664984203
extreme,oracle-labels+true-hypers,5.353100569817268,2.1683357391070155,0.07001547890431299,0.25684705054192103,1.9046924057224712,0.4602272727272727,4.5,12,4.5,0.0,0.0
extreme,true-predictive,5.234191391033727,2.110067455081489,0.0696166776343516,0.24325770451042228,1.8890383133387476,,,12,4.5,,
