case,arm,mae,pinball,brier_occurrence,log_size_mse,nll,separation,discount,T,rep,median_n_pos,hyper_mu_rmse,hyper_tau_rmse
grid,global-estimated,2.2262649576039206,0.8064358146778583,0.12376217735620865,1.10576757763061,0.8112356830610893,0.5,1.0,120,0,22.5,,
grid,oracle-labels+estimated-hypers,2.239526269897067,0.8093773998590571,0.12335938991717478,1.1027155198633147,0.8086867682500266,0.5,1.0,120,0,22.5,0.08044399649812035,0.019307665498600544
grid,oracle-labels+true-hypers,2.3662582627490933,0.827377863421561,0.12897173116130867,1.099288828841481,0.8225801471248209,0.5,1.0,120,0,22.5,0.0,0.0
grid,true-predictive,1.8471489814371944,0.7741149788956687,0.11611661081606436,1.062615287480084,0.7855947084454032,0.5,1.0,120,0,22.5,,
grid,global-estimated,2.077354214286322,0.7445738362725626,0.1273267618017592,0.9772703988305569,0.8368316591144379,0.5,1.0,120,1,24.5,,
grid,oracle-labels+estimated-hypers,2.086601314537966,0.7468818504388195,0.12732792074467922,0.9750045939405687,0.8360060454191148,0.5,1.0,120,1,24.5,0.07551030572269368,0.025928626672428744
grid,oracle-labels+true-hypers,2.1964814596099256,0.7589303126452459,0.1314315117779848,0.9730244576792025,0.8464960725962712,0.5,1.0,120,1,24.5,0.0,0.0
grid,true-predictive,1.7229231916822279,0.7203466514462432,0.12025348231165664,0.9396215496248917,0.8124168120140782,0.5,1.0,120,1,24.5,,
grid,global-estimated,2.2053377263934544,0.7627952057796408,0.12812228723760316,1.0221739495545854,0.8293280037358679,0.5,1.0,120,2,22.5,,
grid,oracle-labels+estimated-hypers,2.218698146024665,0.7679531937428992,0.1275617782821022,1.009854280701955,0.8264450542357399,0.5,1.0,120,2,22.5,0.07831340175211475,0.029518191997098337
grid,oracle-labels+true-hypers,2.326061570631129,0.7829076547241944,0.13276126067817948,1.0063839001249195,0.8390002418813297,0.5,1.0,120,2,22.5,0.0,0.0
grid,true-predictive,1.7986971701932815,0.7253404319513735,0.11947496359353425,0.965649675244927,0.8009230233451088,0.5,1.0,120,2,22.5,,
grid,global-estimated,2.0976687013881024,0.6987661355024671,0.1302006652384254,0.9181513145984385,0.8495634653682708,0.5,1.0,30,0,7.0,,
grid,oracle-labels+estimated-hypers,2.112006681575749,0.7036119230316659,0.12921736417665836,0.876190575584356,0.8422424914034928,0.5,1.0,30,0,7.0,0.04638627220616124,0.0637474558604149
grid,oracle-labels+true-hypers,2.265277379383038,0.7332825383186595,0.1375434159935443,0.8746839019435098,0.8606696399800987,0.5,1.0,30,0,7.0,0.0,0.0
grid,true-predictive,1.664035804025549,0.6733212154436073,0.12108185718563273,0.8348948570117978,0.8142434499128248,0.5,1.0,30,0,7.0,,
grid,global-estimated,2.21548898292876,0.8102193957347564,0.12801755583559402,1.224341539611757,0.8420130474929596,0.5,1.0,30,1,5.5,,
grid,oracle-labels+estimated-hypers,2.2154244508255037,0.8039421147106584,0.12629552332356964,1.173711337911276,0.8308662257707078,0.5,1.0,30,1,5.5,0.1617237368164617,0.07149887378320455
grid,oracle-labels+true-hypers,2.4311063458858255,0.8360798980312295,0.1366470942235931,1.1764980468223134,0.856016642142305,0.5,1.0,30,1,5.5,0.0,0.0
grid,true-predictive,1.8269571584947601,0.7654263481808447,0.11728720545203816,1.0652255334988334,0.7992747532411522,0.5,1.0,30,1,5.5,,
grid,global-estimated,1.9955723489797867,0.7247045748686904,0.1306627302428964,1.0849399933313073,0.8640532643142141,0.5,1.0,30,2,5.0,,
grid,oracle-labels+estimated-hypers,2.0057950787643715,0.7230705053474382,0.12914918829697916,1.0345447375910501,0.8533011505311786,0.5,1.0,30,2,5.0,0.07657804628368362,0.06500222651359579
grid,oracle-labels+true-hypers,2.239767688955414,0.7540151773757092,0.1385453718222443,1.0249545264125,0.8750325943903803,0.5,1.0,30,2,5.0,0.0,0.0
grid,true-predictive,1.6892450813599504,0.7031835117749327,0.12415844424664925,0.9719396006548181,0.8340424202734804,0.5,1.0,30,2,5.0,,
grid,global-estimated,2.1918823912625265,0.9560326107983844,0.1205496977016245,1.3229204973449282,0.8257993483422587,0.5,0.95,120,0,24.0,,
grid,oracle-labels+estimated-hypers,2.1575948740211675,0.9524420283623495,0.11961606709539889,1.28090204706552,0.8199848657526748,0.5,0.95,120,0,24.0,0.03814797595075788,0.129803977072617
grid,oracle-labels+true-hypers,2.6227657844430654,0.9966171918086709,0.13681947942912204,1.2201380618648654,0.8570088204713641,0.5,0.95,120,0,24.0,0.0,0.0
grid,true-predictive,2.070593361946071,0.9448380924138898,0.11787046075727568,1.158780795429561,0.8063452486811713,0.5,0.95,120,0,24.0,,
grid,global-estimated,1.7728675561969844,0.6747066755094147,0.11745322840123652,1.073486187869928,0.8006587353435793,0.5,0.95,120,1,21.5,,
grid,oracle-labels+estimated-hypers,1.75348913748655,0.6702566645424014,0.11657038770023617,1.0753249365709965,0.7937862270786371,0.5,0.95,120,1,21.5,0.04032081987087237,0.13351276923332245
grid,oracle-labels+true-hypers,2.195401074640764,0.7129936347468249,0.13153203784274498,1.0294656114960845,0.8304199499841959,0.5,0.95,120,1,21.5,0.0,0.0
grid,true-predictive,1.6774854896149312,0.6619395975446621,0.11541455217701004,0.9167408531693714,0.7790422257046142,0.5,0.95,120,1,21.5,,
grid,global-estimated,1.9688397820919803,0.7957935605701824,0.11867936187313897,1.190868653399029,0.8245310780512376,0.5,0.95,120,2,23.0,,
grid,oracle-labels+estimated-hypers,1.9492034395090736,0.7870840904530206,0.11689197057046893,1.167848039196412,0.8162066662404394,0.5,0.95,120,2,23.0,0.15084178369311926,0.13547066174237857
grid,oracle-labels+true-hypers,2.376641206004228,0.8262337313839062,0.13297643781036964,1.1182601500210871,0.8528093930222627,0.5,0.95,120,2,23.0,0.0,0.0
grid,true-predictive,1.8238103652364093,0.7769567479474598,0.11592781840876368,1.0403835598179119,0.8023386728895083,0.5,0.95,120,2,23.0,,
grid,global-estimated,2.0462838498071148,0.7374288121389663,0.12294864986685088,1.155774833599738,0.8192560141129702,0.5,0.95,30,0,6.5,,
grid,oracle-labels+estimated-hypers,1.983072548160306,0.7261680304453825,0.11986740171009945,1.0725915699467847,0.7982461385071482,0.5,0.95,30,0,6.5,0.030132577156570285,0.12305071854992924
grid,oracle-labels+true-hypers,2.3551398440314895,0.7787064156827458,0.13790458032688604,1.0447937929874405,0.841431343002044,0.5,0.95,30,0,6.5,0.0,0.0
grid,true-predictive,1.7689112029363223,0.7134018927382766,0.11402639680489257,0.9804276796974949,0.7771421628872626,0.5,0.95,30,0,6.5,,
grid,global-estimated,1.8116057504796175,0.6335065102609473,0.12819133534185692,0.9907388985346409,0.8313356354809195,0.5,0.95,30,1,6.0,,
grid,oracle-labels+estimated-hypers,1.839915215355318,0.6548136475080016,0.13290633905387123,0.9909161106806814,0.8443305538265419,0.5,0.95,30,1,6.0,0.10742245003378845,0.13831047787953255
grid,oracle-labels+true-hypers,2.216724095962307,0.7022452796398438,0.14755202487110983,0.9459444006914514,0.8691076456086939,0.5,0.95,30,1,6.0,0.0,0.0
grid,true-predictive,1.6085352603764158,0.6308935005182889,0.12575966904447194,0.8997065140093922,0.8143071303347372,0.5,0.95,30,1,6.0,,
grid,global-estimated,2.0265440770988943,0.7402380985173671,0.12672725675203705,1.1239807392346557,0.8454154426074029,0.5,0.95,30,2,6.0,,
grid,oracle-labels+estimated-hypers,2.004424945384725,0.7610826885687721,0.12770790328215503,1.116217991067574,0.8434514811479161,0.5,0.95,30,2,6.0,0.11203557975789831,0.12677461377881002
grid,oracle-labels+true-hypers,2.366461064230614,0.8036691919593637,0.1419364170245661,1.0763858497559051,0.8743567002513178,0.5,0.95,30,2,6.0,0.0,0.0
grid,true-predictive,1.7215979698204544,0.7274477003526535,0.12280773739604249,1.0030799183955412,0.8192210157411798,0.5,0.95,30,2,6.0,,
grid,global-estimated,1.8373990797302375,0.7068521584805948,0.12562954861266545,1.241036770048185,0.8509631733888505,0.5,0.9,120,0,23.5,,
grid,oracle-labels+estimated-hypers,1.8537795475125636,0.676357949540181,0.1220373798597738,0.9757800463635953,0.825398364266821,0.5,0.9,120,0,23.5,0.12403931392366732,0.149999
grid,oracle-labels+true-hypers,2.297003813846547,0.7264960065299361,0.1390700131860961,0.9356168021525989,0.8569035803725628,0.5,0.9,120,0,23.5,0.0,0.0
grid,true-predictive,1.6949199357174045,0.6646025350815038,0.12118183797957834,0.9028171982547504,0.8081843762911831,0.5,0.9,120,0,23.5,,
grid,global-estimated,1.661922511106011,0.6831343324054873,0.12042651857164445,1.253504188746966,0.818341478441861,0.5,0.9,120,1,23.0,,
grid,oracle-labels+estimated-hypers,1.687270792675819,0.6647846755974759,0.11782586849212455,1.1234514725098084,0.8027247727456018,0.5,0.9,120,1,23.0,0.09689774542539162,0.149999
grid,oracle-labels+true-hypers,2.2463714441615488,0.7240932846109349,0.13724812208050205,1.0735394730318166,0.8430813343522856,0.5,0.9,120,1,23.0,0.0,0.0
grid,true-predictive,1.6217479977393667,0.6520649334900126,0.11679347014111316,0.9426686257377808,0.7818639932763045,0.5,0.9,120,1,23.0,,
grid,global-estimated,1.8170388042088574,0.774364286687815,0.12356025374065227,1.3487065052419964,0.851305763585137,0.5,0.9,120,2,24.0,,
grid,oracle-labels+estimated-hypers,1.8224713541097044,0.7502374957167514,0.12193909198950495,1.1609304215455811,0.8397537469933083,0.5,0.9,120,2,24.0,0.07088226749365203,0.149999
grid,oracle-labels+true-hypers,2.3572384504061805,0.794508160017133,0.14009225886735333,1.1046865439449542,0.8723585232961748,0.5,0.9,120,2,24.0,0.0,0.0
grid,true-predictive,1.7412219057306508,0.7334394878227888,0.12029935134223668,0.9744009920077024,0.8140204527039299,0.5,0.9,120,2,24.0,,
grid,global-estimated,2.3108731529688638,0.9488910985418535,0.12643252322537565,1.368772939077658,0.887320320475798,0.5,0.9,30,0,6.0,,
grid,oracle-labels+estimated-hypers,2.336973405481257,0.9413058108863112,0.12692839209211007,1.1842717187376275,0.8743221034401483,0.5,0.9,30,0,6.0,0.06455996516471924,0.13612111113051006
grid,oracle-labels+true-hypers,2.6124805156793913,0.9745636463625004,0.13913749492183333,1.14818544351005,0.9012693225674846,0.5,0.9,30,0,6.0,0.0,0.0
grid,true-predictive,2.027686750679348,0.9150459548418604,0.1234773006729304,1.0286287082276617,0.8498032533067055,0.5,0.9,30,0,6.0,,
grid,global-estimated,1.7051979064643918,0.6258148575691173,0.1270294865125766,1.2410635003807413,0.8506948051547015,0.5,0.9,30,1,6.0,,
grid,oracle-labels+estimated-hypers,1.6678004493270986,0.595816492340576,0.1242159196596419,1.0220578064187216,0.8268446948109877,0.5,0.9,30,1,6.0,0.0597121740857797,0.149999
grid,oracle-labels+true-hypers,2.10616471219433,0.640606495903666,0.13990530179974928,0.9508001755769897,0.8576859839212925,0.5,0.9,30,1,6.0,0.0,0.0
grid,true-predictive,1.5459856442351338,0.5880364817027055,0.12380350011364054,0.868347620799605,0.8081378362420817,0.5,0.9,30,1,6.0,,
grid,global-estimated,1.9249712538649855,0.7718229431573578,0.13245035293770563,1.4587840713490505,0.9032082798325215,0.5,0.9,30,2,5.0,,
grid,oracle-labels+estimated-hypers,1.9941549549666213,0.7483159229946403,0.13152678749940122,1.1979836175916059,0.8807686133121856,0.5,0.9,30,2,5.0,0.07784602834906229,0.149999
grid,oracle-labels+true-hypers,2.325634594640582,0.7799952436105752,0.1461271499325054,1.1346386385581926,0.9082316564735001,0.5,0.9,30,2,5.0,0.0,0.0
grid,true-predictive,1.7205447593927732,0.7326770418316076,0.12774195108854397,1.031886259735694,0.8561390098984837,0.5,0.9,30,2,5.0,,
grid,global-estimated,3.604610176806833,1.356635961747838,0.1310884270398442,1.1038847881896212,0.92500970544957,1.0,1.0,120,0,23.0,,
grid,oracle-labels+estimated-hypers,3.624108076162162,1.3535962757216173,0.13050673557257017,1.0885763440862704,0.9217822748947926,1.0,1.0,120,0,23.0,0.05510322505213965,0.04388904453773694
grid,oracle-labels+true-hypers,3.8037294814209446,1.3775732921353077,0.1348150569780205,1.0879535725195795,0.9327303901488012,1.0,1.0,120,0,23.0,0.0,0.0
grid,true-predictive,3.071520177111099,1.3244375820606356,0.1253391155873447,1.0722378267454813,0.9051332965287086,1.0,1.0,120,0,23.0,,
grid,global-estimated,3.798595953993706,1.5115062651843538,0.12936919717141684,1.0194858406786889,0.9143836795070445,1.0,1.0,120,1,23.0,,
grid,oracle-labels+estimated-hypers,3.8232579817108117,1.5110638195982788,0.1292592733319347,1.0130795139079678,0.913017073409617,1.0,1.0,120,1,23.0,0.05026090779050582,0.04819585183483975
grid,oracle-labels+true-hypers,4.012818735395758,1.528587983061823,0.13387730837207965,1.0101959036649377,0.9243457417923825,1.0,1.0,120,1,23.0,0.0,0.0
grid,true-predictive,3.3108949286200833,1.5014229739087996,0.1241301802955816,1.005120263276366,0.896861391583707,1.0,1.0,120,1,23.0,,
grid,global-estimated,3.4831115789966782,1.2246109183849518,0.12922013640765231,1.0249109528378844,0.8787914293767466,1.0,1.0,120,2,22.5,,
grid,oracle-labels+estimated-hypers,3.5083629731710264,1.2246829912676733,0.12878343007521137,1.0133911008193577,0.8761522378675489,1.0,1.0,120,2,22.5,0.022686141186644575,0.03974058955177656
grid,oracle-labels+true-hypers,3.693477116975861,1.2502577331415776,0.1337378410927548,1.0127988770230383,0.8883973203850014,1.0,1.0,120,2,22.5,0.0,0.0
grid,true-predictive,2.91965020311316,1.1692938538202415,0.1207836904864784,0.9759500841448866,0.8532223465497264,1.0,1.0,120,2,22.5,,
grid,global-estimated,3.194807389837932,1.0982316574086233,0.13186140142731012,1.0062046621760146,0.8957543291596389,1.0,1.0,30,0,6.0,,
grid,oracle-labels+estimated-hypers,3.2274619656968797,1.0964694231785328,0.13108250833632182,0.9150057437607265,0.8842747866124456,1.0,1.0,30,0,6.0,0.06628096401036061,0.026987182161846382
grid,oracle-labels+true-hypers,3.552324994056456,1.1555460115443108,0.13872774949734093,0.9155344739934542,0.90282084942916,1.0,1.0,30,0,6.0,0.0,0.0
grid,true-predictive,2.6720147422001457,1.0720272435693536,0.12306058157518199,0.8714644412105219,0.8570937305985907,1.0,1.0,30,0,6.0,,
grid,global-estimated,3.6816550114307987,1.3524838422728007,0.12593872325647398,1.307116102737447,0.8618842184190062,1.0,1.0,30,1,6.0,,
grid,oracle-labels+estimated-hypers,3.754609824714775,1.3660289266558296,0.12514413626908108,1.220432572140416,0.8530426277382971,1.0,1.0,30,1,6.0,0.031055419220779288,0.11523675310113977
grid,oracle-labels+true-hypers,4.099978213355992,1.4236069809229095,0.13575446060913962,1.2327293043604959,0.8804997414737284,1.0,1.0,30,1,6.0,0.0,0.0
grid,true-predictive,2.98347461719724,1.284900925737321,0.11527785174953907,1.1976300211639996,0.8275680580318601,1.0,1.0,30,1,6.0,,
grid,global-estimated,3.3833420783880843,1.061911514989507,0.1256726950789821,1.1336329529938851,0.822260108951246,1.0,1.0,30,2,6.0,,
grid,oracle-labels+estimated-hypers,3.436264865203155,1.0808127257319007,0.12528539800259597,1.0519209886936922,0.8152182097366574,1.0,1.0,30,2,6.0,0.13272952482910125,0.06684869968478838
grid,oracle-labels+true-hypers,3.771658862776498,1.1553539072482704,0.1364342341505476,1.0358891253784441,0.8394350193408759,1.0,1.0,30,2,6.0,0.0,0.0
grid,true-predictive,2.696665988612068,0.9721801712310871,0.11265652277989698,0.9538006581886344,0.7744879523153178,1.0,1.0,30,2,6.0,,
grid,global-estimated,2.961687427628506,1.1229526936550547,0.12446196978081184,1.1855687150378582,0.889810135147914,1.0,0.95,120,0,23.0,,
grid,oracle-labels+estimated-hypers,3.071716050138541,1.1269134847787499,0.12504698831712938,1.1173274559325135,0.885789796315708,1.0,0.95,120,0,23.0,0.0731186188394838,0.12796786816726544
grid,oracle-labels+true-hypers,3.6818774891542647,1.2024221561918442,0.13697627402711995,1.103726523692318,0.9132237498851601,1.0,0.95,120,0,23.0,0.0,0.0
grid,true-predictive,2.7293626557581203,1.103014506999302,0.12119311819929154,1.0387234292800585,0.8674409009474449,1.0,0.95,120,0,23.0,,
grid,global-estimated,3.078583223744097,1.1658565667482739,0.12251417955614496,1.2319599861136628,0.8596833719919383,1.0,0.95,120,1,24.5,,
grid,oracle-labels+estimated-hypers,3.1519495648390854,1.1687640424918404,0.12125934444182146,1.1968462457789388,0.8517558319175211,1.0,0.95,120,1,24.5,0.10662851506850594,0.13610850007933228
grid,oracle-labels+true-hypers,3.8744677062159525,1.2532910536346797,0.1379704256794504,1.1465334009616635,0.8880428591803694,1.0,0.95,120,1,24.5,0.0,0.0
grid,true-predictive,2.8780768193281436,1.1420002687812667,0.11979593529175057,1.0848088604684876,0.8388249740264149,1.0,0.95,120,1,24.5,,
grid,global-estimated,2.9668686783374354,1.146162050774312,0.1204397998486722,1.1849398079347757,0.851645701544436,1.0,0.95,120,2,24.0,,
grid,oracle-labels+estimated-hypers,3.000670354873521,1.1454049314349453,0.11925117548114099,1.1016460159294752,0.8381635169212464,1.0,0.95,120,2,24.0,0.07500421195287112,0.12891291986215622
grid,oracle-labels+true-hypers,3.7722965036952028,1.2338680035943983,0.13578535821876794,1.0605259564120477,0.8769074841832274,1.0,0.95,120,2,24.0,0.0,0.0
grid,true-predictive,2.8192682417932717,1.1270722386606347,0.11799701840285219,0.9671607235328736,0.8256929119357241,1.0,0.95,120,2,24.0,,
grid,global-estimated,3.3979900126514058,1.301342254968501,0.1249306940561005,1.1939740468760767,0.9062646284818626,1.0,0.95,30,0,6.0,,
grid,oracle-labels+estimated-hypers,3.383667375905764,1.2909052062350987,0.12479459821326976,0.987510455669536,0.893477010089649,1.0,0.95,30,0,6.0,0.1540598910646558,0.11996683956150618
grid,oracle-labels+true-hypers,4.0220268850150624,1.3669745900263521,0.13712453253278448,0.9797437886595901,0.9176393808920967,1.0,0.95,30,0,6.0,0.0,0.0
grid,true-predictive,3.010320779704439,1.276998997015503,0.12120732699217031,0.9456581632710934,0.8738240598217737,1.0,0.95,30,0,6.0,,
grid,global-estimated,3.0760458530329875,1.133701503904987,0.12910329259463807,1.1908008304226196,0.9119905498692068,1.0,0.95,30,1,6.0,,
grid,oracle-labels+estimated-hypers,3.0830660835602113,1.128780181246693,0.12782126454194553,1.0847421673477715,0.8971740503922357,1.0,0.95,30,1,6.0,0.11870994067936275,0.1357201164752241
grid,oracle-labels+true-hypers,3.7439899220140718,1.2172997162656967,0.1413924402907435,1.0947637578054465,0.9295515194777525,1.0,0.95,30,1,6.0,0.0,0.0
grid,true-predictive,2.710653597326363,1.1176644184516886,0.12615526677271532,1.0774820620596506,0.8900999174949044,1.0,0.95,30,1,6.0,,
grid,global-estimated,3.2748105252280357,1.1740570741649485,0.12843233058317155,1.2862233686444797,0.9136795657224803,1.0,0.95,30,2,6.0,,
grid,oracle-labels+estimated-hypers,3.289346175081023,1.1891347662534284,0.12806296993066754,1.0944772830681466,0.8989237559913253,1.0,0.95,30,2,6.0,0.08717153228258907,0.11125213496387072
grid,oracle-labels+true-hypers,3.8332145102934474,1.2674145603339142,0.14246343314969256,1.079315086137529,0.9325830121426333,1.0,0.95,30,2,6.0,0.0,0.0
grid,true-predictive,2.8218949082285065,1.155011679971768,0.12317289551844518,0.9803679051667602,0.8781940071622464,1.0,0.95,30,2,6.0,,
grid,global-estimated,2.8271085393441324,1.174748193546146,0.12034782782819523,1.3860560446535832,0.861514065199582,1.0,0.9,120,0,23.0,,
grid,oracle-labels+estimated-hypers,2.8888991517235727,1.1488924660940951,0.1183506411986857,1.1297504443746227,0.8433577131623359,1.0,0.9,120,0,23.0,0.10339468662203324,0.13698144417713426
grid,oracle-labels+true-hypers,3.8779960042896517,1.2712231437163513,0.13711208794240784,1.0939998099448118,0.8817876650980506,1.0,0.9,120,0,23.0,0.0,0.0
grid,true-predictive,2.803039310792687,1.1407279258873484,0.11753259114860552,1.0482770206991507,0.8286560493288385,1.0,0.9,120,0,23.0,,
grid,global-estimated,3.2432466069349535,1.2414559430046204,0.11777289425516664,1.3524522248465911,0.8571364203755951,1.0,0.9,120,1,25.0,,
grid,oracle-labels+estimated-hypers,3.6799486773295658,1.2677294092970237,0.12218989461316945,1.1543784569273479,0.8503508590564128,1.0,0.9,120,1,25.0,0.07808126197251915,0.1431059847289242
grid,oracle-labels+true-hypers,4.0611345535743455,1.316200356743609,0.13576503385789257,1.1198006991575602,0.8841395629544309,1.0,0.9,120,1,25.0,0.0,0.0
grid,true-predictive,2.957733535156695,1.195328506870073,0.1150499134711615,0.9849680755940282,0.8212161893031091,1.0,0.9,120,1,25.0,,
grid,global-estimated,2.4013686613992133,0.911413948876078,0.11854675462555157,1.3373728713230517,0.820326761010364,1.0,0.9,120,2,24.0,,
grid,oracle-labels+estimated-hypers,2.5442135361626406,0.911511051004516,0.12060666022080963,1.0799537830425667,0.8127983808668926,1.0,0.9,120,2,24.0,0.12376789189482913,0.11850563648563683
grid,oracle-labels+true-hypers,3.594632983291508,1.0651425350378532,0.1416710364819069,1.054316549591742,0.8532214644283461,1.0,0.9,120,2,24.0,0.0,0.0
grid,true-predictive,2.4526748860778667,0.9015520836661045,0.11720585052591803,0.971086253825423,0.78980706948779,1.0,0.9,120,2,24.0,,
grid,global-estimated,3.0709523885275902,1.2715878244100967,0.13182053896540122,1.2405098926988287,0.9672538574366493,1.0,0.9,30,0,6.0,,
grid,oracle-labels+estimated-hypers,3.1802511931826354,1.2368956461376308,0.1310246540904218,1.0600701523186629,0.9472041919483517,1.0,0.9,30,0,6.0,0.06419642929420931,0.149999
grid,oracle-labels+true-hypers,3.8841029668601186,1.3086298844195576,0.14007560337769157,1.0484446607129778,0.9673019851515748,1.0,0.9,30,0,6.0,0.0,0.0
grid,true-predictive,2.971877692624955,1.2494204783404521,0.1274900274665492,0.9951928373578393,0.9288664539494903,1.0,0.9,30,0,6.0,,
grid,global-estimated,3.156203182350951,1.3323854893281972,0.1258335623539039,1.181430445351798,0.8965038798824224,1.0,0.9,30,1,5.0,,
grid,oracle-labels+estimated-hypers,3.2375075427773745,1.3099320449459015,0.12258672219835305,1.082822603267135,0.8732887277357507,1.0,0.9,30,1,5.0,0.04169951427268273,0.149999
grid,oracle-labels+true-hypers,4.113761170213616,1.417654849442959,0.14103822856304715,1.0121803252905965,0.9111629958532057,1.0,0.9,30,1,5.0,0.0,0.0
grid,true-predictive,3.061861072717562,1.3147674529782922,0.12278341481493599,0.943733873318265,0.8580773360678896,1.0,0.9,30,1,5.0,,
grid,global-estimated,2.907196190401669,1.066771642143375,0.12394884688746431,1.3699796740421815,0.8857828949337059,1.0,0.9,30,2,6.0,,
grid,oracle-labels+estimated-hypers,2.981275234532465,1.0726911880519452,0.1226370260368675,1.0685745010394279,0.865317265079509,1.0,0.9,30,2,6.0,0.03608592477226331,0.149999
grid,oracle-labels+true-hypers,3.7407432552207145,1.176639200225778,0.14008669970428742,1.0303359018254872,0.9008056382840408,1.0,0.9,30,2,6.0,0.0,0.0
grid,true-predictive,2.5992160869923486,1.0460229074630445,0.12136813769166582,0.9643953968296752,0.8477119391910211,1.0,0.9,30,2,6.0,,
grid,global-estimated,11.955510340566391,4.422514428872429,0.1205288211304323,1.100216332428643,0.9089707201810816,2.0,1.0,120,0,23.0,,
grid,oracle-labels+estimated-hypers,12.09392897831617,4.466436658644776,0.12050622015686609,1.0700985185057816,0.9066438992276132,2.0,1.0,120,0,23.0,0.08152405471123127,0.05443692744482685
grid,oracle-labels+true-hypers,12.89350390141907,4.582530469141459,0.1263931195415439,1.0692976428007657,0.9213203097188247,2.0,1.0,120,0,23.0,0.0,0.0
grid,true-predictive,10.165981296471536,4.253877150997604,0.11209350423355025,1.06384418007066,0.8823828982495894,2.0,1.0,120,0,23.0,,
grid,global-estimated,12.917010050734241,4.734559678101668,0.12992681080296167,1.0381511103714016,0.9712644606036123,2.0,1.0,120,1,24.0,,
grid,oracle-labels+estimated-hypers,13.071763635766823,4.742443228635488,0.12966988433862664,1.0359934765160816,0.9699706771509461,2.0,1.0,120,1,24.0,0.06971622648233404,0.02778188244477038
grid,oracle-labels+true-hypers,13.763240024974131,4.850156369802039,0.1347459419174194,1.0344663857306808,0.982047910070896,2.0,1.0,120,1,24.0,0.0,0.0
grid,true-predictive,10.878227538877107,4.532330737511929,0.12117573964614181,1.0016174920834884,0.9446117837657003,2.0,1.0,120,1,24.0,,
grid,global-estimated,11.074345391297282,3.745699117782971,0.12666402100954285,1.0588924830481994,0.9452022996119834,2.0,1.0,120,2,23.0,,
grid,oracle-labels+estimated-hypers,11.218751715375038,3.7688679456221172,0.12704002309395593,1.034212663773793,0.9441172118805679,2.0,1.0,120,2,23.0,0.043176906918913495,0.040498713346566725
grid,oracle-labels+true-hypers,11.966176817718432,3.889303977855087,0.13212053682511207,1.0384208051918047,0.9569033726246376,2.0,1.0,120,2,23.0,0.0,0.0
grid,true-predictive,9.130986150057774,3.5256944313035357,0.11953171269232009,0.9841201172528544,0.9190264662040449,2.0,1.0,120,2,23.0,,
grid,global-estimated,13.132242424661332,4.713710199382844,0.14187182124781797,1.1429645516648044,1.0764830744130005,2.0,1.0,30,0,6.0,,
grid,oracle-labels+estimated-hypers,13.739853920845977,4.740703375109688,0.1406776545944162,1.0348723925202805,1.0686583038482975,2.0,1.0,30,0,6.0,0.02254225806184972,0.06070707049097316
grid,oracle-labels+true-hypers,14.471931042822966,4.91107757239671,0.14787339387786125,1.0197168801514536,1.083760002283771,2.0,1.0,30,0,6.0,0.0,0.0
grid,true-predictive,10.860327188890274,4.503034818494784,0.13395821694123405,0.9860235399837395,1.0464878913444453,2.0,1.0,30,0,6.0,,
grid,global-estimated,13.046241067516526,4.178323449529867,0.12288775272209294,1.1449808332988594,0.8937549631458681,2.0,1.0,30,1,5.0,,
grid,oracle-labels+estimated-hypers,13.694967321723286,4.265279726456272,0.12467798500213866,1.0229391369716043,0.8875883777875234,2.0,1.0,30,1,5.0,0.052343025642611805,0.06668620967237011
grid,oracle-labels+true-hypers,14.76639527667378,4.529589529417714,0.1367752419502872,1.018145813168302,0.916525166417209,2.0,1.0,30,1,5.0,0.0,0.0
grid,true-predictive,10.235092721278647,3.8670352377211894,0.11231965323880229,0.9504006860416762,0.8516043356890353,2.0,1.0,30,1,5.0,,
grid,global-estimated,11.506255643149965,3.6852535037838776,0.1250914147510662,1.2508332586522446,0.9261989970445685,2.0,1.0,30,2,6.0,,
grid,oracle-labels+estimated-hypers,11.76168930731868,3.72974505205354,0.1256009756242519,1.01375853667304,0.9151415001500144,2.0,1.0,30,2,6.0,0.07438566666885792,0.12694725063854903
grid,oracle-labels+true-hypers,13.089885398574966,3.9740911812653117,0.1357999662462903,1.0033209075612843,0.938605464348761,2.0,1.0,30,2,6.0,0.0,0.0
grid,true-predictive,9.375133458614634,3.4375002427654677,0.11544526997122004,0.9357908575566353,0.8813154697493373,2.0,1.0,30,2,6.0,,
grid,global-estimated,12.89575371999421,5.948261717924255,0.12329088069227617,1.1748892731619287,1.022526330446725,2.0,0.95,120,0,22.5,,
grid,oracle-labels+estimated-hypers,13.38879856894525,5.928202980103305,0.121557439910744,1.1329577582507453,1.0117600189489948,2.0,0.95,120,0,22.5,0.0658045667773599,0.13045380401137596
grid,oracle-labels+true-hypers,15.95172389687788,6.096049525279268,0.13288670918773454,1.0684964767017178,1.0372196157346547,2.0,0.95,120,0,22.5,0.0,0.0
grid,true-predictive,12.73231502641791,5.8313964407548635,0.11977330517014537,0.9961957818348425,0.9939126729255521,2.0,0.95,120,0,22.5,,
grid,global-estimated,9.676373917564868,3.70032828804639,0.12147547241616431,1.190296345586622,0.9469134753927592,2.0,0.95,120,1,24.0,,
grid,oracle-labels+estimated-hypers,10.033214760966045,3.7498092345982714,0.11997420890752512,1.1603579867326537,0.9386983518420781,2.0,0.95,120,1,24.0,0.03394759494880859,0.137890875823132
grid,oracle-labels+true-hypers,13.200530067896281,4.117617500271556,0.13573724840461776,1.1170811050430416,0.9745098226699501,2.0,0.95,120,1,24.0,0.0,0.0
grid,true-predictive,9.340239170504463,3.6704560263916775,0.1190034914371027,1.033736195304517,0.9258446187492907,2.0,0.95,120,1,24.0,,
grid,global-estimated,13.210903358192722,6.085563753972108,0.12289197568698797,1.2911445557652987,1.0214250149267676,2.0,0.95,120,2,24.0,,
grid,oracle-labels+estimated-hypers,13.308305779390581,5.998560340312432,0.12076258504842748,1.2108101778513998,1.0090454709716739,2.0,0.95,120,2,24.0,0.056467093966807526,0.13159362877320743
grid,oracle-labels+true-hypers,15.973913106178324,6.1545725717446755,0.13401262973665712,1.1662057911286259,1.041061289756458,2.0,0.95,120,2,24.0,0.0,0.0
grid,true-predictive,12.871877580014258,5.954870663011634,0.12010067736733747,1.0918899373010664,0.9980324303120063,2.0,0.95,120,2,24.0,,
grid,global-estimated,11.830420185629261,3.9742265049130654,0.126494704554799,1.1594912260947319,1.012459306509403,2.0,0.95,30,0,6.0,,
grid,oracle-labels+estimated-hypers,11.990168696507824,3.9348888403570634,0.12587175918145901,1.0866864511752923,0.999372635323759,2.0,0.95,30,0,6.0,0.0655584064974169,0.13619353535086234
grid,oracle-labels+true-hypers,14.002218171768913,4.299628594349781,0.13969293519310885,1.0572775524107167,1.0321705923485007,2.0,0.95,30,0,6.0,0.0,0.0
grid,true-predictive,10.146454390340258,3.851905032923777,0.12310059324641354,0.9708552713722844,0.98013580910922,2.0,0.95,30,0,6.0,,
grid,global-estimated,13.4604219452534,5.17461167111728,0.1267817035638795,1.5199891844715396,0.9862659364939046,2.0,0.95,30,1,6.0,,
grid,oracle-labels+estimated-hypers,13.59823625574556,5.210202595513962,0.12631823985479645,1.1975299541026316,0.9719549583336989,2.0,0.95,30,1,6.0,0.09921269178112818,0.10793271578433421
grid,oracle-labels+true-hypers,15.988379686382055,5.542084006679445,0.14298266700784976,1.2004887967773346,1.0098233028808647,2.0,0.95,30,1,6.0,0.0,0.0
grid,true-predictive,12.04584882614818,5.077361107350885,0.12399152675989301,1.0814214189770406,0.9554173166316553,2.0,0.95,30,1,6.0,,
grid,global-estimated,13.712033300786352,5.263963658942779,0.12408118532690662,1.2479026332953826,0.9673036161629806,2.0,0.95,30,2,5.5,,
grid,oracle-labels+estimated-hypers,13.915778771408961,5.241692540725099,0.12158791803822189,1.1909085260933434,0.9531634742196532,2.0,0.95,30,2,5.5,0.08685787453055664,0.13405567870609486
grid,oracle-labels+true-hypers,15.790699327263612,5.530882036048014,0.13900863029373822,1.1527519542508153,0.9929694860495814,2.0,0.95,30,2,5.5,0.0,0.0
grid,true-predictive,12.07383913891992,5.10965151456,0.1175051659964914,1.0229958313082863,0.9304831225441312,2.0,0.95,30,2,5.5,,
grid,global-estimated,12.163869805593581,4.855784847747038,0.11765808964915406,1.398962733613716,0.9502315728268034,2.0,0.9,120,0,23.0,,
grid,oracle-labels+estimated-hypers,12.484216209834832,4.804619547390708,0.11807625258454778,1.0716956198012009,0.9375557174313328,2.0,0.9,120,0,23.0,0.1411990623818502,0.149999
grid,oracle-labels+true-hypers,15.309822165895964,5.14747893100125,0.13869254040653872,1.0324922746239482,0.9785665815220266,2.0,0.9,120,0,23.0,0.0,0.0
grid,true-predictive,11.553474638602355,4.717285534784712,0.11676458666636272,0.8954684480411587,0.9143089171569788,2.0,0.9,120,0,23.0,,
grid,global-estimated,11.971387806383158,4.860534447459757,0.12301222720321903,1.4456474303613727,0.9630329174244164,2.0,0.9,120,1,22.0,,
grid,oracle-labels+estimated-hypers,12.179221818593824,4.827864576614993,0.12121748520978361,1.1704404620796893,0.9457247978451638,2.0,0.9,120,1,22.0,0.09808818356532936,0.149999
grid,oracle-labels+true-hypers,15.636237638721026,5.25019659404527,0.14047072758868515,1.105140462257459,0.9836020665881228,2.0,0.9,120,1,22.0,0.0,0.0
grid,true-predictive,11.411796262694242,4.761476316238163,0.12072694297508899,0.9707770817670434,0.9258511703145519,2.0,0.9,120,1,22.0,,
grid,global-estimated,12.523324271696918,5.580683452026985,0.12405824449958341,1.7827109593140837,0.9884318359168687,2.0,0.9,120,2,22.0,,
grid,oracle-labels+estimated-hypers,12.698892493149245,5.458436180583112,0.12303261296924832,1.340909251194971,0.9719226916388718,2.0,0.9,120,2,22.0,0.06356902364318688,0.149999
grid,oracle-labels+true-hypers,16.110460918488698,5.859425230578134,0.1409951078652051,1.2950122375374857,1.005695719027446,2.0,0.9,120,2,22.0,0.0,0.0
grid,true-predictive,11.981826027159613,5.413557637791553,0.12112251010735037,1.1993257151653822,0.9508012514212684,2.0,0.9,120,2,22.0,,
grid,global-estimated,11.7113185842774,4.780885903259439,0.1219702775506374,1.3535564350890215,1.0143575216323726,2.0,0.9,30,0,5.5,,
grid,oracle-labels+estimated-hypers,12.183535300225133,4.732289420637965,0.11954232341174506,1.0310996984387601,0.9859504826334591,2.0,0.9,30,0,5.5,0.046340569027911664,0.149999
grid,oracle-labels+true-hypers,14.97650958346307,5.018347499672537,0.13818424936789725,0.9662226347146119,1.025762291791401,2.0,0.9,30,0,5.5,0.0,0.0
grid,true-predictive,10.979941262058706,4.659158103710825,0.11891013976903496,0.8689914469186718,0.9689323141897231,2.0,0.9,30,0,5.5,,
grid,global-estimated,11.049208061565889,4.603628396803148,0.12651926668768138,1.3595389624893246,1.021773624418285,2.0,0.9,30,1,6.0,,
grid,oracle-labels+estimated-hypers,10.916605002425781,4.376829558300012,0.12341720994384442,0.9612933440420294,0.988976854550685,2.0,0.9,30,1,6.0,0.03785187194684497,0.149999
grid,oracle-labels+true-hypers,14.14732087371158,4.637274151247647,0.14015642450106883,0.9402241609639502,1.0221174081986297,2.0,0.9,30,1,6.0,0.0,0.0
grid,true-predictive,10.460080807861216,4.285645001874393,0.12273658313541283,0.8609873515630849,0.9708885805007689,2.0,0.9,30,1,6.0,,
grid,global-estimated,10.139251002593033,3.8570439074296052,0.1320606316187501,1.2718970619207874,1.0531523088941792,2.0,0.9,30,2,6.0,,
grid,oracle-labels+estimated-hypers,10.282008563258874,3.788317987893854,0.1311749283144109,1.1787800457032278,1.0333565201325987,2.0,0.9,30,2,6.0,0.09028273645402535,0.149999
grid,oracle-labels+true-hypers,13.274630222883042,4.1697367353496535,0.14203460600762194,1.1539065579645558,1.0589026604875058,2.0,0.9,30,2,6.0,0.0,0.0
grid,true-predictive,9.304773723216991,3.7147737098172584,0.1267972988067593,1.035669586012151,1.0103201868868255,2.0,0.9,30,2,6.0,,
