protocol,slice_type,slice,model,n_obs,n_series,Coverage@50,AIW@50,Coverage@80,AIW@80,CoverageGap@50,CoverageGap@80,pinball_mean,GoalScore@80,n_obs_pos,Coverage@50_pos,AIW@50_pos,Coverage@80_pos,AIW@80_pos,CoverageGap@50_pos,CoverageGap@80_pos,pinball_mean_pos,GoalScore@80_pos
fixed,regime,Smooth,TSB-HB,24,4,0.8333333333333334,1.4729286824865142,0.9583333333333334,2.3656515043593824,0.33333333333333337,0.15833333333333333,0.23086304639248573,2.7402129925496177,6,0.3333333333333333,1.4822050342437987,0.8333333333333334,2.36666678341359,0.16666666666666669,0.033333333333333326,0.4854985922012956,2.4455556761940427
fixed,regime,Erratic,TSB-HB,6,1,1.0,1.6446542769271193,1.0,2.6064853857945884,0.5,0.19999999999999996,0.191137909728831,3.127782462953506,2,1.0,1.6446542769271193,1.0,2.6064853857945884,0.5,0.19999999999999996,0.16403595706249796,3.127782462953506
fixed,regime,Intermittent,TSB-HB,12558,2093,0.8522853957636566,0.3928909303892953,0.9350215002388915,1.4143269529760845,0.3522853957636566,0.13502150023889148,0.14769498425494607,1.6052914999952155,2470,0.24898785425101214,0.7662092352654077,0.6696356275303643,1.8578897063997848,0.2510121457489879,0.13036437246963573,0.5814844750970511,2.1000923320923883
fixed,regime,Lumpy,TSB-HB,2430,405,0.8255144032921811,0.6368656321598506,0.9176954732510288,1.761326231875873,0.32551440329218106,0.1176954732510288,0.20745977526151008,1.9686263562859552,588,0.2789115646258503,0.9730175876413955,0.6598639455782312,2.1425272982421415,0.22108843537414968,0.1401360544217688,0.6697543075715849,2.4427726203087277
fixed,regime,NoPositiveInit,TSB-HB,36,6,0.5833333333333334,0.0,0.5833333333333334,0.0,0.08333333333333337,0.21666666666666667,0.6527777777777778,0.0,15,0.0,0.0,0.0,0.0,0.5,0.8,1.5666666666666667,0.0
fixed,sparse,NonSparse(Smooth|Erratic),TSB-HB,66,11,0.7121212121212122,0.6851244551702887,0.7575757575757576,1.097190127566556,0.21212121212121215,0.042424242424242475,0.4573869783604946,1.1437375875239253,23,0.17391304347826086,0.5296755982311753,0.30434782608695654,0.8440422379161181,0.32608695652173914,0.4956521739130435,1.1626549333622942,1.2623936080136724
fixed,sparse,Sparse(Intermittent|Lumpy),TSB-HB,14988,2498,0.8479450226848145,0.43244647651302426,0.9322124366159594,1.4705858432700853,0.34794502268481453,0.13221243661595938,0.15738463211629855,1.6650155808617586,3058,0.25474166121648134,0.805974870058436,0.6677567037279267,1.912620544857373,0.24525833878351866,0.13224329627207332,0.5984572224793356,2.165551790227001
fixed,cold_start,CS_0_1,TSB-HB,300,50,0.8466666666666667,0.0,0.8566666666666667,0.08997481797522548,0.3466666666666667,0.05666666666666664,0.18344727593390436,0.09507339099382159,46,0.0,0.0,0.06521739130434782,0.16640638497817864,0.5,0.7347826086956523,1.187987559706519,0.2886789026360577
fixed,cold_start,CS_2_3,TSB-HB,2166,361,0.9224376731301939,0.0,0.9395198522622346,0.6438144288603511,0.42243767313019387,0.1395198522622345,0.07598114727182223,0.7336393228592422,168,0.0,0.0,0.22023809523809523,0.7762519477675405,0.5,0.5797619047619048,0.8291269671252113,1.2262932555803885
fixed,cold_start,CS_4_5,TSB-HB,2202,367,0.8991825613079019,0.014507170363078446,0.9482288828337875,0.9998056041797794,0.39918256130790186,0.14822888283378743,0.1106357626975234,1.148005671938308,222,0.0,0.060572114318705364,0.4864864864864865,1.340631633705201,0.5,0.31351351351351353,0.9216938113400126,1.7609377675154803
fixed,cold_start,CS_6_10,TSB-HB,3456,576,0.8396990740740741,0.28013478738505543,0.9204282407407407,1.4745699338929106,0.33969907407407407,0.12042824074074066,0.1739276025406737,1.652149796880824,640,0.134375,0.6458734664971998,0.5703125,1.8917049556137122,0.365625,0.22968750000000004,0.7744468807023726,2.326205937606237
fixed,cold_start,CS_11_plus,TSB-HB,6930,1155,0.8112554112554112,0.7974942842245594,0.9323232323232323,1.9328102506651619,0.31125541125541123,0.1323232323232323,0.19116094013267276,2.1885659505006525,2005,0.34763092269326684,1.022467662574092,0.7660847880299252,2.1056509638087997,0.15236907730673316,0.033915211970074854,0.480109956019254,2.1770645625813674
