unique_id,w_i
carparts_T100,0.9
carparts_T1000,0.9
carparts_T1001,0.9
carparts_T1002,0.9
carparts_T1003,0.9
carparts_T1004,0.9
carparts_T1005,0.9
carparts_T1006,0.9
carparts_T1007,0.9
carparts_T1008,0.9
carparts_T1009,0.9
carparts_T101,0.9
carparts_T1010,0.9
carparts_T1011,0.9
carparts_T1013,0.9
carparts_T1016,0.9
carparts_T1017,0.9
carparts_T1018,0.9
carparts_T1019,0.9
carparts_T102,0.9
carparts_T1020,0.9
carparts_T1022,0.9
carparts_T1023,0.9
carparts_T1024,0.9
carparts_T1025,0.9
carparts_T1026,0.9
carparts_T1027,0.9
carparts_T1028,0.9
carparts_T1029,0.9
carparts_T103,0.9
carparts_T1031,0.9
carparts_T1032,0.9
carparts_T1033,0.9
carparts_T1036,0.9
carparts_T1037,0.9
carparts_T1038,0.9
carparts_T1039,0.9
carparts_T104,0.9
carparts_T1040,0.9
carparts_T1041,0.9
carparts_T1042,0.9
carparts_T1043,0.9
carparts_T1044,0.9
carparts_T1045,0.9
carparts_T1046,0.9
carparts_T1047,0.9
carparts_T1048,0.9
carparts_T105,0.9
carparts_T1050,0.9
carparts_T1051,0.9
carparts_T1052,0.9
carparts_T1053,0.9
carparts_T1054,0.9
carparts_T1055,0.9
carparts_T1056,0.9
carparts_T1057,0.9
carparts_T1058,0.9
carparts_T1059,0.9
carparts_T106,0.9
carparts_T1060,0.9
carparts_T1061,0.9
carparts_T1062,0.9
carparts_T1063,0.9
carparts_T1064,0.9
carparts_T1065,0.9
carparts_T1066,0.9
carparts_T1067,0.9
carparts_T1068,0.9
carparts_T1069,0.9
carparts_T107,0.9
carparts_T1070,0.9
carparts_T1071,0.9
carparts_T1072,0.9
carparts_T1073,0.9
carparts_T1074,0.9
carparts_T1075,0.9
carparts_T1076,0.9
carparts_T1077,0.9
carparts_T1078,0.9
carparts_T1079,0.9
carparts_T108,0.9
carparts_T1080,0.9
carparts_T1081,0.9
carparts_T1082,0.9
carparts_T1083,0.9
carparts_T1084,0.9
carparts_T1085,0.9
carparts_T1086,0.9
carparts_T1087,0.9
carparts_T1088,0.9
carparts_T1089,0.9
carparts_T109,0.9
carparts_T1090,0.9
carparts_T1091,0.9
carparts_T1092,0.9
carparts_T1093,0.9
carparts_T1094,0.9
carparts_T1095,0.9
carparts_T1096,0.9
carparts_T1097,0.9
carparts_T1098,0.9
carparts_T1099,0.9
carparts_T110,0.9
carparts_T1101,0.9
carparts_T1104,0.9
carparts_T1106,0.9
carparts_T1108,0.9
carparts_T1109,0.9
carparts_T111,0.9
carparts_T1110,0.9
carparts_T1111,0.9
carparts_T1113,0.9
carparts_T1114,0.9
carparts_T1115,0.9
carparts_T1116,0.9
carparts_T1117,0.9
carparts_T1119,0.9
carparts_T112,0.9
carparts_T1120,0.9
carparts_T1121,0.9
carparts_T1122,0.9
carparts_T1123,0.9
carparts_T1125,0.9
carparts_T1126,0.9
carparts_T1127,0.9
carparts_T1128,0.9
carparts_T1129,0.9
carparts_T1130,0.9
carparts_T1131,0.9
carparts_T1132,0.9
carparts_T1133,0.9
carparts_T1134,0.9
carparts_T1135,0.9
carparts_T1136,0.9
carparts_T1137,0.9
carparts_T1138,0.9
carparts_T1139,0.9
carparts_T114,0.9
carparts_T1140,0.9
carparts_T1141,0.9
carparts_T1142,0.9
carparts_T1143,0.9
carparts_T1144,0.9
carparts_T1145,0.9
carparts_T1146,0.9
carparts_T1147,0.9
carparts_T1148,0.9
carparts_T1149,0.9
carparts_T1150,0.9
carparts_T1151,0.9
carparts_T1152,0.9
carparts_T1153,0.9
carparts_T1154,0.9
carparts_T1155,0.9
carparts_T1156,0.9
carparts_T1157,0.9
carparts_T1158,0.9
carparts_T1159,0.9
carparts_T1160,0.9
carparts_T1161,0.9
carparts_T1162,0.9
carparts_T1163,0.9
carparts_T1164,0.9
carparts_T1165,0.9
carparts_T1166,0.9
carparts_T1167,0.9
carparts_T1168,0.9
carparts_T1169,0.9
carparts_T117,0.9
carparts_T1171,0.9
carparts_T1173,0.9
carparts_T1174,0.9
carparts_T1175,0.9
carparts_T1177,0.9
carparts_T1179,0.9
carparts_T1180,0.9
carparts_T1182,0.9
carparts_T1183,0.9
carparts_T1184,0.9
carparts_T1185,0.9
carparts_T1188,0.9
carparts_T1189,0.9
carparts_T119,0.9
carparts_T1190,0.9
carparts_T1191,0.9
carparts_T1192,0.9
carparts_T1193,0.9
carparts_T1194,0.9
carparts_T1195,0.9
carparts_T1196,0.9
carparts_T1197,0.9
carparts_T1198,0.9
carparts_T1199,0.9
carparts_T12,0.9
carparts_T120,0.9
carparts_T1200,0.9
carparts_T1201,0.9
carparts_T1202,0.9
carparts_T1203,0.9
carparts_T1204,0.9
carparts_T1205,0.9
carparts_T1206,0.9
carparts_T1207,0.9
carparts_T1208,0.9
carparts_T1209,0.9
carparts_T1210,0.9
carparts_T1211,0.9
carparts_T1212,0.9
carparts_T1213,0.9
carparts_T1214,0.9
carparts_T1215,0.9
carparts_T1216,0.9
carparts_T1217,0.9
carparts_T1218,0.9
carparts_T1219,0.9
carparts_T122,0.9
carparts_T1220,0.9
carparts_T1221,0.9
carparts_T1222,0.9
carparts_T1223,0.9
carparts_T1224,0.9
carparts_T1225,0.9
carparts_T1226,0.9
carparts_T1227,0.9
carparts_T1228,0.9
carparts_T1229,0.9
carparts_T123,0.9
carparts_T1230,0.9
carparts_T1231,0.9
carparts_T1232,0.9
carparts_T1233,0.9
carparts_T1234,0.9
carparts_T1235,0.9
carparts_T1236,0.9
carparts_T1237,0.9
carparts_T1238,0.9
carparts_T1239,0.9
carparts_T1240,0.9
carparts_T1241,0.9
carparts_T1242,0.9
carparts_T1243,0.9
carparts_T1244,0.9
carparts_T1247,0.9
carparts_T1248,0.9
carparts_T1249,0.9
carparts_T1250,0.9
carparts_T1251,0.9
carparts_T1252,0.9
carparts_T1253,0.9
carparts_T1254,0.9
carparts_T1255,0.9
carparts_T1256,0.9
carparts_T1257,0.9
carparts_T1258,0.9
carparts_T1259,0.9
carparts_T126,0.9
carparts_T1260,0.9
carparts_T1261,0.9
carparts_T1262,0.9
carparts_T1263,0.9
carparts_T1264,0.9
carparts_T1265,0.9
carparts_T1266,0.9
carparts_T1267,0.9
carparts_T1268,0.9
carparts_T1269,0.9
carparts_T127,0.9
carparts_T1270,0.9
carparts_T1271,0.9
carparts_T1272,0.9
carparts_T1273,0.9
carparts_T1274,0.9
carparts_T1275,0.9
carparts_T1276,0.9
carparts_T1277,0.9
carparts_T1278,0.9
carparts_T1279,0.9
carparts_T1280,0.9
carparts_T1281,0.9
carparts_T1282,0.9
carparts_T1283,0.9
carparts_T1284,0.9
carparts_T1285,0.9
carparts_T1286,0.9
carparts_T1287,0.9
carparts_T1288,0.9
carparts_T1289,0.9
carparts_T129,0.9
carparts_T1290,0.9
carparts_T1291,0.9
carparts_T1292,0.9
carparts_T1293,0.9
carparts_T1294,0.9
carparts_T1295,0.9
carparts_T1296,0.9
carparts_T1297,0.9
carparts_T1298,0.9
carparts_T1299,0.9
carparts_T13,0.9
carparts_T130,0.9
carparts_T1300,0.9
carparts_T1301,0.9
carparts_T1302,0.9
carparts_T1303,0.9
carparts_T1304,0.9
carparts_T1305,0.9
carparts_T1306,0.9
carparts_T1307,0.9
carparts_T1308,0.9
carparts_T1309,0.9
carparts_T1310,0.9
carparts_T1311,0.9
carparts_T1312,0.9
carparts_T1313,0.9
carparts_T1314,0.9
carparts_T1315,0.9
carparts_T1316,0.9
carparts_T1317,0.9
carparts_T1318,0.9
carparts_T1319,0.9
carparts_T1320,0.9
carparts_T1321,0.9
carparts_T1322,0.9
carparts_T1323,0.9
carparts_T1324,0.9
carparts_T1325,0.9
carparts_T1326,0.9
carparts_T1327,0.9
carparts_T1328,0.9
carparts_T1329,0.9
carparts_T1330,0.9
carparts_T1331,0.9
carparts_T1332,0.9
carparts_T1333,0.9
carparts_T1334,0.9
carparts_T1335,0.9
carparts_T1336,0.9
carparts_T1337,0.9
carparts_T1338,0.9
carparts_T1339,0.9
carparts_T1340,0.9
carparts_T1341,0.9
carparts_T1342,0.9
carparts_T1343,0.9
carparts_T1344,0.9
carparts_T1345,0.9
carparts_T1346,0.9
carparts_T1347,0.9
carparts_T1348,0.9
carparts_T1349,0.9
carparts_T135,0.9
carparts_T1350,0.9
carparts_T1351,0.9
carparts_T1352,0.9
carparts_T1353,0.9
carparts_T1354,0.9
carparts_T1355,0.9
carparts_T1356,0.9
carparts_T1357,0.9
carparts_T1358,0.9
carparts_T1359,0.9
carparts_T136,0.9
carparts_T1360,0.9
carparts_T1361,0.9
carparts_T1362,0.9
carparts_T1363,0.9
carparts_T1364,0.9
carparts_T1365,0.9
carparts_T1366,0.9
carparts_T1367,0.9
carparts_T1368,0.9
carparts_T137,0.9
carparts_T1371,0.9
carparts_T1372,0.9
carparts_T1373,0.9
carparts_T1374,0.9
carparts_T1375,0.9
carparts_T1376,0.9
carparts_T1377,0.9
carparts_T1378,0.9
carparts_T1379,0.9
carparts_T138,0.9
carparts_T1380,0.9
carparts_T1381,0.9
carparts_T1382,0.9
carparts_T1383,0.9
carparts_T1384,0.9
carparts_T1385,0.9
carparts_T1386,0.9
carparts_T1387,0.9
carparts_T1388,0.9
carparts_T1389,0.9
carparts_T1390,0.9
carparts_T1391,0.9
carparts_T1392,0.9
carparts_T1393,0.9
carparts_T1394,0.9
carparts_T1395,0.9
carparts_T1396,0.9
carparts_T1397,0.9
carparts_T1398,0.9
carparts_T1399,0.9
carparts_T14,0.9
carparts_T140,0.9
carparts_T1400,0.9
carparts_T1401,0.9
carparts_T1402,0.9
carparts_T1403,0.9
carparts_T1404,0.9
carparts_T1405,0.9
carparts_T1406,0.9
carparts_T1407,0.9
carparts_T1408,0.9
carparts_T1409,0.9
carparts_T141,0.9
carparts_T1410,0.9
carparts_T1411,0.9
carparts_T1412,0.9
carparts_T1413,0.9
carparts_T1414,0.9
carparts_T1415,0.9
carparts_T1416,0.9
carparts_T1417,0.9
carparts_T1418,0.9
carparts_T1419,0.9
carparts_T1420,0.9
carparts_T1421,0.9
carparts_T1423,0.9
carparts_T1424,0.9
carparts_T1425,0.9
carparts_T1426,0.9
carparts_T1427,0.9
carparts_T1428,0.9
carparts_T143,0.9
carparts_T1430,0.9
carparts_T1431,0.9
carparts_T1432,0.9
carparts_T1433,0.9
carparts_T1434,0.9
carparts_T1435,0.9
carparts_T1436,0.9
carparts_T1437,0.9
carparts_T1438,0.9
carparts_T1439,0.9
carparts_T144,0.9
carparts_T1440,0.9
carparts_T1441,0.9
carparts_T1442,0.9
carparts_T1443,0.9
carparts_T1444,0.9
carparts_T1445,0.9
carparts_T1446,0.9
carparts_T1447,0.9
carparts_T1448,0.9
carparts_T1449,0.9
carparts_T1450,0.9
carparts_T1451,0.9
carparts_T1452,0.9
carparts_T1453,0.9
carparts_T1454,0.9
carparts_T1455,0.9
carparts_T1456,0.9
carparts_T1457,0.9
carparts_T1458,0.9
carparts_T1459,0.9
carparts_T1460,0.9
carparts_T1461,0.9
carparts_T1462,0.9
carparts_T1463,0.9
carparts_T1464,0.9
carparts_T1465,0.9
carparts_T1466,0.9
carparts_T1467,0.9
carparts_T1468,0.9
carparts_T1469,0.9
carparts_T147,0.9
carparts_T1470,0.9
carparts_T1471,0.9
carparts_T1472,0.9
carparts_T1473,0.9
carparts_T1474,0.9
carparts_T1475,0.9
carparts_T1476,0.9
carparts_T1477,0.9
carparts_T1479,0.9
carparts_T148,0.9
carparts_T1480,0.9
carparts_T1481,0.9
carparts_T1483,0.9
carparts_T1484,0.9
carparts_T1485,0.9
carparts_T1486,0.9
carparts_T1487,0.9
carparts_T1488,0.9
carparts_T1489,0.9
carparts_T149,0.9
carparts_T1490,0.9
carparts_T1491,0.9
carparts_T1492,0.9
carparts_T1493,0.9
carparts_T1494,0.9
carparts_T1495,0.9
carparts_T1496,0.9
carparts_T1497,0.9
carparts_T1498,0.9
carparts_T1499,0.9
carparts_T15,0.9
carparts_T150,0.9
carparts_T1500,0.9
carparts_T1501,0.9
carparts_T1502,0.9
carparts_T1503,0.9
carparts_T1504,0.9
carparts_T1505,0.9
carparts_T1506,0.9
carparts_T1507,0.9
carparts_T1508,0.9
carparts_T1509,0.9
carparts_T151,0.9
carparts_T1510,0.9
carparts_T1511,0.9
carparts_T1512,0.9
carparts_T1513,0.9
carparts_T1514,0.9
carparts_T1515,0.9
carparts_T1516,0.9
carparts_T1517,0.9
carparts_T1518,0.9
carparts_T1519,0.9
carparts_T152,0.9
carparts_T1520,0.9
carparts_T1521,0.9
carparts_T1522,0.9
carparts_T1523,0.9
carparts_T1524,0.9
carparts_T1525,0.9
carparts_T1526,0.9
carparts_T1527,0.9
carparts_T1528,0.9
carparts_T1529,0.9
carparts_T153,0.9
carparts_T1530,0.9
carparts_T1531,0.9
carparts_T1532,0.9
carparts_T1533,0.9
carparts_T1534,0.9
carparts_T1535,0.9
carparts_T1536,0.9
carparts_T1537,0.9
carparts_T1538,0.9
carparts_T1539,0.9
carparts_T154,0.9
carparts_T1540,0.9
carparts_T1541,0.9
carparts_T1542,0.9
carparts_T1543,0.9
carparts_T1544,0.9
carparts_T1545,0.9
carparts_T1546,0.9
carparts_T1547,0.9
carparts_T1548,0.9
carparts_T1549,0.9
carparts_T155,0.9
carparts_T1550,0.9
carparts_T1551,0.9
carparts_T1552,0.9
carparts_T1553,0.9
carparts_T1554,0.9
carparts_T1555,0.9
carparts_T1556,0.9
carparts_T1557,0.9
carparts_T1558,0.9
carparts_T1559,0.9
carparts_T1560,0.9
carparts_T1561,0.9
carparts_T1562,0.9
carparts_T1563,0.9
carparts_T1564,0.9
carparts_T1565,0.9
carparts_T1566,0.9
carparts_T1567,0.9
carparts_T1568,0.9
carparts_T1569,0.9
carparts_T157,0.9
carparts_T1570,0.9
carparts_T1571,0.9
carparts_T1572,0.9
carparts_T1573,0.9
carparts_T1574,0.9
carparts_T1575,0.9
carparts_T1576,0.9
carparts_T1577,0.9
carparts_T1578,0.9
carparts_T1579,0.9
carparts_T158,0.9
carparts_T1580,0.9
carparts_T1581,0.9
carparts_T1582,0.9
carparts_T1583,0.9
carparts_T1584,0.9
carparts_T1585,0.9
carparts_T1586,0.9
carparts_T1587,0.9
carparts_T1588,0.9
carparts_T1589,0.9
carparts_T1590,0.9
carparts_T1591,0.9
carparts_T1592,0.9
carparts_T1593,0.9
carparts_T1594,0.9
carparts_T1595,0.9
carparts_T1596,0.9
carparts_T1597,0.9
carparts_T1598,0.9
carparts_T1599,0.9
carparts_T16,0.9
carparts_T1600,0.9
carparts_T1601,0.9
carparts_T1602,0.9
carparts_T1603,0.9
carparts_T1604,0.9
carparts_T1605,0.9
carparts_T1606,0.9
carparts_T1607,0.9
carparts_T1608,0.9
carparts_T1609,0.9
carparts_T161,0.9
carparts_T1610,0.9
carparts_T1611,0.9
carparts_T1612,0.9
carparts_T1613,0.9
carparts_T1614,0.9
carparts_T1615,0.9
carparts_T1616,0.9
carparts_T1617,0.9
carparts_T1618,0.9
carparts_T1619,0.9
carparts_T162,0.9
carparts_T1620,0.9
carparts_T1621,0.9
carparts_T1622,0.9
carparts_T1623,0.9
carparts_T1624,0.9
carparts_T1625,0.9
carparts_T1626,0.9
carparts_T1627,0.9
carparts_T1628,0.9
carparts_T1629,0.9
carparts_T1630,0.9
carparts_T1631,0.9
carparts_T1632,0.9
carparts_T1633,0.9
carparts_T1634,0.9
carparts_T1635,0.9
carparts_T1636,0.9
carparts_T1637,0.9
carparts_T1638,0.9
carparts_T1639,0.9
carparts_T1640,0.9
carparts_T1641,0.9
carparts_T1642,0.9
carparts_T1643,0.9
carparts_T1644,0.9
carparts_T1645,0.9
carparts_T1646,0.9
carparts_T1647,0.9
carparts_T1648,0.9
carparts_T1649,0.9
carparts_T165,0.9
carparts_T1650,0.9
carparts_T1651,0.9
carparts_T1652,0.9
carparts_T1653,0.9
carparts_T1654,0.9
carparts_T1655,0.9
carparts_T1656,0.9
carparts_T1657,0.9
carparts_T1658,0.9
carparts_T1659,0.9
carparts_T166,0.9
carparts_T1660,0.9
carparts_T1661,0.9
carparts_T1662,0.9
carparts_T1663,0.9
carparts_T1664,0.9
carparts_T1665,0.9
carparts_T1666,0.9
carparts_T1667,0.9
carparts_T1668,0.9
carparts_T1669,0.9
carparts_T167,0.9
carparts_T1670,0.9
carparts_T1671,0.9
carparts_T1672,0.9
carparts_T1673,0.9
carparts_T1674,0.9
carparts_T1675,0.9
carparts_T1676,0.9
carparts_T1677,0.9
carparts_T1678,0.9
carparts_T1679,0.9
carparts_T168,0.9
carparts_T1680,0.9
carparts_T1681,0.9
carparts_T1682,0.9
carparts_T1683,0.9
carparts_T1684,0.9
carparts_T1685,0.9
carparts_T1686,0.9
carparts_T1687,0.9
carparts_T1688,0.9
carparts_T1689,0.9
carparts_T169,0.9
carparts_T1690,0.9
carparts_T1691,0.9
carparts_T1692,0.9
carparts_T1693,0.9
carparts_T1694,0.9
carparts_T1695,0.9
carparts_T1696,0.9
carparts_T1697,0.9
carparts_T1698,0.9
carparts_T1699,0.9
carparts_T17,0.9
carparts_T170,0.9
carparts_T1700,0.9
carparts_T1701,0.9
carparts_T1702,0.9
carparts_T1703,0.9
carparts_T1704,0.9
carparts_T1705,0.9
carparts_T1706,0.9
carparts_T1707,0.9
carparts_T1708,0.9
carparts_T1709,0.9
carparts_T171,0.9
carparts_T1710,0.9
carparts_T1711,0.9
carparts_T1712,0.9
carparts_T1713,0.9
carparts_T1714,0.9
carparts_T1715,0.9
carparts_T1716,0.9
carparts_T1717,0.9
carparts_T1718,0.9
carparts_T1719,0.9
carparts_T172,0.9
carparts_T1720,0.9
carparts_T1721,0.9
carparts_T1722,0.9
carparts_T1723,0.9
carparts_T1724,0.9
carparts_T1725,0.9
carparts_T1726,0.9
carparts_T1727,0.9
carparts_T1728,0.9
carparts_T1729,0.9
carparts_T173,0.9
carparts_T1730,0.9
carparts_T1731,0.9
carparts_T1732,0.9
carparts_T1733,0.9
carparts_T1734,0.9
carparts_T1735,0.9
carparts_T1736,0.9
carparts_T1737,0.9
carparts_T1738,0.9
carparts_T1739,0.9
carparts_T174,0.9
carparts_T1740,0.9
carparts_T1741,0.9
carparts_T1742,0.9
carparts_T1743,0.9
carparts_T1744,0.9
carparts_T1745,0.9
carparts_T1746,0.9
carparts_T1747,0.9
carparts_T1748,0.9
carparts_T175,0.9
carparts_T1750,0.9
carparts_T1751,0.9
carparts_T1752,0.9
carparts_T1753,0.9
carparts_T1754,0.9
carparts_T1755,0.9
carparts_T1756,0.9
carparts_T1757,0.9
carparts_T1758,0.9
carparts_T1759,0.9
carparts_T176,0.9
carparts_T1760,0.9
carparts_T1761,0.9
carparts_T1762,0.9
carparts_T1763,0.9
carparts_T1764,0.9
carparts_T1765,0.9
carparts_T1766,0.9
carparts_T1767,0.9
carparts_T1768,0.9
carparts_T1769,0.9
carparts_T177,0.9
carparts_T1770,0.9
carparts_T1771,0.9
carparts_T1772,0.9
carparts_T1774,0.9
carparts_T1775,0.9
carparts_T1776,0.9
carparts_T1777,0.9
carparts_T1778,0.9
carparts_T1779,0.9
carparts_T178,0.9
carparts_T1780,0.9
carparts_T1781,0.9
carparts_T1782,0.9
carparts_T1783,0.9
carparts_T1784,0.9
carparts_T1785,0.9
carparts_T1786,0.9
carparts_T1787,0.9
carparts_T1788,0.9
carparts_T1789,0.9
carparts_T179,0.9
carparts_T1790,0.9
carparts_T1791,0.9
carparts_T1792,0.9
carparts_T1793,0.9
carparts_T1794,0.9
carparts_T1795,0.9
carparts_T1796,0.9
carparts_T1797,0.9
carparts_T1798,0.9
carparts_T1799,0.9
carparts_T18,0.9
carparts_T180,0.9
carparts_T1800,0.9
carparts_T1801,0.9
carparts_T1802,0.9
carparts_T1803,0.9
carparts_T1804,0.9
carparts_T1805,0.9
carparts_T1806,0.9
carparts_T1807,0.9
carparts_T1808,0.9
carparts_T1809,0.9
carparts_T181,0.9
carparts_T1810,0.9
carparts_T1811,0.9
carparts_T1812,0.9
carparts_T1813,0.9
carparts_T1814,0.9
carparts_T1815,0.9
carparts_T1816,0.9
carparts_T1817,0.9
carparts_T1818,0.9
carparts_T1819,0.9
carparts_T182,0.9
carparts_T1820,0.9
carparts_T1821,0.9
carparts_T1822,0.9
carparts_T1823,0.9
carparts_T1824,0.9
carparts_T1825,0.9
carparts_T1826,0.9
carparts_T1827,0.9
carparts_T1828,0.9
carparts_T1829,0.9
carparts_T183,0.9
carparts_T1830,0.9
carparts_T1831,0.9
carparts_T1832,0.9
carparts_T1833,0.9
carparts_T1834,0.9
carparts_T1835,0.9
carparts_T1836,0.9
carparts_T1837,0.9
carparts_T1838,0.9
carparts_T1839,0.9
carparts_T184,0.9
carparts_T1840,0.9
carparts_T1841,0.9
carparts_T1842,0.9
carparts_T1843,0.9
carparts_T1844,0.9
carparts_T1845,0.9
carparts_T1846,0.9
carparts_T1847,0.9
carparts_T1848,0.9
carparts_T1849,0.9
carparts_T185,0.9
carparts_T1850,0.9
carparts_T1851,0.9
carparts_T1852,0.9
carparts_T1853,0.9
carparts_T1854,0.9
carparts_T1855,0.9
carparts_T1856,0.9
carparts_T1857,0.9
carparts_T1858,0.9
carparts_T1859,0.9
carparts_T186,0.9
carparts_T1860,0.9
carparts_T1861,0.9
carparts_T1862,0.9
carparts_T1863,0.9
carparts_T1864,0.9
carparts_T1865,0.9
carparts_T1866,0.9
carparts_T1867,0.9
carparts_T1868,0.9
carparts_T1869,0.9
carparts_T187,0.9
carparts_T1870,0.9
carparts_T1871,0.9
carparts_T1872,0.9
carparts_T1873,0.9
carparts_T1874,0.9
carparts_T1875,0.9
carparts_T1876,0.9
carparts_T1877,0.9
carparts_T1878,0.9
carparts_T1879,0.9
carparts_T188,0.9
carparts_T1880,0.9
carparts_T1881,0.9
carparts_T1882,0.9
carparts_T1883,0.9
carparts_T1884,0.9
carparts_T1885,0.9
carparts_T1886,0.9
carparts_T1887,0.9
carparts_T1888,0.9
carparts_T1889,0.9
carparts_T189,0.9
carparts_T1890,0.9
carparts_T1891,0.9
carparts_T1892,0.9
carparts_T1893,0.9
carparts_T1894,0.9
carparts_T1895,0.9
carparts_T1896,0.9
carparts_T1897,0.9
carparts_T1898,0.9
carparts_T1899,0.9
carparts_T190,0.9
carparts_T1900,0.9
carparts_T1901,0.9
carparts_T1902,0.9
carparts_T1903,0.9
carparts_T1904,0.9
carparts_T1905,0.9
carparts_T1906,0.9
carparts_T1907,0.9
carparts_T1908,0.9
carparts_T1909,0.9
carparts_T191,0.9
carparts_T1910,0.9
carparts_T1911,0.9
carparts_T1912,0.9
carparts_T1913,0.9
carparts_T1914,0.9
carparts_T1915,0.9
carparts_T1916,0.9
carparts_T1917,0.9
carparts_T1919,0.9
carparts_T192,0.9
carparts_T1920,0.9
carparts_T1921,0.9
carparts_T1922,0.9
carparts_T1923,0.9
carparts_T1924,0.9
carparts_T1925,0.9
carparts_T1926,0.9
carparts_T1927,0.9
carparts_T1928,0.9
carparts_T1929,0.9
carparts_T193,0.9
carparts_T1930,0.9
carparts_T1931,0.9
carparts_T1932,0.9
carparts_T1933,0.9
carparts_T1934,0.9
carparts_T1935,0.9
carparts_T1936,0.9
carparts_T1937,0.9
carparts_T1938,0.9
carparts_T1939,0.9
carparts_T194,0.9
carparts_T1940,0.9
carparts_T1941,0.9
carparts_T1942,0.9
carparts_T1943,0.9
carparts_T1944,0.9
carparts_T1945,0.9
carparts_T1946,0.9
carparts_T1947,0.9
carparts_T1948,0.9
carparts_T1949,0.9
carparts_T195,0.9
carparts_T1950,0.9
carparts_T1951,0.9
carparts_T1952,0.9
carparts_T1953,0.9
carparts_T1954,0.9
carparts_T1955,0.9
carparts_T1956,0.9
carparts_T1957,0.9
carparts_T1958,0.9
carparts_T1959,0.9
carparts_T1960,0.9
carparts_T1961,0.9
carparts_T1962,0.9
carparts_T1963,0.9
carparts_T1964,0.9
carparts_T1965,0.9
carparts_T1966,0.9
carparts_T1967,0.9
carparts_T1968,0.9
carparts_T1969,0.9
carparts_T197,0.9
carparts_T1970,0.9
carparts_T1971,0.9
carparts_T1972,0.9
carparts_T1973,0.9
carparts_T1974,0.9
carparts_T1975,0.9
carparts_T1976,0.9
carparts_T1977,0.9
carparts_T1978,0.9
carparts_T1979,0.9
carparts_T198,0.9
carparts_T1980,0.9
carparts_T1981,0.9
carparts_T1982,0.9
carparts_T1983,0.9
carparts_T1984,0.9
carparts_T1985,0.9
carparts_T1986,0.9
carparts_T1987,0.9
carparts_T1988,0.9
carparts_T1989,0.9
carparts_T199,0.9
carparts_T1990,0.9
carparts_T1991,0.9
carparts_T1992,0.9
carparts_T1993,0.9
carparts_T1994,0.9
carparts_T1995,0.9
carparts_T1996,0.9
carparts_T1997,0.9
carparts_T1998,0.9
carparts_T1999,0.9
carparts_T20,0.9
carparts_T200,0.9
carparts_T2000,0.9
carparts_T2001,0.9
carparts_T2002,0.9
carparts_T2003,0.9
carparts_T2004,0.9
carparts_T2005,0.9
carparts_T2006,0.9
carparts_T2007,0.9
carparts_T2008,0.9
carparts_T2009,0.9
carparts_T201,0.9
carparts_T2010,0.9
carparts_T2011,0.9
carparts_T2012,0.9
carparts_T2013,0.9
carparts_T2014,0.9
carparts_T2015,0.9
carparts_T2016,0.9
carparts_T2017,0.9
carparts_T2018,0.9
carparts_T2019,0.9
carparts_T202,0.9
carparts_T2020,0.9
carparts_T2021,0.9
carparts_T2022,0.9
carparts_T2023,0.9
carparts_T2024,0.9
carparts_T2025,0.9
carparts_T2026,0.9
carparts_T2027,0.9
carparts_T2028,0.9
carparts_T2029,0.9
carparts_T203,0.9
carparts_T2030,0.9
carparts_T2031,0.9
carparts_T2032,0.9
carparts_T2033,0.9
carparts_T2034,0.9
carparts_T2035,0.9
carparts_T2036,0.9
carparts_T2037,0.9
carparts_T2038,0.9
carparts_T2039,0.9
carparts_T204,0.9
carparts_T2040,0.9
carparts_T2041,0.9
carparts_T2042,0.9
carparts_T2043,0.9
carparts_T2044,0.9
carparts_T2045,0.9
carparts_T2046,0.9
carparts_T2047,0.9
carparts_T2048,0.9
carparts_T2049,0.9
carparts_T205,0.9
carparts_T2050,0.9
carparts_T2051,0.9
carparts_T2052,0.9
carparts_T2053,0.9
carparts_T2054,0.9
carparts_T2055,0.9
carparts_T2056,0.9
carparts_T2057,0.9
carparts_T2058,0.9
carparts_T2059,0.9
carparts_T206,0.9
carparts_T2060,0.9
carparts_T2061,0.9
carparts_T2062,0.9
carparts_T2063,0.9
carparts_T2064,0.9
carparts_T2065,0.9
carparts_T2066,0.9
carparts_T2067,0.9
carparts_T2068,0.9
carparts_T2069,0.9
carparts_T207,0.9
carparts_T2070,0.9
carparts_T2071,0.9
carparts_T2072,0.9
carparts_T2073,0.9
carparts_T2074,0.9
carparts_T2075,0.9
carparts_T2076,0.9
carparts_T2077,0.9
carparts_T2078,0.9
carparts_T2079,0.9
carparts_T208,0.9
carparts_T2080,0.9
carparts_T2081,0.9
carparts_T2082,0.9
carparts_T2083,0.9
carparts_T2084,0.9
carparts_T2085,0.9
carparts_T2086,0.9
carparts_T2087,0.9
carparts_T2088,0.9
carparts_T2089,0.9
carparts_T209,0.9
carparts_T2090,0.9
carparts_T2091,0.9
carparts_T2092,0.9
carparts_T2093,0.9
carparts_T2094,0.9
carparts_T2095,0.9
carparts_T2096,0.9
carparts_T2097,0.9
carparts_T2098,0.9
carparts_T2099,0.9
carparts_T21,0.9
carparts_T210,0.9
carparts_T2100,0.9
carparts_T2101,0.9
carparts_T2102,0.9
carparts_T2103,0.9
carparts_T2104,0.9
carparts_T2105,0.9
carparts_T2106,0.9
carparts_T2107,0.9
carparts_T2108,0.9
carparts_T2109,0.9
carparts_T211,0.9
carparts_T2110,0.9
carparts_T2111,0.9
carparts_T2112,0.9
carparts_T2113,0.9
carparts_T2114,0.9
carparts_T2115,0.9
carparts_T2116,0.9
carparts_T2117,0.9
carparts_T2118,0.9
carparts_T2119,0.9
carparts_T212,0.9
carparts_T2120,0.9
carparts_T2121,0.9
carparts_T2122,0.9
carparts_T2123,0.9
carparts_T2124,0.9
carparts_T2125,0.9
carparts_T2126,0.9
carparts_T2127,0.9
carparts_T2128,0.9
carparts_T2129,0.9
carparts_T213,0.9
carparts_T2130,0.9
carparts_T2131,0.9
carparts_T2132,0.9
carparts_T2133,0.9
carparts_T2134,0.9
carparts_T2135,0.9
carparts_T2136,0.9
carparts_T2138,0.9
carparts_T2139,0.9
carparts_T214,0.9
carparts_T2140,0.9
carparts_T2141,0.9
carparts_T2142,0.9
carparts_T2143,0.9
carparts_T2144,0.9
carparts_T2145,0.9
carparts_T2146,0.9
carparts_T2147,0.9
carparts_T2148,0.9
carparts_T2149,0.9
carparts_T215,0.9
carparts_T2150,0.9
carparts_T2151,0.9
carparts_T2152,0.9
carparts_T2153,0.9
carparts_T2154,0.9
carparts_T2155,0.9
carparts_T2156,0.9
carparts_T2157,0.9
carparts_T2158,0.9
carparts_T2159,0.9
carparts_T216,0.9
carparts_T2160,0.9
carparts_T2161,0.9
carparts_T2162,0.9
carparts_T2163,0.9
carparts_T2164,0.9
carparts_T2165,0.9
carparts_T2166,0.9
carparts_T2167,0.9
carparts_T2168,0.9
carparts_T2169,0.9
carparts_T217,0.9
carparts_T2170,0.9
carparts_T2171,0.9
carparts_T2172,0.9
carparts_T2173,0.9
carparts_T2174,0.9
carparts_T2175,0.9
carparts_T2176,0.9
carparts_T2177,0.9
carparts_T2178,0.9
carparts_T2179,0.9
carparts_T218,0.9
carparts_T2180,0.9
carparts_T2181,0.9
carparts_T2182,0.9
carparts_T2183,0.9
carparts_T2184,0.9
carparts_T2185,0.9
carparts_T2186,0.9
carparts_T2187,0.9
carparts_T2188,0.9
carparts_T2189,0.9
carparts_T219,0.9
carparts_T2190,0.9
carparts_T2191,0.9
carparts_T2192,0.9
carparts_T2193,0.9
carparts_T2194,0.9
carparts_T2195,0.9
carparts_T2196,0.9
carparts_T2197,0.9
carparts_T2198,0.9
carparts_T2199,0.9
carparts_T22,0.9
carparts_T220,0.9
carparts_T2200,0.9
carparts_T2201,0.9
carparts_T2202,0.9
carparts_T2203,0.9
carparts_T2204,0.9
carparts_T2205,0.9
carparts_T2206,0.9
carparts_T2207,0.9
carparts_T2208,0.9
carparts_T2209,0.9
carparts_T221,0.9
carparts_T2210,0.9
carparts_T2211,0.9
carparts_T2212,0.9
carparts_T2213,0.9
carparts_T2214,0.9
carparts_T2215,0.9
carparts_T2216,0.9
carparts_T2217,0.9
carparts_T2218,0.9
carparts_T2219,0.9
carparts_T222,0.9
carparts_T2220,0.9
carparts_T2221,0.9
carparts_T2222,0.9
carparts_T2223,0.9
carparts_T2224,0.9
carparts_T2225,0.9
carparts_T2226,0.9
carparts_T2227,0.9
carparts_T2228,0.9
carparts_T2229,0.9
carparts_T223,0.9
carparts_T2230,0.9
carparts_T2231,0.9
carparts_T2232,0.9
carparts_T2233,0.9
carparts_T2234,0.9
carparts_T2235,0.9
carparts_T2236,0.9
carparts_T2237,0.9
carparts_T2238,0.9
carparts_T2239,0.9
carparts_T224,0.9
carparts_T2240,0.9
carparts_T2241,0.9
carparts_T2242,0.9
carparts_T2243,0.9
carparts_T2244,0.9
carparts_T2245,0.9
carparts_T2246,0.9
carparts_T2247,0.9
carparts_T2248,0.9
carparts_T2249,0.9
carparts_T225,0.9
carparts_T2250,0.9
carparts_T2251,0.9
carparts_T2252,0.9
carparts_T2253,0.9
carparts_T2254,0.9
carparts_T2255,0.9
carparts_T2256,0.9
carparts_T2257,0.9
carparts_T2258,0.9
carparts_T2259,0.9
carparts_T226,0.9
carparts_T2260,0.9
carparts_T2261,0.9
carparts_T2262,0.9
carparts_T2263,0.9
carparts_T2264,0.9
carparts_T2265,0.9
carparts_T2266,0.9
carparts_T2267,0.9
carparts_T2268,0.9
carparts_T2269,0.9
carparts_T227,0.9
carparts_T2270,0.9
carparts_T2271,0.9
carparts_T2272,0.9
carparts_T2273,0.9
carparts_T2274,0.9
carparts_T2275,0.9
carparts_T2276,0.9
carparts_T2277,0.9
carparts_T2278,0.9
carparts_T2279,0.9
carparts_T228,0.9
carparts_T2280,0.9
carparts_T2281,0.9
carparts_T2282,0.9
carparts_T2283,0.9
carparts_T2284,0.9
carparts_T2285,0.9
carparts_T2286,0.9
carparts_T2287,0.9
carparts_T2288,0.9
carparts_T2289,0.9
carparts_T229,0.9
carparts_T2290,0.9
carparts_T2291,0.9
carparts_T2292,0.9
carparts_T2293,0.9
carparts_T2294,0.9
carparts_T2295,0.9
carparts_T2296,0.9
carparts_T2297,0.9
carparts_T2298,0.9
carparts_T2299,0.9
carparts_T23,0.9
carparts_T230,0.9
carparts_T2300,0.9
carparts_T2301,0.9
carparts_T2302,0.9
carparts_T2303,0.9
carparts_T2304,0.9
carparts_T2305,0.9
carparts_T2306,0.9
carparts_T2307,0.9
carparts_T2308,0.9
carparts_T2309,0.9
carparts_T231,0.9
carparts_T2310,0.9
carparts_T2311,0.9
carparts_T2312,0.9
carparts_T2313,0.9
carparts_T2314,0.9
carparts_T2315,0.9
carparts_T2316,0.9
carparts_T2317,0.9
carparts_T2318,0.9
carparts_T2319,0.9
carparts_T232,0.9
carparts_T2320,0.9
carparts_T2321,0.9
carparts_T2322,0.9
carparts_T2323,0.9
carparts_T2324,0.9
carparts_T2325,0.9
carparts_T2326,0.9
carparts_T2327,0.9
carparts_T2328,0.9
carparts_T2329,0.9
carparts_T233,0.9
carparts_T2330,0.9
carparts_T2331,0.9
carparts_T2332,0.9
carparts_T2333,0.9
carparts_T2334,0.9
carparts_T2335,0.9
carparts_T2336,0.9
carparts_T2337,0.9
carparts_T2338,0.9
carparts_T2339,0.9
carparts_T234,0.9
carparts_T2340,0.9
carparts_T2341,0.9
carparts_T2342,0.9
carparts_T2343,0.9
carparts_T2344,0.9
carparts_T2345,0.9
carparts_T2346,0.9
carparts_T2347,0.9
carparts_T2348,0.9
carparts_T2349,0.9
carparts_T235,0.9
carparts_T2350,0.9
carparts_T2351,0.9
carparts_T2352,0.9
carparts_T2353,0.9
carparts_T2354,0.9
carparts_T2355,0.9
carparts_T2356,0.9
carparts_T2357,0.9
carparts_T2358,0.9
carparts_T2359,0.9
carparts_T236,0.9
carparts_T2360,0.9
carparts_T2361,0.9
carparts_T2362,0.9
carparts_T2363,0.9
carparts_T2364,0.9
carparts_T2365,0.9
carparts_T2366,0.9
carparts_T2367,0.9
carparts_T2368,0.9
carparts_T2369,0.9
carparts_T237,0.9
carparts_T2370,0.9
carparts_T2371,0.9
carparts_T2372,0.9
carparts_T2373,0.9
carparts_T2374,0.9
carparts_T2375,0.9
carparts_T2376,0.9
carparts_T2377,0.9
carparts_T2378,0.9
carparts_T2379,0.9
carparts_T238,0.9
carparts_T2380,0.9
carparts_T2381,0.9
carparts_T2382,0.9
carparts_T2383,0.9
carparts_T2384,0.9
carparts_T2385,0.9
carparts_T2386,0.9
carparts_T2387,0.9
carparts_T2388,0.9
carparts_T2389,0.9
carparts_T239,0.9
carparts_T2390,0.9
carparts_T2391,0.9
carparts_T2392,0.9
carparts_T2393,0.9
carparts_T2394,0.9
carparts_T2395,0.9
carparts_T2396,0.9
carparts_T2397,0.9
carparts_T2398,0.9
carparts_T2399,0.9
carparts_T24,0.9
carparts_T240,0.9
carparts_T2400,0.9
carparts_T2401,0.9
carparts_T2402,0.9
carparts_T2403,0.9
carparts_T2404,0.9
carparts_T2405,0.9
carparts_T2406,0.9
carparts_T2407,0.9
carparts_T2408,0.9
carparts_T2409,0.9
carparts_T241,0.9
carparts_T2410,0.9
carparts_T2411,0.9
carparts_T2412,0.9
carparts_T2413,0.9
carparts_T2414,0.9
carparts_T2415,0.9
carparts_T2416,0.9
carparts_T2417,0.9
carparts_T2418,0.9
carparts_T2419,0.9
carparts_T242,0.9
carparts_T2420,0.9
carparts_T2421,0.9
carparts_T2422,0.9
carparts_T2423,0.9
carparts_T2424,0.9
carparts_T2425,0.9
carparts_T2426,0.9
carparts_T2427,0.9
carparts_T2428,0.9
carparts_T2429,0.9
carparts_T243,0.9
carparts_T2430,0.9
carparts_T2431,0.9
carparts_T2432,0.9
carparts_T2433,0.9
carparts_T2434,0.9
carparts_T2435,0.9
carparts_T2436,0.9
carparts_T2437,0.9
carparts_T2438,0.9
carparts_T2439,0.9
carparts_T244,0.9
carparts_T2440,0.9
carparts_T2441,0.9
carparts_T2442,0.9
carparts_T2443,0.9
carparts_T2444,0.9
carparts_T2445,0.9
carparts_T2446,0.9
carparts_T2447,0.9
carparts_T2448,0.9
carparts_T2449,0.9
carparts_T245,0.9
carparts_T2450,0.9
carparts_T2451,0.9
carparts_T2452,0.9
carparts_T2453,0.9
carparts_T2454,0.9
carparts_T2455,0.9
carparts_T2456,0.9
carparts_T2457,0.9
carparts_T2458,0.9
carparts_T2459,0.9
carparts_T246,0.9
carparts_T2460,0.9
carparts_T2461,0.9
carparts_T2462,0.9
carparts_T2463,0.9
carparts_T2464,0.9
carparts_T2465,0.9
carparts_T2466,0.9
carparts_T2467,0.9
carparts_T2468,0.9
carparts_T2469,0.9
carparts_T247,0.9
carparts_T2470,0.9
carparts_T2471,0.9
carparts_T2472,0.9
carparts_T2473,0.9
carparts_T2474,0.9
carparts_T2475,0.9
carparts_T2476,0.9
carparts_T2477,0.9
carparts_T2478,0.9
carparts_T2479,0.9
carparts_T248,0.9
carparts_T2480,0.9
carparts_T2481,0.9
carparts_T2482,0.9
carparts_T2483,0.9
carparts_T2484,0.9
carparts_T2485,0.9
carparts_T2486,0.9
carparts_T2487,0.9
carparts_T2488,0.9
carparts_T2489,0.9
carparts_T249,0.9
carparts_T2490,0.9
carparts_T2491,0.9
carparts_T2492,0.9
carparts_T2493,0.9
carparts_T2494,0.9
carparts_T2495,0.9
carparts_T2496,0.9
carparts_T2497,0.9
carparts_T2498,0.9
carparts_T2499,0.9
carparts_T25,0.9
carparts_T250,0.9
carparts_T2500,0.9
carparts_T2501,0.9
carparts_T2502,0.9
carparts_T2503,0.9
carparts_T2504,0.9
carparts_T2505,0.9
carparts_T2506,0.9
carparts_T2507,0.9
carparts_T2508,0.9
carparts_T2509,0.9
carparts_T251,0.9
carparts_T2510,0.9
carparts_T2511,0.9
carparts_T2512,0.9
carparts_T2513,0.9
carparts_T2514,0.9
carparts_T2515,0.9
carparts_T2516,0.9
carparts_T2517,0.9
carparts_T2518,0.9
carparts_T2519,0.9
carparts_T252,0.9
carparts_T2520,0.9
carparts_T2521,0.9
carparts_T2522,0.9
carparts_T2523,0.9
carparts_T2524,0.9
carparts_T2525,0.9
carparts_T2526,0.9
carparts_T2527,0.9
carparts_T2528,0.9
carparts_T2529,0.9
carparts_T253,0.9
carparts_T2530,0.9
carparts_T2531,0.9
carparts_T2532,0.9
carparts_T2533,0.9
carparts_T2534,0.9
carparts_T2535,0.9
carparts_T2536,0.9
carparts_T2537,0.9
carparts_T2538,0.9
carparts_T2539,0.9
carparts_T254,0.9
carparts_T2540,0.9
carparts_T2541,0.9
carparts_T2542,0.9
carparts_T2543,0.9
carparts_T2544,0.9
carparts_T2545,0.9
carparts_T2546,0.9
carparts_T2547,0.9
carparts_T2548,0.9
carparts_T2549,0.9
carparts_T255,0.9
carparts_T2550,0.9
carparts_T2551,0.9
carparts_T2552,0.9
carparts_T2553,0.9
carparts_T2554,0.9
carparts_T2555,0.9
carparts_T2556,0.9
carparts_T2557,0.9
carparts_T2558,0.9
carparts_T2559,0.9
carparts_T256,0.9
carparts_T2560,0.9
carparts_T2561,0.9
carparts_T2562,0.9
carparts_T2563,0.9
carparts_T2564,0.9
carparts_T2565,0.9
carparts_T2566,0.9
carparts_T2567,0.9
carparts_T2568,0.9
carparts_T2569,0.9
carparts_T257,0.9
carparts_T2570,0.9
carparts_T2571,0.9
carparts_T2572,0.9
carparts_T2573,0.9
carparts_T2574,0.9
carparts_T2575,0.9
carparts_T2576,0.9
carparts_T2577,0.9
carparts_T2578,0.9
carparts_T2579,0.9
carparts_T258,0.9
carparts_T2580,0.9
carparts_T2581,0.9
carparts_T2582,0.9
carparts_T2583,0.9
carparts_T2584,0.9
carparts_T2585,0.9
carparts_T2586,0.9
carparts_T2587,0.9
carparts_T2588,0.9
carparts_T2589,0.9
carparts_T259,0.9
carparts_T2590,0.9
carparts_T2591,0.9
carparts_T2592,0.9
carparts_T2593,0.9
carparts_T2594,0.9
carparts_T2595,0.9
carparts_T2596,0.9
carparts_T2597,0.9
carparts_T2598,0.9
carparts_T2599,0.9
carparts_T26,0.9
carparts_T260,0.9
carparts_T2600,0.9
carparts_T2601,0.9
carparts_T2602,0.9
carparts_T2603,0.9
carparts_T2604,0.9
carparts_T2605,0.9
carparts_T2606,0.9
carparts_T2607,0.9
carparts_T2608,0.9
carparts_T2609,0.9
carparts_T261,0.9
carparts_T2610,0.9
carparts_T2611,0.9
carparts_T2612,0.9
carparts_T2613,0.9
carparts_T2614,0.9
carparts_T2615,0.9
carparts_T2616,0.9
carparts_T2617,0.9
carparts_T2618,0.9
carparts_T2619,0.9
carparts_T262,0.9
carparts_T2620,0.9
carparts_T2621,0.9
carparts_T2622,0.9
carparts_T2623,0.9
carparts_T2624,0.9
carparts_T2625,0.9
carparts_T2626,0.9
carparts_T2627,0.9
carparts_T2628,0.9
carparts_T2629,0.9
carparts_T263,0.9
carparts_T2630,0.9
carparts_T2631,0.9
carparts_T2632,0.9
carparts_T2633,0.9
carparts_T2634,0.9
carparts_T2635,0.9
carparts_T2636,0.9
carparts_T2637,0.9
carparts_T2638,0.9
carparts_T2639,0.9
carparts_T264,0.9
carparts_T2640,0.9
carparts_T2641,0.9
carparts_T2642,0.9
carparts_T2643,0.9
carparts_T2644,0.9
carparts_T2645,0.9
carparts_T2646,0.9
carparts_T2647,0.9
carparts_T2648,0.9
carparts_T2649,0.9
carparts_T265,0.9
carparts_T2650,0.9
carparts_T2651,0.9
carparts_T2652,0.9
carparts_T2653,0.9
carparts_T2654,0.9
carparts_T2655,0.9
carparts_T2656,0.9
carparts_T2657,0.9
carparts_T2658,0.9
carparts_T2659,0.9
carparts_T266,0.9
carparts_T2660,0.9
carparts_T2661,0.9
carparts_T2662,0.9
carparts_T2663,0.9
carparts_T2664,0.9
carparts_T2665,0.9
carparts_T2666,0.9
carparts_T2667,0.9
carparts_T2668,0.9
carparts_T2669,0.9
carparts_T267,0.9
carparts_T2670,0.9
carparts_T2671,0.9
carparts_T2672,0.9
carparts_T2673,0.9
carparts_T2674,0.9
carparts_T268,0.9
carparts_T269,0.9
carparts_T27,0.9
carparts_T270,0.9
carparts_T271,0.9
carparts_T273,0.9
carparts_T274,0.9
carparts_T275,0.9
carparts_T276,0.9
carparts_T277,0.9
carparts_T278,0.9
carparts_T279,0.9
carparts_T28,0.9
carparts_T280,0.9
carparts_T281,0.9
carparts_T282,0.9
carparts_T283,0.9
carparts_T284,0.9
carparts_T285,0.9
carparts_T286,0.9
carparts_T288,0.9
carparts_T289,0.9
carparts_T29,0.9
carparts_T290,0.9
carparts_T291,0.9
carparts_T292,0.9
carparts_T294,0.9
carparts_T295,0.9
carparts_T297,0.9
carparts_T299,0.9
carparts_T30,0.9
carparts_T300,0.9
carparts_T304,0.9
carparts_T305,0.9
carparts_T306,0.9
carparts_T307,0.9
carparts_T308,0.9
carparts_T31,0.9
carparts_T311,0.9
carparts_T312,0.9
carparts_T313,0.9
carparts_T315,0.9
carparts_T316,0.9
carparts_T318,0.9
carparts_T319,0.9
carparts_T32,0.9
carparts_T320,0.9
carparts_T323,0.9
carparts_T324,0.9
carparts_T325,0.9
carparts_T326,0.9
carparts_T327,0.9
carparts_T328,0.9
carparts_T329,0.9
carparts_T33,0.9
carparts_T330,0.9
carparts_T331,0.9
carparts_T332,0.9
carparts_T333,0.9
carparts_T334,0.9
carparts_T336,0.9
carparts_T338,0.9
carparts_T34,0.9
carparts_T340,0.9
carparts_T341,0.9
carparts_T342,0.9
carparts_T343,0.9
carparts_T345,0.9
carparts_T346,0.9
carparts_T347,0.9
carparts_T348,0.9
carparts_T349,0.9
carparts_T35,0.9
carparts_T350,0.9
carparts_T351,0.9
carparts_T352,0.9
carparts_T353,0.9
carparts_T354,0.9
carparts_T355,0.9
carparts_T356,0.9
carparts_T358,0.9
carparts_T359,0.9
carparts_T36,0.9
carparts_T360,0.9
carparts_T362,0.9
carparts_T363,0.9
carparts_T364,0.9
carparts_T365,0.9
carparts_T366,0.9
carparts_T367,0.9
carparts_T368,0.9
carparts_T369,0.9
carparts_T37,0.9
carparts_T370,0.9
carparts_T371,0.9
carparts_T372,0.9
carparts_T373,0.9
carparts_T374,0.9
carparts_T375,0.9
carparts_T376,0.9
carparts_T377,0.9
carparts_T378,0.9
carparts_T379,0.9
carparts_T38,0.9
carparts_T380,0.9
carparts_T381,0.9
carparts_T382,0.9
carparts_T385,0.9
carparts_T386,0.9
carparts_T387,0.9
carparts_T388,0.9
carparts_T389,0.9
carparts_T39,0.9
carparts_T390,0.9
carparts_T391,0.9
carparts_T392,0.9
carparts_T393,0.9
carparts_T394,0.9
carparts_T395,0.9
carparts_T396,0.9
carparts_T397,0.9
carparts_T398,0.9
carparts_T399,0.9
carparts_T40,0.9
carparts_T400,0.9
carparts_T401,0.9
carparts_T402,0.9
carparts_T403,0.9
carparts_T404,0.9
carparts_T405,0.9
carparts_T406,0.9
carparts_T407,0.9
carparts_T408,0.9
carparts_T409,0.9
carparts_T41,0.9
carparts_T410,0.9
carparts_T411,0.9
carparts_T412,0.9
carparts_T413,0.9
carparts_T414,0.9
carparts_T415,0.9
carparts_T416,0.9
carparts_T417,0.9
carparts_T418,0.9
carparts_T419,0.9
carparts_T42,0.9
carparts_T420,0.9
carparts_T421,0.9
carparts_T422,0.9
carparts_T423,0.9
carparts_T425,0.9
carparts_T426,0.9
carparts_T427,0.9
carparts_T429,0.9
carparts_T43,0.9
carparts_T430,0.9
carparts_T431,0.9
carparts_T432,0.9
carparts_T433,0.9
carparts_T435,0.9
carparts_T436,0.9
carparts_T437,0.9
carparts_T438,0.9
carparts_T439,0.9
carparts_T44,0.9
carparts_T440,0.9
carparts_T443,0.9
carparts_T446,0.9
carparts_T447,0.9
carparts_T448,0.9
carparts_T45,0.9
carparts_T450,0.9
carparts_T451,0.9
carparts_T452,0.9
carparts_T453,0.9
carparts_T454,0.9
carparts_T455,0.9
carparts_T456,0.9
carparts_T458,0.9
carparts_T459,0.9
carparts_T46,0.9
carparts_T460,0.9
carparts_T461,0.9
carparts_T462,0.9
carparts_T463,0.9
carparts_T464,0.9
carparts_T467,0.9
carparts_T469,0.9
carparts_T47,0.9
carparts_T470,0.9
carparts_T471,0.9
carparts_T472,0.9
carparts_T473,0.9
carparts_T475,0.9
carparts_T476,0.9
carparts_T477,0.9
carparts_T479,0.9
carparts_T48,0.9
carparts_T480,0.9
carparts_T481,0.9
carparts_T482,0.9
carparts_T484,0.9
carparts_T485,0.9
carparts_T486,0.9
carparts_T487,0.9
carparts_T488,0.9
carparts_T49,0.9
carparts_T490,0.9
carparts_T491,0.9
carparts_T493,0.9
carparts_T494,0.9
carparts_T495,0.9
carparts_T496,0.9
carparts_T497,0.9
carparts_T498,0.9
carparts_T499,0.9
carparts_T50,0.9
carparts_T500,0.9
carparts_T501,0.9
carparts_T502,0.9
carparts_T503,0.9
carparts_T504,0.9
carparts_T505,0.9
carparts_T506,0.9
carparts_T508,0.9
carparts_T509,0.9
carparts_T51,0.9
carparts_T510,0.9
carparts_T511,0.9
carparts_T512,0.9
carparts_T513,0.9
carparts_T514,0.9
carparts_T515,0.9
carparts_T516,0.9
carparts_T517,0.9
carparts_T518,0.9
carparts_T519,0.9
carparts_T52,0.9
carparts_T520,0.9
carparts_T521,0.9
carparts_T522,0.9
carparts_T523,0.9
carparts_T524,0.9
carparts_T525,0.9
carparts_T526,0.9
carparts_T527,0.9
carparts_T528,0.9
carparts_T529,0.9
carparts_T53,0.9
carparts_T530,0.9
carparts_T531,0.9
carparts_T532,0.9
carparts_T533,0.9
carparts_T534,0.9
carparts_T535,0.9
carparts_T536,0.9
carparts_T537,0.9
carparts_T538,0.9
carparts_T539,0.9
carparts_T54,0.9
carparts_T540,0.9
carparts_T541,0.9
carparts_T542,0.9
carparts_T543,0.9
carparts_T544,0.9
carparts_T545,0.9
carparts_T546,0.9
carparts_T547,0.9
carparts_T548,0.9
carparts_T549,0.9
carparts_T55,0.9
carparts_T550,0.9
carparts_T551,0.9
carparts_T552,0.9
carparts_T553,0.9
carparts_T554,0.9
carparts_T555,0.9
carparts_T556,0.9
carparts_T557,0.9
carparts_T558,0.9
carparts_T559,0.9
carparts_T56,0.9
carparts_T560,0.9
carparts_T561,0.9
carparts_T564,0.9
carparts_T565,0.9
carparts_T567,0.9
carparts_T568,0.9
carparts_T569,0.9
carparts_T57,0.9
carparts_T570,0.9
carparts_T571,0.9
carparts_T572,0.9
carparts_T573,0.9
carparts_T574,0.9
carparts_T575,0.9
carparts_T576,0.9
carparts_T578,0.9
carparts_T579,0.9
carparts_T58,0.9
carparts_T580,0.9
carparts_T581,0.9
carparts_T582,0.9
carparts_T583,0.9
carparts_T584,0.9
carparts_T586,0.9
carparts_T587,0.9
carparts_T588,0.9
carparts_T59,0.9
carparts_T592,0.9
carparts_T593,0.9
carparts_T596,0.9
carparts_T597,0.9
carparts_T599,0.9
carparts_T60,0.9
carparts_T600,0.9
carparts_T601,0.9
carparts_T602,0.9
carparts_T603,0.9
carparts_T604,0.9
carparts_T606,0.9
carparts_T607,0.9
carparts_T609,0.9
carparts_T61,0.9
carparts_T610,0.9
carparts_T611,0.9
carparts_T612,0.9
carparts_T613,0.9
carparts_T615,0.9
carparts_T616,0.9
carparts_T617,0.9
carparts_T618,0.9
carparts_T619,0.9
carparts_T62,0.9
carparts_T622,0.9
carparts_T623,0.9
carparts_T624,0.9
carparts_T625,0.9
carparts_T626,0.9
carparts_T627,0.9
carparts_T628,0.9
carparts_T629,0.9
carparts_T63,0.9
carparts_T630,0.9
carparts_T631,0.9
carparts_T632,0.9
carparts_T633,0.9
carparts_T634,0.9
carparts_T636,0.9
carparts_T638,0.9
carparts_T639,0.9
carparts_T64,0.9
carparts_T640,0.9
carparts_T641,0.9
carparts_T642,0.9
carparts_T643,0.9
carparts_T644,0.9
carparts_T645,0.9
carparts_T646,0.9
carparts_T647,0.9
carparts_T648,0.9
carparts_T649,0.9
carparts_T65,0.9
carparts_T650,0.9
carparts_T651,0.9
carparts_T652,0.9
carparts_T653,0.9
carparts_T654,0.9
carparts_T655,0.9
carparts_T656,0.9
carparts_T657,0.9
carparts_T658,0.9
carparts_T659,0.9
carparts_T66,0.9
carparts_T660,0.9
carparts_T661,0.9
carparts_T662,0.9
carparts_T663,0.9
carparts_T664,0.9
carparts_T665,0.9
carparts_T666,0.9
carparts_T667,0.9
carparts_T668,0.9
carparts_T669,0.9
carparts_T67,0.9
carparts_T670,0.9
carparts_T671,0.9
carparts_T672,0.9
carparts_T673,0.9
carparts_T674,0.9
carparts_T675,0.9
carparts_T676,0.9
carparts_T677,0.9
carparts_T678,0.9
carparts_T679,0.9
carparts_T68,0.9
carparts_T680,0.9
carparts_T681,0.9
carparts_T682,0.9
carparts_T683,0.9
carparts_T684,0.9
carparts_T686,0.9
carparts_T687,0.9
carparts_T688,0.9
carparts_T689,0.9
carparts_T69,0.9
carparts_T690,0.9
carparts_T691,0.9
carparts_T692,0.9
carparts_T693,0.9
carparts_T694,0.9
carparts_T695,0.9
carparts_T696,0.9
carparts_T697,0.9
carparts_T698,0.9
carparts_T699,0.9
carparts_T70,0.9
carparts_T700,0.9
carparts_T701,0.9
carparts_T702,0.9
carparts_T703,0.9
carparts_T704,0.9
carparts_T707,0.9
carparts_T709,0.9
carparts_T71,0.9
carparts_T710,0.9
carparts_T711,0.9
carparts_T713,0.9
carparts_T716,0.9
carparts_T717,0.9
carparts_T719,0.9
carparts_T72,0.9
carparts_T720,0.9
carparts_T721,0.9
carparts_T722,0.9
carparts_T723,0.9
carparts_T724,0.9
carparts_T725,0.9
carparts_T727,0.9
carparts_T728,0.9
carparts_T729,0.9
carparts_T73,0.9
carparts_T730,0.9
carparts_T731,0.9
carparts_T732,0.9
carparts_T733,0.9
carparts_T734,0.9
carparts_T735,0.9
carparts_T736,0.9
carparts_T738,0.9
carparts_T739,0.9
carparts_T74,0.9
carparts_T740,0.9
carparts_T741,0.9
carparts_T742,0.9
carparts_T743,0.9
carparts_T744,0.9
carparts_T745,0.9
carparts_T746,0.9
carparts_T747,0.9
carparts_T748,0.9
carparts_T749,0.9
carparts_T75,0.9
carparts_T751,0.9
carparts_T752,0.9
carparts_T753,0.9
carparts_T754,0.9
carparts_T755,0.9
carparts_T756,0.9
carparts_T757,0.9
carparts_T758,0.9
carparts_T759,0.9
carparts_T76,0.9
carparts_T760,0.9
carparts_T761,0.9
carparts_T762,0.9
carparts_T763,0.9
carparts_T764,0.9
carparts_T765,0.9
carparts_T766,0.9
carparts_T767,0.9
carparts_T768,0.9
carparts_T769,0.9
carparts_T77,0.9
carparts_T770,0.9
carparts_T771,0.9
carparts_T772,0.9
carparts_T773,0.9
carparts_T774,0.9
carparts_T775,0.9
carparts_T776,0.9
carparts_T777,0.9
carparts_T778,0.9
carparts_T779,0.9
carparts_T78,0.9
carparts_T780,0.9
carparts_T781,0.9
carparts_T782,0.9
carparts_T783,0.9
carparts_T784,0.9
carparts_T785,0.9
carparts_T786,0.9
carparts_T787,0.9
carparts_T788,0.9
carparts_T789,0.9
carparts_T79,0.9
carparts_T790,0.9
carparts_T791,0.9
carparts_T792,0.9
carparts_T793,0.9
carparts_T794,0.9
carparts_T795,0.9
carparts_T796,0.9
carparts_T797,0.9
carparts_T8,0.9
carparts_T800,0.9
carparts_T801,0.9
carparts_T802,0.9
carparts_T803,0.9
carparts_T804,0.9
carparts_T806,0.9
carparts_T807,0.9
carparts_T808,0.9
carparts_T81,0.9
carparts_T810,0.9
carparts_T811,0.9
carparts_T813,0.9
carparts_T814,0.9
carparts_T815,0.9
carparts_T816,0.9
carparts_T817,0.9
carparts_T818,0.9
carparts_T819,0.9
carparts_T82,0.9
carparts_T822,0.9
carparts_T823,0.9
carparts_T824,0.9
carparts_T825,0.9
carparts_T826,0.9
carparts_T827,0.9
carparts_T828,0.9
carparts_T829,0.9
carparts_T83,0.9
carparts_T831,0.9
carparts_T835,0.9
carparts_T836,0.9
carparts_T837,0.9
carparts_T838,0.9
carparts_T839,0.9
carparts_T84,0.9
carparts_T840,0.9
carparts_T841,0.9
carparts_T842,0.9
carparts_T843,0.9
carparts_T844,0.9
carparts_T845,0.9
carparts_T846,0.9
carparts_T847,0.9
carparts_T848,0.9
carparts_T849,0.9
carparts_T85,0.9
carparts_T850,0.9
carparts_T851,0.9
carparts_T852,0.9
carparts_T853,0.9
carparts_T854,0.9
carparts_T855,0.9
carparts_T856,0.9
carparts_T857,0.9
carparts_T858,0.9
carparts_T859,0.9
carparts_T86,0.9
carparts_T860,0.9
carparts_T861,0.9
carparts_T862,0.9
carparts_T863,0.9
carparts_T864,0.9
carparts_T865,0.9
carparts_T866,0.9
carparts_T867,0.9
carparts_T868,0.9
carparts_T869,0.9
carparts_T870,0.9
carparts_T871,0.9
carparts_T872,0.9
carparts_T873,0.9
carparts_T874,0.9
carparts_T875,0.9
carparts_T876,0.9
carparts_T877,0.9
carparts_T878,0.9
carparts_T879,0.9
carparts_T88,0.9
carparts_T880,0.9
carparts_T881,0.9
carparts_T882,0.9
carparts_T883,0.9
carparts_T884,0.9
carparts_T885,0.9
carparts_T886,0.9
carparts_T887,0.9
carparts_T888,0.9
carparts_T889,0.9
carparts_T89,0.9
carparts_T890,0.9
carparts_T891,0.9
carparts_T892,0.9
carparts_T893,0.9
carparts_T894,0.9
carparts_T895,0.9
carparts_T897,0.9
carparts_T898,0.9
carparts_T90,0.9
carparts_T900,0.9
carparts_T901,0.9
carparts_T902,0.9
carparts_T903,0.9
carparts_T904,0.9
carparts_T907,0.9
carparts_T91,0.9
carparts_T910,0.9
carparts_T911,0.9
carparts_T912,0.9
carparts_T913,0.9
carparts_T914,0.9
carparts_T916,0.9
carparts_T917,0.9
carparts_T919,0.9
carparts_T92,0.9
carparts_T920,0.9
carparts_T921,0.9
carparts_T922,0.9
carparts_T923,0.9
carparts_T924,0.9
carparts_T925,0.9
carparts_T926,0.9
carparts_T927,0.9
carparts_T928,0.9
carparts_T929,0.9
carparts_T93,0.9
carparts_T930,0.9
carparts_T931,0.9
carparts_T932,0.9
carparts_T933,0.9
carparts_T934,0.9
carparts_T935,0.9
carparts_T936,0.9
carparts_T937,0.9
carparts_T938,0.9
carparts_T939,0.9
carparts_T94,0.9
carparts_T943,0.9
carparts_T944,0.9
carparts_T945,0.9
carparts_T946,0.9
carparts_T950,0.9
carparts_T951,0.9
carparts_T952,0.9
carparts_T953,0.9
carparts_T954,0.9
carparts_T955,0.9
carparts_T956,0.9
carparts_T957,0.9
carparts_T958,0.9
carparts_T959,0.9
carparts_T96,0.9
carparts_T960,0.9
carparts_T961,0.9
carparts_T962,0.9
carparts_T963,0.9
carparts_T964,0.9
carparts_T965,0.9
carparts_T966,0.9
carparts_T967,0.9
carparts_T968,0.9
carparts_T969,0.9
carparts_T97,0.9
carparts_T970,0.9
carparts_T971,0.9
carparts_T972,0.9
carparts_T973,0.9
carparts_T974,0.9
carparts_T975,0.9
carparts_T976,0.9
carparts_T977,0.9
carparts_T978,0.9
carparts_T979,0.9
carparts_T98,0.9
carparts_T980,0.9
carparts_T981,0.9
carparts_T982,0.9
carparts_T983,0.9
carparts_T984,0.9
carparts_T985,0.9
carparts_T986,0.9
carparts_T987,0.9
carparts_T988,0.9
carparts_T989,0.9
carparts_T99,0.9
carparts_T990,0.9
carparts_T991,0.9
carparts_T992,0.9
carparts_T993,0.9
carparts_T994,0.9
carparts_T995,0.9
carparts_T996,0.9
carparts_T997,0.9
carparts_T998,0.9
carparts_T999,0.9
