panel,model,q,cov_all,cov_pos,mean_qhat_pos,share_qhat_zero
m5,EBB,0.1,0.612,0.015,0.415,0.943
m5,EBB,0.25,0.627,0.052,0.846,0.864
m5,EBB,0.5,0.661,0.14,1.766,0.649
m5,EBB,0.75,0.744,0.351,3.167,0.279
m5,EBB,0.9,0.862,0.649,5.004,0.206
m5,TweedieGP,0.1,0.609,0.006,0.262,0.975
m5,TweedieGP,0.25,0.618,0.03,0.59,0.92
m5,TweedieGP,0.5,0.658,0.132,1.481,0.756
m5,TweedieGP,0.75,0.75,0.365,3.038,0.464
m5,TweedieGP,0.9,0.863,0.652,4.985,0.134
online_retail,EBB,0.1,0.74,0.0,0.0,1.0
online_retail,EBB,0.25,0.74,0.001,0.07,0.988
online_retail,EBB,0.5,0.754,0.055,1.662,0.855
online_retail,EBB,0.75,0.811,0.275,7.054,0.617
online_retail,EBB,0.9,0.892,0.584,19.027,0.362
online_retail,TweedieGP,0.1,0.74,0.0,0.0,1.0
online_retail,TweedieGP,0.25,0.74,0.002,0.117,0.99
online_retail,TweedieGP,0.5,0.758,0.071,2.42,0.834
online_retail,TweedieGP,0.75,0.845,0.404,11.313,0.494
online_retail,TweedieGP,0.9,0.918,0.684,24.87,0.215
