panel,L,median_len,median_lambda_occ,median_lambda_size,spl_both,q90_both,spl_occ_only,q90_occ_only,spl_size_only,q90_size_only,spl_none,q90_none,occ_effect_mean_pct,occ_effect_q90_pct,size_effect_mean_pct,size_effect_q90_pct,total_mean_pct,total_q90_pct
auto,6,6,0.2779,0.8674,0.301,0.2729,0.3018,0.2737,0.3139,0.2723,0.3166,0.2758,4.29,-0.22,0.27,0.29,5.18,1.06
auto,12,12,0.3773,0.92,0.2948,0.2616,0.2946,0.2616,0.3,0.2615,0.3007,0.2623,1.76,-0.04,-0.07,0.0,2.0,0.27
auto,full,18,0.4215,0.94,0.2937,0.2599,0.2935,0.2598,0.2967,0.2598,0.2971,0.2601,1.02,-0.04,-0.07,-0.04,1.16,0.08
carparts,6,6,0.5851,0.18,0.3199,0.4665,0.3186,0.4624,0.3272,0.4649,0.3272,0.4667,2.28,-0.34,-0.41,-0.88,2.28,0.04
carparts,12,12,0.5605,0.2312,0.3198,0.4689,0.3166,0.4547,0.3182,0.4549,0.3164,0.4483,-0.5,-2.99,-1.0,-3.03,-1.06,-4.39
carparts,24,24,0.5959,0.2449,0.3207,0.4735,0.3166,0.4547,0.3179,0.453,0.3149,0.4424,-0.87,-4.33,-1.28,-3.97,-1.81,-6.57
carparts,full,45,0.6281,0.2244,0.323,0.4818,0.3181,0.4595,0.319,0.4567,0.3158,0.4455,-1.24,-5.21,-1.52,-4.63,-2.23,-7.53
m5,28,28,0.9096,0.8122,1.6938,2.5628,1.6796,2.517,1.6834,2.5017,1.6696,2.454,-0.61,-2.38,-0.84,-1.79,-1.43,-4.25
m5,56,56,0.9284,0.8387,1.6649,2.5178,1.652,2.4711,1.6721,2.4683,1.6631,2.4312,0.43,-1.97,-0.77,-1.85,-0.11,-3.44
m5,112,112,0.9305,0.8441,1.6718,2.4495,1.6597,2.4033,1.6721,2.467,1.6624,2.4348,0.02,0.71,-0.72,-1.89,-0.56,-0.6
m5,224,224,0.9311,0.8422,1.6605,2.4975,1.6491,2.4576,1.6716,2.4702,1.6624,2.4348,0.67,-1.09,-0.69,-1.6,0.11,-2.51
m5,448,448,0.9311,0.8415,1.669,2.4519,1.6577,2.4096,1.6713,2.4646,1.662,2.434,0.14,0.52,-0.68,-1.73,-0.42,-0.73
m5,full,1294,0.9311,0.8408,1.673,2.4804,1.6565,2.4241,1.6736,2.477,1.6626,2.436,0.04,-0.14,-0.99,-2.27,-0.62,-1.79
online_retail,14,14,0.8228,0.4049,0.8894,1.5444,0.8876,1.537,0.8893,1.5411,0.8891,1.5399,-0.01,-0.21,-0.2,-0.48,-0.03,-0.29
online_retail,28,28,0.87,0.5064,0.8862,1.5312,0.8853,1.5284,0.8864,1.5315,0.8861,1.5303,0.02,0.02,-0.1,-0.18,-0.01,-0.06
online_retail,56,56,0.8932,0.5459,0.8852,1.5278,0.8845,1.5259,0.8854,1.5285,0.8851,1.5276,0.02,0.05,-0.08,-0.12,-0.01,-0.01
online_retail,full,119,0.8953,0.5534,0.8849,1.5268,0.8842,1.5249,0.8851,1.5276,0.8847,1.5266,0.02,0.05,-0.08,-0.12,-0.02,-0.01
raf,6,6,0.0366,0.0,0.2677,0.4843,0.2674,0.4829,0.3054,0.6285,0.2993,0.6004,14.08,29.77,-0.11,-0.29,11.8,23.97
raf,12,12,0.075,0.6824,0.2847,0.5652,0.2794,0.5393,0.2793,0.5378,0.2767,0.5253,-1.9,-4.85,-1.86,-4.58,-2.81,-7.06
raf,24,24,0.1349,0.7903,0.2706,0.4989,0.2698,0.4947,0.273,0.5105,0.272,0.5052,0.89,2.33,-0.3,-0.84,0.52,1.26
raf,48,48,0.1523,0.8911,0.2671,0.4814,0.2671,0.4812,0.2713,0.5025,0.2708,0.4997,1.57,4.38,0.0,-0.04,1.39,3.8
raf,full,72,0.1056,0.9173,0.2681,0.4866,0.268,0.486,0.2703,0.4976,0.27,0.4959,0.82,2.26,-0.04,-0.12,0.71,1.91
