model,online_retail,carparts,auto,raf,m5
ACI-ADIDA,126.26985649997368,7.4358575999503955,8.930843899957836,27.32352600002196,580.8
ACI-EBB,52.25221959990449,4.22404150001239,4.772645500081126,13.282270400202831,217.3461721004569
ACI-TSB,126.27011719997972,,,,
AutoARIMA,1168.774168050004,3849.889329350001,762.7317516000185,9735.021224800004,
AutoTheta,1168.774168050004,3849.889329350001,762.7317516000185,9735.021224800004,
CP-ADIDA,,9.56246078000404,4.394948400009889,37.959977940039245,464.82
CP-Croston,,9.56246078000404,4.394948400009889,37.959977940039245,
CP-IMAPA,,9.56246078000404,4.394948400009889,37.959977940039245,
CP-SBA,,9.56246078000404,4.394948400009889,37.959977940039245,
CP-TSB,,9.56246078000404,4.394948400009889,37.959977940039245,
EBB,22.44,3.41,3.58,13.52,36.6
EBB-rule,22.44,3.41,4.772645500081126,13.52,217.3461721004569
TweedieGP,6030.0,2686.1,2138.7,8483.9,
iETS,1794.511211999983,269.72891830001026,212.6314237999613,1254.1476828999585,
