panel,L,median_len,median_lambda_occ,median_lambda_size,CP-ADIDA,CP-Croston,EBB,TweedieGP,Zero,adv_vs_TweedieGP,adv_vs_CP-ADIDA,adv_vs_CP-Croston,Lnum
auto,6,6,0.2779,0.8674,0.3363,0.3529,0.3009,0.3221,0.5612,6.5818,10.5263,14.7351,6
auto,12,12,0.3773,0.92,0.3317,0.3322,0.2948,0.3017,0.5612,2.287,11.1245,11.2583,12
auto,full,18,0.4215,0.94,0.3275,0.326,0.2937,0.2985,0.5612,1.608,10.3206,9.908,1000000000
carparts,6,6,0.5851,0.18,0.3858,0.4717,0.3199,0.3279,0.3736,2.4398,17.0814,32.1815,6
carparts,12,12,0.5605,0.2312,0.3628,0.4367,0.3197,0.3173,0.3736,-0.7564,11.8798,26.7918,12
carparts,24,24,0.5959,0.2449,0.3585,0.4108,0.3206,0.3145,0.3736,-1.9396,10.5718,21.9572,24
carparts,full,45,0.6281,0.2244,0.3571,0.4012,0.3229,0.3214,0.3736,-0.4667,9.5771,19.5165,1000000000
online_retail,14,14,0.8228,0.4049,1.0106,1.0694,0.8894,0.892,0.9161,0.2915,11.9929,16.8319,14
online_retail,28,28,0.87,0.5064,1.1519,1.2089,0.8862,0.8879,0.9161,0.1915,23.0662,26.6937,28
online_retail,56,56,0.8932,0.5459,1.1247,1.3,0.8852,0.8859,0.9161,0.079,21.2946,31.9077,56
online_retail,full,119,0.8953,0.5534,1.1239,1.5502,0.8849,0.8845,0.9161,-0.0452,21.2652,42.917,1000000000
raf,6,6,0.0366,0.0,0.4071,0.581,0.273,0.3079,0.2669,11.3348,32.9403,53.012,6
raf,12,12,0.075,0.6824,0.3506,0.5374,0.2696,0.2811,0.2669,4.0911,23.1033,49.8325,12
raf,24,24,0.1349,0.7903,0.3208,0.4158,0.2669,0.2788,0.2669,4.2683,16.8017,35.8105,24
raf,48,48,0.1523,0.8911,0.3141,0.3475,0.2674,0.2769,0.2669,3.4308,14.8679,23.0504,48
raf,full,72,0.1056,0.9173,0.3097,0.3322,0.268,0.2763,0.2669,3.004,13.4646,19.3257,1000000000
