panel,L,median_len,median_lambda_occ,median_lambda_size,model,spl_mean,spl_q90,n_series,wall_s,tg_fallback_zero
online_retail,14,14,0.8228,0.4049,EBB,0.8894,1.5447,3649,37.7,
online_retail,14,14,0.8228,0.4049,Zero,0.9161,1.649,3649,0.0,
online_retail,14,14,0.8228,0.4049,CP-ADIDA,1.0106,1.9368,3649,8.5,
online_retail,14,14,0.8228,0.4049,CP-Croston,1.0694,1.8136,3649,9.5,
online_retail,14,14,0.8228,0.4049,TweedieGP,0.892,1.5418,3649,1241.5,192935.0
online_retail,28,28,0.87,0.5064,EBB,0.8862,1.5313,3649,22.6,
online_retail,28,28,0.87,0.5064,Zero,0.9161,1.649,3649,0.0,
online_retail,28,28,0.87,0.5064,CP-ADIDA,1.1519,2.6456,3649,4.9,
online_retail,28,28,0.87,0.5064,CP-Croston,1.2089,2.4972,3649,5.7,
online_retail,28,28,0.87,0.5064,TweedieGP,0.8879,1.531,3649,1107.0,129024.0
online_retail,56,56,0.8932,0.5459,EBB,0.8852,1.5278,3649,22.6,
online_retail,56,56,0.8932,0.5459,Zero,0.9161,1.649,3649,0.0,
online_retail,56,56,0.8932,0.5459,CP-ADIDA,1.1247,2.5342,3649,5.7,
online_retail,56,56,0.8932,0.5459,CP-Croston,1.3,2.4961,3649,6.4,
online_retail,56,56,0.8932,0.5459,TweedieGP,0.8859,1.5267,3649,1205.2,74624.0
online_retail,full,119,0.8953,0.5534,EBB,0.8849,1.5268,3649,22.9,
online_retail,full,119,0.8953,0.5534,Zero,0.9161,1.649,3649,0.0,
online_retail,full,119,0.8953,0.5534,CP-ADIDA,1.1239,2.5409,3649,6.1,
online_retail,full,119,0.8953,0.5534,CP-Croston,1.5502,2.7686,3649,6.8,
online_retail,full,119,0.8953,0.5534,TweedieGP,0.8845,1.5218,3649,1750.1,0.0
auto,6,6,0.2779,0.8674,EBB,0.3009,0.2728,3000,9.3,
auto,6,6,0.2779,0.8674,Zero,0.5612,1.0102,3000,0.0,
auto,6,6,0.2779,0.8674,CP-ADIDA,0.3363,0.3171,3000,5.4,
auto,6,6,0.2779,0.8674,CP-Croston,0.3529,0.3233,3000,5.4,
auto,6,6,0.2779,0.8674,TweedieGP,0.3221,0.2764,3000,447.2,0.0
auto,12,12,0.3773,0.92,EBB,0.2948,0.2615,3000,4.9,
auto,12,12,0.3773,0.92,Zero,0.5612,1.0102,3000,0.0,
auto,12,12,0.3773,0.92,CP-ADIDA,0.3317,0.3161,3000,1.6,
auto,12,12,0.3773,0.92,CP-Croston,0.3322,0.3256,3000,1.7,
auto,12,12,0.3773,0.92,TweedieGP,0.3017,0.2619,3000,325.5,0.0
auto,full,18,0.4215,0.94,EBB,0.2937,0.2599,3000,5.9,
auto,full,18,0.4215,0.94,Zero,0.5612,1.0102,3000,0.0,
auto,full,18,0.4215,0.94,CP-ADIDA,0.3275,0.3082,3000,1.9,
auto,full,18,0.4215,0.94,CP-Croston,0.326,0.3105,3000,1.9,
auto,full,18,0.4215,0.94,TweedieGP,0.2985,0.2598,3000,304.8,0.0
carparts,6,6,0.5851,0.18,EBB,0.3199,0.4663,2509,3.5,
carparts,6,6,0.5851,0.18,Zero,0.3736,0.6725,2509,0.0,
carparts,6,6,0.5851,0.18,CP-ADIDA,0.3858,0.4969,2509,2.3,
carparts,6,6,0.5851,0.18,CP-Croston,0.4717,0.5173,2509,2.4,
carparts,6,6,0.5851,0.18,TweedieGP,0.3279,0.466,2509,174.7,4896.0
carparts,12,12,0.5605,0.2312,EBB,0.3197,0.4683,2509,3.6,
carparts,12,12,0.5605,0.2312,Zero,0.3736,0.6725,2509,0.0,
carparts,12,12,0.5605,0.2312,CP-ADIDA,0.3628,0.4872,2509,2.1,
carparts,12,12,0.5605,0.2312,CP-Croston,0.4367,0.5093,2509,2.1,
carparts,12,12,0.5605,0.2312,TweedieGP,0.3173,0.4484,2509,239.4,2634.0
carparts,24,24,0.5959,0.2449,EBB,0.3206,0.4732,2509,3.7,
carparts,24,24,0.5959,0.2449,Zero,0.3736,0.6725,2509,0.0,
carparts,24,24,0.5959,0.2449,CP-ADIDA,0.3585,0.4897,2509,2.8,
carparts,24,24,0.5959,0.2449,CP-Croston,0.4108,0.5154,2509,2.9,
carparts,24,24,0.5959,0.2449,TweedieGP,0.3145,0.4442,2509,304.0,786.0
carparts,full,45,0.6281,0.2244,EBB,0.3229,0.4817,2509,3.9,
carparts,full,45,0.6281,0.2244,Zero,0.3736,0.6725,2509,0.0,
carparts,full,45,0.6281,0.2244,CP-ADIDA,0.3571,0.4982,2509,3.7,
carparts,full,45,0.6281,0.2244,CP-Croston,0.4012,0.5433,2509,3.7,
carparts,full,45,0.6281,0.2244,TweedieGP,0.3214,0.46,2509,318.5,36.0
raf,6,6,0.0366,0.0,EBB,0.273,0.503,5000,108.7,
raf,6,6,0.0366,0.0,Zero,0.2669,0.4805,5000,0.0,
raf,6,6,0.0366,0.0,CP-ADIDA,0.4071,0.5018,5000,4.1,
raf,6,6,0.0366,0.0,CP-Croston,0.581,0.53,5000,4.2,
raf,6,6,0.0366,0.0,TweedieGP,0.3079,0.6228,5000,320.3,30348.0
raf,12,12,0.075,0.6824,EBB,0.2696,0.4918,5000,115.7,
raf,12,12,0.075,0.6824,Zero,0.2669,0.4805,5000,0.0,
raf,12,12,0.075,0.6824,CP-ADIDA,0.3506,0.5101,5000,5.0,
raf,12,12,0.075,0.6824,CP-Croston,0.5374,0.5435,5000,5.1,
raf,12,12,0.075,0.6824,TweedieGP,0.2811,0.5322,5000,926.8,11292.0
raf,24,24,0.1349,0.7903,EBB,0.2669,0.4805,5000,322.2,
raf,24,24,0.1349,0.7903,Zero,0.2669,0.4805,5000,0.0,
raf,24,24,0.1349,0.7903,CP-ADIDA,0.3208,0.4914,5000,25.2,
raf,24,24,0.1349,0.7903,CP-Croston,0.4158,0.5054,5000,25.4,
raf,24,24,0.1349,0.7903,TweedieGP,0.2788,0.5292,5000,1278.8,0.0
raf,48,48,0.1523,0.8911,EBB,0.2674,0.483,5000,300.8,
raf,48,48,0.1523,0.8911,Zero,0.2669,0.4805,5000,0.0,
raf,48,48,0.1523,0.8911,CP-ADIDA,0.3141,0.4909,5000,27.0,
raf,48,48,0.1523,0.8911,CP-Croston,0.3475,0.4952,5000,27.2,
raf,48,48,0.1523,0.8911,TweedieGP,0.2769,0.5242,5000,1311.3,0.0
raf,full,72,0.1056,0.9173,EBB,0.268,0.4856,5000,391.3,
raf,full,72,0.1056,0.9173,Zero,0.2669,0.4805,5000,0.0,
raf,full,72,0.1056,0.9173,CP-ADIDA,0.3097,0.4905,5000,28.8,
raf,full,72,0.1056,0.9173,CP-Croston,0.3322,0.4927,5000,29.0,
raf,full,72,0.1056,0.9173,TweedieGP,0.2763,0.5219,5000,1343.0,0.0
