separation,discount,T,gain_true,gain_true_se,gain_learned,gain_learned_se,gain_learned_cred,gain_learned_split,gain_learned_split_cred,gain_learned_split_cred_se,lambda_size,r2_true,r2_learned,k_learned,k_learned_split
0.0,0.9,30,1.0579,1.1132,0.0,0.0,0.0,-0.5951,-0.5951,1.1681,0.0,0.0176,0.0,1.0,1.0
0.0,0.9,120,-0.3394,0.3126,0.0,0.0,0.0,-0.797,-0.797,0.2601,0.0,0.0202,0.0,1.0,1.0
0.0,0.95,30,-0.0415,0.1333,-0.0363,0.0363,-0.0363,0.081,0.081,0.1968,0.0056,0.0178,0.0495,1.0,1.0
0.0,0.95,120,-0.0196,0.2178,0.0,0.0,0.0,-0.5093,-0.5093,0.2509,0.0,0.0168,0.0,1.0,1.0
0.0,1.0,30,-0.1576,0.1235,0.0,0.0,0.0,-0.3868,-0.3868,0.4628,0.408,0.0063,0.0,1.0,1.0
0.0,1.0,120,-0.1008,0.0541,-0.0658,0.0658,-0.0664,0.0528,0.0528,0.0242,0.7719,0.0113,0.0018,1.0,1.0
0.25,0.9,30,0.0482,0.9198,0.0,0.0,0.0,-0.2973,-0.2973,1.007,0.0,0.1485,0.0,1.0,1.0
0.25,0.9,120,-0.2185,0.3782,0.0,0.0,0.0,-1.6349,-1.6349,0.2792,0.0,0.135,0.0,1.0,1.0
0.25,0.95,30,0.8982,0.4891,0.0,0.0,0.0,0.6575,0.6575,0.8479,0.0558,0.1639,0.0,1.0,1.0
0.25,0.95,120,0.2619,0.1437,-0.0714,0.0714,-0.0691,-0.7228,-0.7228,0.2228,0.0815,0.2199,0.0649,1.0,1.0
0.25,1.0,30,-0.0296,0.2804,0.0,0.0,0.0,0.1289,0.1289,0.1246,0.5881,0.1919,0.0,1.0,1.0
0.25,1.0,120,-0.2149,0.0436,0.0,0.0,0.0,0.0433,0.0433,0.0529,0.8424,0.2788,0.0,1.0,1.0
0.5,0.9,30,2.6655,0.2582,0.1303,0.108,0.1609,-1.3797,-1.3797,0.3371,0.0598,0.3939,0.1127,1.0,1.0
0.5,0.9,120,2.261,0.3385,-0.0011,0.0011,-0.0011,-1.7566,-1.7566,0.1176,0.0,0.4313,0.01,1.0,1.0
0.5,0.95,30,-0.9817,0.4069,-1.7945,0.7103,-1.5807,-0.9435,-0.9435,0.3523,0.3953,0.4598,0.2855,2.0,1.0
0.5,0.95,120,1.2408,0.1974,-0.3791,0.191,-0.1548,-1.0018,-0.9602,0.1924,0.4024,0.5129,0.3864,2.0,1.0
0.5,1.0,30,-0.5874,0.4113,-2.8324,0.4777,-3.304,0.0133,0.0183,0.1887,0.7258,0.4433,0.3993,2.0,1.0
0.5,1.0,120,-0.4244,0.1159,-0.6138,0.076,-0.7166,-0.531,-0.6235,0.0856,0.9122,0.5928,0.5172,2.0,2.0
1.0,0.9,30,0.9205,0.4724,-2.0755,0.6391,-0.4749,-1.6136,-0.7307,0.3033,0.4998,0.7131,0.5696,2.0,2.0
1.0,0.9,120,1.112,0.4485,-1.6347,0.3197,-0.7304,-2.0942,-1.1042,0.4602,0.4872,0.6869,0.5768,2.0,2.0
1.0,0.95,30,-0.0193,0.3261,-1.7102,0.3265,-1.3717,-1.6793,-0.2967,0.2752,0.7251,0.7283,0.5922,2.0,2.0
1.0,0.95,120,-0.1443,0.1634,-1.4971,0.1846,-1.0838,-2.3122,-0.7963,0.2202,0.7444,0.7863,0.651,2.0,2.0
1.0,1.0,30,-0.4642,0.3084,-1.636,0.2919,-2.4856,-1.2344,-1.7334,0.4103,0.8918,0.7546,0.7211,3.0,2.0
1.0,1.0,120,-0.2347,0.0754,-0.2744,0.0657,-0.5673,-0.2499,-0.4726,0.0635,0.9698,0.8535,0.8341,4.0,3.0
2.0,0.9,30,-0.0266,1.0697,-0.7789,0.8022,-0.723,-2.1136,-0.4305,0.3134,0.8556,0.9124,0.8278,3.0,2.0
2.0,0.9,120,1.8043,0.4846,-0.0546,0.5614,-0.3301,-1.6736,-0.1417,0.3814,0.8302,0.9102,0.7677,2.0,2.0
2.0,0.95,30,-0.5546,0.3777,-1.2444,0.4394,-2.1494,0.2458,0.4583,0.328,0.9209,0.9213,0.8496,3.0,2.0
2.0,0.95,120,-0.7328,0.4297,-0.9424,0.386,-0.4787,-0.8874,0.0054,0.2926,0.9309,0.935,0.8775,3.0,3.0
2.0,1.0,30,-0.517,0.3611,-0.7977,0.2683,-2.0491,-0.7825,-1.469,0.2508,0.9677,0.9302,0.9081,4.0,3.0
2.0,1.0,120,-0.4413,0.1012,-0.4498,0.0989,-0.7016,-0.3601,-0.617,0.0936,0.9919,0.9611,0.9535,4.0,4.0
3.0,0.9,30,-1.5647,1.1623,-1.7119,1.1272,-1.6432,-1.1167,-0.5069,0.7994,0.9259,0.9567,0.8746,3.0,3.0
3.0,0.9,120,2.2462,0.384,1.8352,0.4014,0.9443,-0.3062,0.7781,0.2993,0.9192,0.9594,0.8946,3.0,3.0
3.0,0.95,30,-1.0536,0.5946,-1.0583,0.5956,-1.1093,-1.144,-0.3044,0.5411,0.9657,0.9628,0.966,4.0,3.0
3.0,0.95,120,-0.7878,0.3857,-0.5856,0.3483,-0.67,-0.9352,-0.6824,0.6994,0.9664,0.9704,0.9711,4.0,3.0
3.0,1.0,30,-0.4362,0.2946,-0.4688,0.2858,-1.8147,-0.554,-1.8065,0.6117,0.9844,0.9657,0.9669,4.0,4.0
3.0,1.0,120,-0.2302,0.1194,-0.2304,0.1194,-0.65,-0.1629,-0.5552,0.1462,0.9962,0.9815,0.9815,4.0,4.0
