panel,reference,comparator,mean_diff,n_series,t_stat,t_pval_raw,wilcoxon_pval_raw,t_pval_holm,wilcoxon_pval_holm,ref_better,significant_5pct
online_retail,EBB,ACI-ADIDA,-0.0568653091615343,3649,-7.512467612569398,7.256717491101273e-14,0.0,2.1770152473303818e-13,0.0,True,True
online_retail,EBB,ACI-EBB,-0.05422414155610379,3649,-6.146001553287696,8.801135159109277e-10,8.353202051278825e-238,1.7602270318218554e-09,1.670640410255765e-237,True,True
online_retail,EBB,ACI-TSB,-0.0884923718848917,3649,-9.23948367777577,4.097116209234342e-20,0.0,1.638846483693737e-19,0.0,True,True
online_retail,EBB,AutoARIMA,-0.2087531725447051,3649,-11.777216126962823,1.8855339090469683e-31,0.0,1.131320345428181e-30,0.0,True,True
online_retail,EBB,AutoTheta,-0.20463634629469443,3649,-11.203208728373149,1.1490346979891912e-28,0.0,5.745173489945956e-28,0.0,True,True
online_retail,EBB,TweedieGP,0.0014126095640019424,3649,0.1577636981747758,0.8746517365313407,1.0140640663575654e-33,0.8746517365313407,1.0140640663575654e-33,False,False
online_retail,EBB,iETS,-0.2551942380291752,3649,-15.15755476471187,2.2429377709015644e-50,0.0,1.5700564396310951e-49,0.0,True,True
online_retail,ACI-EBB,ACI-ADIDA,-0.002641167605430512,3649,-0.26111470244660123,0.7940187933937489,7.545434751173699e-231,0.7940187933937489,1.5090869502347398e-230,True,False
online_retail,ACI-EBB,ACI-TSB,-0.03426823032878792,3649,-3.182733071547329,0.0014711807403570405,3.70399786554305e-304,0.002942361480714081,1.8519989327715254e-303,True,True
online_retail,ACI-EBB,AutoARIMA,-0.15452903098860132,3649,-10.013982639366313,2.6387183637873882e-23,0.0,1.583231018272433e-22,0.0,True,True
online_retail,ACI-EBB,AutoTheta,-0.15041220473859065,3649,-8.748195214994047,3.254189575846674e-18,8.151721911425824e-309,1.627094787923337e-17,4.891033146855495e-308,True,True
online_retail,ACI-EBB,EBB,0.05422414155610379,3649,6.146001553287696,8.801135159109277e-10,8.353202051278825e-238,3.520454063643711e-09,2.5059606153836477e-237,False,True
online_retail,ACI-EBB,TweedieGP,0.055636751120105736,3649,4.697660735198769,2.7286050847130635e-06,2.7072072196611194e-63,8.185815254139191e-06,2.7072072196611194e-63,False,True
online_retail,ACI-EBB,iETS,-0.20097009647307135,3649,-11.23740552730647,7.906689812376058e-29,1.5381929355526418e-290,5.534682868663241e-28,6.152771742210567e-290,True,True
carparts,EBB,ACI-ADIDA,-0.02714787933636999,2503,-18.55498386962642,4.119815685347598e-72,3.117362118923683e-154,4.119815685347598e-71,9.352086356771048e-154,True,True
carparts,EBB,ACI-EBB,0.0017050022942317472,2503,1.8167918030027355,0.06936859416282277,1.0011704197180156e-09,0.13873718832564555,2.002340839436031e-09,False,False
carparts,EBB,AutoARIMA,-0.1049407057601897,2503,-15.510970733451943,7.039063124145003e-52,3.354289406095689e-281,2.111718937243501e-51,3.6897183467052577e-280,True,True
carparts,EBB,AutoTheta,-0.09109588351975649,2503,-18.272188654930087,4.095425213914114e-70,6.7173242243007e-276,3.6858826925227025e-69,6.7173242243007e-275,True,True
carparts,EBB,CP-ADIDA,-0.03635319701814168,2503,-16.359758169745874,3.119554581380863e-57,1.133989820387451e-175,1.2478218325523451e-56,4.535959281549804e-175,True,True
carparts,EBB,CP-Croston,-0.08082061123461229,2503,-16.663112711560935,3.3527865783933427e-59,4.493319145351142e-183,2.0116719470360055e-58,3.145323401745799e-182,True,True
carparts,EBB,CP-IMAPA,-0.034664967076849226,2503,-21.425570381822194,1.2147061032019325e-93,6.977390740574378e-183,1.3361767135221258e-92,4.186434444344627e-182,True,True
carparts,EBB,CP-SBA,-0.07833505275145997,2503,-16.59716046191805,9.033689943630202e-59,1.7893144161517916e-180,4.516844971815101e-58,8.946572080758958e-180,True,True
carparts,EBB,CP-TSB,-0.06911066399468946,2503,-17.893229777727637,1.7878498767877238e-67,1.6442899504159004e-237,1.430279901430179e-66,1.4798609553743104e-236,True,True
carparts,EBB,TweedieGP,0.0024085270523331935,2503,0.7386694269183467,0.46017703881369987,0.9116550397960983,0.46017703881369987,0.9116550397960983,False,False
carparts,EBB,iETS,-0.12166019704677575,2503,-16.767339194011097,6.956310441439804e-60,3.15612558041068e-213,4.869417309007863e-59,2.524900464328544e-212,True,True
carparts,ACI-EBB,ACI-ADIDA,-0.02885288163060173,2503,-18.807328099859646,6.502472566929395e-74,1.3598234795103618e-161,6.502472566929396e-73,4.079470438531085e-161,True,True
carparts,ACI-EBB,AutoARIMA,-0.10664570805442143,2503,-15.17845123770095,7.609715999533629e-50,1.747131684919048e-267,3.0438863998134515e-49,1.921844853410953e-266,True,True
carparts,ACI-EBB,AutoTheta,-0.09280088581398822,2503,-17.939235017552793,8.591896272919457e-68,1.386745932212803e-258,6.873517018335566e-67,1.2480713389915228e-257,True,True
carparts,ACI-EBB,CP-ADIDA,-0.03805819931237342,2503,-13.300404761586046,4.722003202852592e-39,1.5777493540807856e-168,1.4166009608557776e-38,9.466496124484715e-168,True,True
carparts,ACI-EBB,CP-Croston,-0.08252561352884404,2503,-15.518502983002039,6.324501975403837e-52,4.680113187764005e-167,3.7947011852423024e-51,2.3400565938820028e-166,True,True
carparts,ACI-EBB,CP-IMAPA,-0.03636996937108096,2503,-18.129301796900382,4.0990131893024875e-69,2.6405412244498445e-174,3.6891118703722385e-68,1.8483788571148912e-173,True,True
carparts,ACI-EBB,CP-SBA,-0.08004005504569171,2503,-15.39701623801676,3.536577008969175e-51,1.3142225975687348e-164,1.7682885044845873e-50,5.256890390274939e-164,True,True
carparts,ACI-EBB,CP-TSB,-0.07081566628892122,2503,-19.645728606998,4.983444257417272e-80,3.921319604787704e-261,5.481788683159e-79,3.921319604787704e-260,True,True
carparts,ACI-EBB,EBB,-0.0017050022942317472,2503,-1.8167918030027355,0.06936859416282277,1.0011704197180156e-09,0.13873718832564555,2.002340839436031e-09,True,False
carparts,ACI-EBB,TweedieGP,0.0007035247581014469,2503,0.2687433713033126,0.7881493305864251,0.6884044105715412,0.7881493305864251,0.6884044105715412,False,False
carparts,ACI-EBB,iETS,-0.12336519934100748,2503,-17.347913970364807,9.472735804320252e-64,1.466716449833402e-219,6.630915063024176e-63,1.1733731598667217e-218,True,True
auto,EBB,ACI-ADIDA,-0.02371208099551372,3000,-14.738748974130699,1.6059912834145387e-47,9.38266517042371e-176,8.029956417072693e-47,4.6913325852118545e-175,True,True
auto,EBB,ACI-EBB,0.0008969588644307297,3000,2.0208357517243165,0.0433854690258322,5.501797016962859e-08,0.0867709380516644,1.1003594033925718e-07,False,False
auto,EBB,AutoARIMA,-0.022923396887908277,3000,-17.374231686118993,1.6806980011378642e-64,5.347393126595107e-126,1.3445584009102914e-63,1.6042179379785322e-125,True,True
auto,EBB,AutoTheta,-0.03137737550933743,3000,-9.098251241159616,1.6304707650913563e-19,4.01079788089982e-153,4.891412295274069e-19,1.604319152359928e-152,True,True
auto,EBB,CP-ADIDA,-0.026457558527838657,3000,-16.098016821087384,5.474241871947959e-56,2.2867406001262665e-178,3.284545123168776e-55,1.5901722141177502e-177,True,True
auto,EBB,CP-Croston,-0.027204381976466026,3000,-24.293548573770035,3.6827635251610553e-119,3.461129864068478e-185,3.6827635251610555e-118,2.7689038912547825e-184,True,True
auto,EBB,CP-IMAPA,-0.02661756270619648,3000,-16.188495568109023,1.4206221030284387e-56,2.271674591596786e-178,9.944354721199072e-56,1.5901722141177502e-177,True,True
auto,EBB,CP-SBA,-0.026727667088549307,3000,-25.11098075048531,1.8523272671362698e-126,9.720451007812357e-196,2.0375599938498968e-125,8.748405907031121e-195,True,True
auto,EBB,CP-TSB,-0.03874300312500039,3000,-14.362899755564175,2.7201478219941105e-45,5.37408072569595e-202,1.0880591287976442e-44,5.37408072569595e-201,True,True
auto,EBB,TweedieGP,-0.0013543372878007708,3000,-1.8575241794286175,0.0633345677714896,0.010815584845602091,0.0867709380516644,0.010815584845602091,True,False
auto,EBB,iETS,-0.0375875468443302,3000,-19.930626412856686,4.211148581932043e-83,2.9133770774114482e-226,3.790033723738839e-82,3.204714785152593e-225,True,True
auto,ACI-EBB,ACI-ADIDA,-0.02460903985994445,3000,-16.622144977810727,2.0270260962793854e-59,2.8012277652253476e-207,1.0135130481396927e-58,2.521104988702813e-206,True,True
auto,ACI-EBB,AutoARIMA,-0.02382035575233901,3000,-19.38941072462118,5.3494880872244644e-79,1.0037420203557728e-110,4.2795904697795715e-78,3.0112260610673183e-110,True,True
auto,ACI-EBB,AutoTheta,-0.03227433437376816,3000,-9.586719629531162,1.8404113642049236e-21,2.1329706796903033e-164,5.5212340926147705e-21,8.531882718761213e-164,True,True
auto,ACI-EBB,CP-ADIDA,-0.027354517392269385,3000,-17.632894460025323,2.727046760510404e-66,3.090056185101714e-191,1.6362280563062423e-65,2.1630393295711996e-190,True,True
auto,ACI-EBB,CP-Croston,-0.028101340840896757,3000,-24.146432343892563,7.288910053066217e-118,2.6398874414963744e-178,7.288910053066218e-117,1.3199437207481873e-177,True,True
auto,ACI-EBB,CP-IMAPA,-0.02751452157062721,3000,-17.744495339461796,4.538327547240549e-67,1.37969859897351e-192,3.176829283068384e-66,1.103758879178808e-191,True,True
auto,ACI-EBB,CP-SBA,-0.027624625952980035,3000,-24.75762720812722,2.767848582247724e-123,1.270354602719195e-186,3.0446334404724963e-122,7.62212761631517e-186,True,True
auto,ACI-EBB,CP-TSB,-0.03963996198943111,3000,-15.19767037785044,2.615891244897505e-50,3.4586279732616825e-232,1.046356497959002e-49,3.4586279732616826e-231,True,True
auto,ACI-EBB,EBB,-0.0008969588644307297,3000,-2.0208357517243165,0.0433854690258322,5.501797016962859e-08,0.0433854690258322,1.1003594033925718e-07,True,True
auto,ACI-EBB,TweedieGP,-0.0022512961522315007,3000,-3.9563412280854338,7.786949084733826e-05,0.9734849788008436,0.00015573898169467652,0.9734849788008436,True,False
auto,ACI-EBB,iETS,-0.03848450570876093,3000,-21.41624001850843,8.397949155161836e-95,3.6797940180000244e-235,7.558154239645652e-94,4.0477734198000266e-234,True,True
raf,EBB,ACI-ADIDA,-0.04034797056943128,5000,-26.785736171121705,8.290902408926066e-148,0.0,2.4872707226778196e-147,0.0,True,True
raf,EBB,ACI-EBB,-0.0062425095532047566,5000,-19.675771361304065,4.506349036364439e-83,1.0459620960249956e-109,9.012698072728879e-83,1.0459620960249956e-109,True,True
raf,EBB,AutoARIMA,-0.14022125563820334,5000,-96.11253731445204,0.0,0.0,0.0,0.0,True,True
raf,EBB,AutoTheta,-0.16265512247761532,5000,-74.60315317886031,0.0,0.0,0.0,0.0,True,True
raf,EBB,CP-ADIDA,-0.04138100425659094,5000,-45.95044303276212,0.0,0.0,0.0,0.0,True,True
raf,EBB,CP-Croston,-0.06182913927210492,5000,-37.058861271321206,7.858671595659601e-266,0.0,4.7152029573957606e-265,0.0,True,True
raf,EBB,CP-IMAPA,-0.044640068265482606,5000,-39.15691542444297,9.408590894651209e-293,0.0,6.586013626255846e-292,0.0,True,True
raf,EBB,CP-SBA,-0.05865213060337358,5000,-37.038955318322714,1.4022396768071782e-265,0.0,7.011198384035891e-265,0.0,True,True
raf,EBB,CP-TSB,-0.11612519240364025,5000,-35.66413396942292,2.1167822212909028e-248,0.0,8.467128885163611e-248,0.0,True,True
raf,EBB,TweedieGP,-0.012015825254540435,5000,-17.165780498054016,3.217911943567539e-64,1.4585829773580054e-183,3.217911943567539e-64,2.9171659547160108e-183,True,True
raf,EBB,iETS,-0.08558033125158813,5000,-64.31576324324905,0.0,0.0,0.0,0.0,True,True
raf,ACI-EBB,ACI-ADIDA,-0.034105461016226524,5000,-22.426384813454604,3.2330328123302207e-106,0.0,9.699098436990661e-106,0.0,True,True
raf,ACI-EBB,AutoARIMA,-0.13397874608499857,5000,-89.48115016053401,0.0,0.0,0.0,0.0,True,True
raf,ACI-EBB,AutoTheta,-0.15641261292441058,5000,-71.76952362335884,0.0,0.0,0.0,0.0,True,True
raf,ACI-EBB,CP-ADIDA,-0.03513849470338619,5000,-37.05140195495819,9.763198562800063e-266,0.0,7.81055885024005e-265,0.0,True,True
raf,ACI-EBB,CP-Croston,-0.05558662971890015,5000,-32.49942641903393,2.276196936988564e-210,0.0,1.138098468494282e-209,0.0,True,True
raf,ACI-EBB,CP-IMAPA,-0.03839755871227785,5000,-32.99591359047318,3.451136405752833e-216,0.0,2.0706818434517e-215,0.0,True,True
raf,ACI-EBB,CP-SBA,-0.052409621050168824,5000,-32.21684781529051,4.402411501108413e-207,0.0,1.7609646004433652e-206,0.0,True,True
raf,ACI-EBB,CP-TSB,-0.10988268285043548,5000,-34.18667444846858,2.257447949981907e-230,0.0,1.5802135649873348e-229,0.0,True,True
raf,ACI-EBB,EBB,0.0062425095532047566,5000,19.675771361304065,4.506349036364439e-83,1.0459620960249956e-109,9.012698072728879e-83,2.0919241920499912e-109,False,True
raf,ACI-EBB,TweedieGP,-0.00577331570133568,5000,-7.815448940980065,6.630078686444102e-15,4.0112106670349267e-16,6.630078686444102e-15,4.0112106670349267e-16,True,True
raf,ACI-EBB,iETS,-0.07933782169838338,5000,-59.45034360726678,0.0,0.0,0.0,0.0,True,True
m5,EBB,ACI-ADIDA,0.06584212111662263,4707,2.750780920491392,0.005968078393226473,2.409165409703474e-52,0.017904235179679418,2.409165409703474e-52,False,True
m5,EBB,ACI-EBB,0.10659373885396467,4707,4.255193774937108,2.1292892184904835e-05,2.906059528239803e-92,0.000127757353109429,5.812119056479606e-92,False,True
m5,EBB,CP-ADIDA,-0.06865195938884083,4707,-2.381407068767126,0.017286175070399888,1.0755907831310911e-277,0.034572350140799776,4.3023631325243643e-277,True,True
m5,EBB,CP-Croston,-0.08191952433673134,4707,-3.0010017674058846,0.0027050466227952572,0.0,0.010820186491181029,0.0,True,True
m5,EBB,CP-IMAPA,-0.06063990695254728,4707,-2.0156917268094277,0.04388895436886994,5.050218116260192e-263,0.04388895436886994,1.5150654348780577e-262,True,True
m5,EBB,CP-SBA,-0.09135922887987487,4707,-3.263714210169702,0.0011074768261775422,0.0,0.0055373841308877115,0.0,True,True
m5,EBB,CP-TSB,-0.17650633654546866,4707,-5.461037353333288,4.9771311165043734e-08,0.0,3.4839917815530614e-07,0.0,True,True
m5,ACI-EBB,ACI-ADIDA,-0.04075161773734201,4707,-7.518715782900392,6.585303370903699e-14,0.0,1.3170606741807397e-13,0.0,True,True
m5,ACI-EBB,CP-ADIDA,-0.1752456982428055,4707,-11.795695315274749,1.1427864855419572e-31,0.0,4.571145942167829e-31,0.0,True,True
m5,ACI-EBB,CP-Croston,-0.188513263190696,4707,-14.273769897674791,2.777847142063052e-45,0.0,1.9444929994441364e-44,0.0,True,True
m5,ACI-EBB,CP-IMAPA,-0.1672336458065119,4707,-11.161976371781888,1.4257669995041878e-28,0.0,4.277300998512563e-28,0.0,True,True
m5,ACI-EBB,CP-SBA,-0.19795296773383955,4707,-13.898913996608666,4.5197666470451e-43,0.0,2.7118599882270597e-42,0.0,True,True
m5,ACI-EBB,CP-TSB,-0.28310007539943327,4707,-13.080975467616678,1.9661708684625043e-38,0.0,9.830854342312522e-38,0.0,True,True
m5,ACI-EBB,EBB,-0.10659373885396467,4707,-4.255193774937108,2.1292892184904835e-05,2.906059528239803e-92,2.1292892184904835e-05,2.906059528239803e-92,True,True
