panel,model,0.1,0.25,0.5,0.75,0.9,mean,coverage80,coverage80_positive,aiw80
auto,ACI-ADIDA,0.139,0.3053,0.4381,0.4012,0.29,0.3147,0.83,0.8217,6.7395
auto,AutoARIMA,0.1411,0.3128,0.4472,0.4052,0.2632,0.3139,0.7779,0.7995,8.7305
auto,AutoTheta,0.1519,0.3199,0.4604,0.4178,0.2619,0.3224,0.7798,0.8251,9.6373
auto,CP-ADIDA,0.1491,0.3073,0.4366,0.3995,0.2949,0.3175,0.8019,0.8017,5.9188
auto,CP-Croston,0.1483,0.3073,0.4371,0.402,0.2963,0.3182,0.8009,0.8019,5.9699
auto,CP-IMAPA,0.149,0.3075,0.437,0.3997,0.2948,0.3176,0.8024,0.8017,5.9201
auto,CP-SBA,0.1461,0.304,0.4338,0.4038,0.301,0.3177,0.8001,0.8034,6.0097
auto,CP-TSB,0.1554,0.3208,0.4575,0.4141,0.3009,0.3297,0.8079,0.7989,5.9666
auto,EBB,0.1122,0.2752,0.4182,0.3931,0.2563,0.291,0.9059,0.8726,9.1733
auto,TweedieGP,0.1223,0.2786,0.4178,0.3892,0.2539,0.2924,0.8339,0.8284,8.8067
auto,Zero,0.1122,0.2806,0.5612,0.8418,1.0102,0.5612,0.262,0.0,0.0
auto,iETS,0.1722,0.3122,0.4348,0.4228,0.3009,0.3286,0.5644,0.6897,7.33
carparts,ACI-ADIDA,0.0882,0.2214,0.4055,0.5166,0.4767,0.3417,0.8702,0.6043,1.3799
carparts,AutoARIMA,0.1505,0.2822,0.5373,0.6435,0.4839,0.4195,0.8857,0.6203,1.6332
carparts,AutoTheta,0.1201,0.2533,0.523,0.6575,0.4743,0.4056,0.9025,0.6777,1.8019
carparts,CP-ADIDA,0.0961,0.2303,0.4114,0.5286,0.488,0.3509,0.8293,0.5933,1.2833
carparts,CP-Croston,0.0988,0.2453,0.4798,0.6135,0.5394,0.3954,0.8465,0.5803,1.3912
carparts,CP-IMAPA,0.1011,0.2351,0.413,0.5179,0.4789,0.3492,0.8301,0.581,1.2651
carparts,CP-SBA,0.0976,0.2424,0.4755,0.6106,0.5383,0.3929,0.8467,0.5813,1.3741
carparts,CP-TSB,0.141,0.3008,0.4875,0.5132,0.4758,0.3836,0.834,0.5508,1.2738
carparts,EBB,0.0747,0.1868,0.3724,0.4809,0.4578,0.3145,0.9322,0.6689,1.415
carparts,TweedieGP,0.0748,0.1878,0.3751,0.4904,0.4326,0.3121,0.9307,0.6618,1.4633
carparts,Zero,0.0747,0.1868,0.3736,0.5604,0.6725,0.3736,0.7953,0.0,0.0
carparts,iETS,0.2722,0.3683,0.4932,0.5318,0.5154,0.4362,0.4424,0.4112,1.1747
m5,ACI-ADIDA,0.4017,0.9597,1.7175,2.2109,1.8064,1.4192,0.883,0.7181,3.4822
m5,CP-ADIDA,0.4793,1.1083,1.8885,2.3297,1.9629,1.5537,0.8271,0.6902,2.2802
m5,CP-Croston,0.5024,1.1498,1.9169,2.3434,1.9225,1.567,0.8116,0.6792,2.2595
m5,CP-IMAPA,0.4796,1.1102,1.8889,2.3008,1.949,1.5457,0.8281,0.6905,2.2772
m5,CP-SBA,0.4955,1.1366,1.9087,2.3853,1.9561,1.5764,0.8117,0.684,2.2823
m5,CP-TSB,0.5313,1.2629,2.0944,2.3772,2.0422,1.6616,0.8309,0.6849,2.3665
m5,EBB,0.391,0.9673,1.8516,2.3359,1.8797,1.4851,0.8751,0.6896,2.7705
m5,Zero,0.3918,0.9795,1.959,2.9385,3.5262,1.959,0.6061,0.0,0.0
online_retail,ACI-ADIDA,0.1858,0.4679,0.9088,1.3237,1.6681,0.9108,0.9042,0.6457,19.6693
online_retail,ACI-TSB,0.1891,0.4822,0.9476,1.384,1.7095,0.9425,0.9035,0.6409,21.2133
online_retail,AutoARIMA,0.2587,0.5719,1.1972,1.7634,1.5225,1.0627,0.9327,0.7617,16.5809
online_retail,AutoTheta,0.2325,0.5842,1.2758,1.7172,1.4835,1.0586,0.9314,0.7648,16.426
online_retail,CP-ADIDA,0.2771,0.6273,1.0501,1.3192,2.5143,1.1576,0.7911,0.4729,5.4687
online_retail,CP-Croston,0.3409,0.7777,1.3639,1.7446,2.6322,1.3719,0.7933,0.4785,5.6627
online_retail,CP-IMAPA,0.2918,0.6599,1.0835,1.3288,2.5224,1.1773,0.7907,0.4714,5.4721
online_retail,CP-SBA,0.3337,0.7621,1.3431,1.725,2.7222,1.3772,0.7931,0.4815,5.7487
online_retail,CP-TSB,0.4513,0.8992,1.2886,1.3853,2.8422,1.3733,0.795,0.4677,5.7083
online_retail,EBB,0.1832,0.4579,0.9097,1.3189,1.4002,0.854,0.9014,0.6213,10.3082
online_retail,TweedieGP,0.1832,0.4579,0.9169,1.3256,1.3791,0.8526,0.9242,0.7087,13.0318
online_retail,Zero,0.1832,0.4581,0.9161,1.3742,1.649,0.9161,0.7396,0.0,0.0
online_retail,iETS,0.2357,0.5053,1.3025,1.562,1.9404,1.1092,0.5976,0.1657,19.7409
raf,ACI-ADIDA,0.0573,0.1536,0.3255,0.4462,0.5598,0.3085,0.9092,0.0832,1.8469
raf,AutoARIMA,0.0656,0.1512,0.4903,0.7424,0.592,0.4083,0.9436,0.3521,8.7648
raf,AutoTheta,0.0657,0.1579,0.4975,0.8094,0.6233,0.4308,0.9478,0.4092,10.0284
raf,CP-ADIDA,0.078,0.1872,0.3434,0.4493,0.4894,0.3095,0.8229,0.0208,0.7165
raf,CP-Croston,0.0896,0.2162,0.3806,0.4712,0.4921,0.3299,0.8281,0.0454,1.0291
raf,CP-IMAPA,0.082,0.192,0.3478,0.4515,0.4903,0.3127,0.8235,0.0195,0.6879
raf,CP-SBA,0.0879,0.212,0.3749,0.4676,0.4914,0.3268,0.8275,0.0409,0.9772
raf,CP-TSB,0.1596,0.3169,0.4621,0.4884,0.4941,0.3842,0.8362,0.0245,0.3712
raf,EBB,0.0534,0.1335,0.2669,0.4004,0.4864,0.2681,0.9222,0.0411,0.9451
raf,TweedieGP,0.0534,0.1335,0.2704,0.4172,0.5261,0.2801,0.9349,0.1975,4.0693
raf,Zero,0.0534,0.1335,0.2669,0.4004,0.4805,0.2669,0.9189,0.0,0.0
raf,iETS,0.2199,0.27,0.3528,0.4354,0.4902,0.3537,0.4947,0.0193,0.5323
