panel,assign,delta,w,n_items,pin_global,pin_true,delta_oracle,m_items,median_n_pos,median_n_obs,lambda_size,lambda_occ,lev_size,het_size,z_size,sigma2_global,tau2_global,lev_occ,het_occ,z_occ,phi_global,R1
carparts,0,0.0,0.9,2509,0.4510932576807685,0.45166610003198676,-0.12698978347923576,2503,2.0391111101469823,9.912720364319124,0.22437782690387162,0.6280732444268856,0.7756221730961284,0.0,-38.55577625150042,0.28274853016254686,0.04011337343948996,0.3719267555731144,0.017894515031398606,19.053045425525028,5.8700254416488455,0.002475339523022178
carparts,0,0.25,0.9,2509,0.4490651732664355,0.45166610003105157,-0.5791869241823571,2503,2.0391111101469823,9.912720364319124,0.4695095888058778,0.6280732444268856,0.5304904111941222,0.0,-18.979844548576413,0.28274853016254686,0.12272312147776637,0.3719267555731144,0.017894515031398606,19.053045425525028,5.8700254416488455,0.002475339523022178
carparts,0,0.5,0.9,2509,0.44639328911901294,0.45166610006107283,-1.1812030042983255,2503,2.0391111101469823,9.912720364319124,0.7200924297944893,0.6280732444268856,0.2799075702055107,0.07376370751280104,4.970448709263136,0.28274853016254686,0.35672460526477284,0.3719267555731144,0.017894515031398606,19.053045425525028,5.8700254416488455,0.008254596762186163
carparts,0,1.0,0.9,2509,0.44395327594391065,0.45166610003528085,-1.7373053673208259,2503,2.0391111101469823,9.912720364319124,0.9023642461225252,0.6280732444268856,0.0976357538774748,0.997074399031785,24.35144587384064,0.2827485301625469,1.2815408680356482,0.3719267555731144,0.017894515031398606,19.053045425525028,5.8700254416488455,0.011980190963597984
carparts,0,2.0,0.9,2509,0.4431625521558133,0.4516661000611973,-1.9188326865655818,2503,2.0391111101469823,9.912720364319124,0.9728667754217476,0.6280732444268856,0.027133224578252402,4.686466711151496,32.263667153492264,0.282748530162547,4.97177455774625,0.3719267555731144,0.017894515031398606,19.053045425525028,5.8700254416488455,0.0059255719723156205
carparts,1,0.0,0.9,2509,0.4510932576807685,0.45061049455017615,0.10702069303239535,2503,2.0391111101469823,9.912720364319124,0.22437782690387162,0.6280732444268856,0.7756221730961284,0.0,-38.55577625150042,0.28274853016254686,0.04011337343948996,0.3719267555731144,0.017894515031398606,19.053045425525028,5.8700254416488455,0.002475339523022178
carparts,1,0.25,0.9,2509,0.4484339916751979,0.4506104944996701,-0.4853563433810087,2503,2.0391111101469823,9.912720364319124,0.4676132384144065,0.6280732444268856,0.5323867615855935,0.0,-18.76680677055217,0.28274853016254686,0.12179207091975282,0.3719267555731144,0.017894515031398606,19.053045425525028,5.8700254416488455,0.002475339523022178
carparts,1,0.5,0.9,2509,0.44610818749848047,0.45061049454432306,-1.0092410702186285,2503,2.0391111101469823,9.912720364319124,0.7229318572369867,0.6280732444268856,0.2770681427630133,0.08166020912952676,5.420989224168706,0.28274853016254686,0.36180139296531705,0.3719267555731144,0.017894515031398606,19.053045425525028,5.8700254416488455,0.008744128850467799
carparts,1,1.0,0.9,2509,0.44404296165222706,0.45061049451970225,-1.47903095750876,2503,2.0391111101469823,9.912720364319124,0.9046719640932973,0.6280732444268856,0.09532803590670269,1.0352106942317432,24.63414379639043,0.2827485301625469,1.3159214060054099,0.3719267555731144,0.017894515031398606,19.053045425525028,5.8700254416488455,0.01188274882791152
carparts,1,2.0,0.9,2509,0.4432366950857105,0.45061049451809954,-1.6636256686651645,2503,2.0391111101469823,9.912720364319124,0.9736963851305975,0.6280732444268856,0.02630361486940247,4.85211246941744,32.36067647133677,0.2827485301625469,5.132956522161405,0.3719267555731144,0.017894515031398606,19.053045425525028,5.8700254416488455,0.005832419851400143
carparts,2,0.0,0.9,2509,0.4510932576807685,0.45076772144378546,0.07216606132770803,2503,2.0391111101469823,9.912720364319124,0.22437782690387162,0.6280732444268856,0.7756221730961284,0.0,-38.55577625150042,0.28274853016254686,0.04011337343948996,0.3719267555731144,0.017894515031398606,19.053045425525028,5.8700254416488455,0.002475339523022178
carparts,2,0.25,0.9,2509,0.4488633083700828,0.45076772147237215,-0.42427462142197864,2503,2.0391111101469823,9.912720364319124,0.4894644246977813,0.6280732444268856,0.5105355753022187,0.0,-17.289315581613767,0.28274853016254686,0.13293966706396432,0.3719267555731144,0.017894515031398606,19.053045425525028,5.8700254416488455,0.002475339523022178
carparts,2,0.5,0.9,2509,0.4465598369301957,0.4507677214875201,-0.9422890751328724,2503,2.0391111101469823,9.912720364319124,0.7344198305975244,0.6280732444268856,0.26558016940247564,0.09890035824437016,6.3596854000012595,0.28274853016254686,0.3834495359485366,0.3719267555731144,0.017894515031398606,19.053045425525028,5.8700254416488455,0.009451061319977073
carparts,2,1.0,0.9,2509,0.4444099915439777,0.45076772147400307,-1.4306001329846842,2503,2.0391111101469823,9.912720364319124,0.9073886781289972,0.6280732444268856,0.09261132187100285,1.0724922672226835,24.89682619602782,0.28274853016254686,1.3585910150181562,0.3719267555731144,0.017894515031398606,19.053045425525028,5.8700254416488455,0.011673952266847237
carparts,2,2.0,0.9,2509,0.4434065823465672,0.4507677214309878,-1.6601330195561061,2503,2.0391111101469823,9.912720364319124,0.9741447189891129,0.6280732444268856,0.025855281010887077,4.937880714444336,32.40856270048457,0.2827485301625469,5.224367068373772,0.3719267555731144,0.017894515031398606,19.053045425525028,5.8700254416488455,0.005776290837436573
online_retail,0,0.0,0.95,3649,1.2610758870460284,1.2610748270182282,8.405741566328635e-05,3649,3.0505314751079,19.955317339395812,0.5533874162056239,0.8953197388700749,0.4466125837943761,0.0,-512.7205324509276,1.308003185116033,0.5312899671514497,0.10468026112992512,0.048914534748446856,37.40205258637052,2.3331640522689456,0.0005360033718837206
online_retail,0,0.25,0.95,3649,1.2608809148018256,1.2610748270677188,-0.015379110240845907,3649,3.0505314751079,19.955317339395812,0.5865560339622062,0.8953197388700749,0.41344396603779376,0.0,-471.2356774839093,1.308003185116033,0.6083116584494959,0.10468026112992512,0.048914534748446856,37.40205258637052,2.3331640522689456,0.0005360033718837206
online_retail,0,0.5,0.95,3649,1.2606004870234155,1.2610748270114653,-0.03762809811138746,3649,3.0505314751079,19.955317339395812,0.6583230850278731,0.8953197388700749,0.34167691497212693,0.0,-377.2414087183288,1.3080031851160328,0.8261458745917417,0.10468026112992512,0.048914534748446856,37.40205258637052,2.3331640522689456,0.0005360033718837206
online_retail,0,1.0,0.95,3649,1.2601814754631224,1.2610748270121208,-0.07089070633021947,3649,3.0505314751079,19.955317339395812,0.7989987410844716,0.8953197388700749,0.20100125891552845,0.0,-199.84776109435572,1.3080031851160328,1.7044356475070412,0.10468026112992512,0.048914534748446856,37.40205258637052,2.3331640522689456,0.0005360033718837206
online_retail,0,2.0,0.95,3649,1.2599363611823178,1.2610748269919703,-0.09035899309899736,3649,3.0505314751079,19.955317339395812,0.925614995071759,0.8953197388700749,0.07438500492824096,0.0,-47.48024906949672,1.3080031851160328,5.33553872922736,0.10468026112992512,0.048914534748446856,37.40205258637052,2.3331640522689456,0.0005360033718837206
online_retail,1,0.0,0.95,3649,1.2610758870460284,1.26111699389019,-0.0032596645914773244,3649,3.0505314751079,19.955317339395812,0.5533874162056239,0.8953197388700749,0.4466125837943761,0.0,-512.7205324509276,1.308003185116033,0.5312899671514497,0.10468026112992512,0.048914534748446856,37.40205258637052,2.3331640522689456,0.0005360033718837206
online_retail,1,0.25,0.95,3649,1.260952591770018,1.261116993899548,-0.01303793105331395,3649,3.0505314751079,19.955317339395812,0.582201375509532,0.8953197388700749,0.417798624490468,0.0,-468.66688387262326,1.3080031851160328,0.5975022052607057,0.10468026112992512,0.048914534748446856,37.40205258637052,2.3331640522689456,0.0005360033718837206
online_retail,1,0.5,0.95,3649,1.260710030647176,1.2611169938791695,-0.03228047862716833,3649,3.0505314751079,19.955317339395812,0.6542269136001814,0.8953197388700749,0.34577308639981863,0.0,-372.7430028150212,1.3080031851160328,0.811279516438808,0.10468026112992512,0.048914534748446856,37.40205258637052,2.3331640522689456,0.0005360033718837206
online_retail,1,1.0,0.95,3649,1.260303575076032,1.2611169939061304,-0.0645414998564343,3649,3.0505314751079,19.955317339395812,0.7991647718915015,0.8953197388700749,0.20083522810849852,0.0,-195.4285124767566,1.3080031851160328,1.7061991793208486,0.10468026112992512,0.048914534748446856,37.40205258637052,2.3331640522689456,0.0005360033718837206
online_retail,1,2.0,0.95,3649,1.2600227772145176,1.2611169939132632,-0.08684102529991435,3649,3.0505314751079,19.955317339395812,0.9269189608267728,0.8953197388700749,0.07308103917322717,0.0,-45.46994638880267,1.3080031851160328,5.43838993012726,0.10468026112992512,0.048914534748446856,37.40205258637052,2.3331640522689456,0.0005360033718837206
online_retail,2,0.0,0.95,3649,1.2610758870460284,1.2610689792397214,0.0005477708659664468,3649,3.0505314751079,19.955317339395812,0.5533874162056239,0.8953197388700749,0.4466125837943761,0.0,-512.7205324509276,1.308003185116033,0.5312899671514497,0.10468026112992512,0.048914534748446856,37.40205258637052,2.3331640522689456,0.0005360033718837206
online_retail,2,0.25,0.95,3649,1.2610480697184476,1.2610689792522785,-0.0016581075958107384,3649,3.0505314751079,19.955317339395812,0.5850486510273483,0.8953197388700749,0.41495134897265173,0.0,-471.258330810643,1.308003185116033,0.6045442470577624,0.10468026112992512,0.048914534748446856,37.40205258637052,2.3331640522689456,0.0005360033718837206
online_retail,2,0.5,0.95,3649,1.260870747564212,1.2610689792742409,-0.015721810535442443,3649,3.0505314751079,19.955317339395812,0.6577273077478222,0.8953197388700749,0.3422726922521778,0.0,-375.6311277695016,1.3080031851160328,0.8239614888128549,0.10468026112992512,0.048914534748446856,37.40205258637052,2.3331640522689456,0.0005360033718837206
online_retail,2,1.0,0.95,3649,1.2604997115571528,1.2610689792392742,-0.04516206365633809,3649,3.0505314751079,19.955317339395812,0.80082741884165,0.8953197388700749,0.19917258115835001,0.0,-196.615479542157,1.308003185116033,1.7240214848983948,0.10468026112992512,0.048914534748446856,37.40205258637052,2.3331640522689456,0.0005360033718837206
online_retail,2,2.0,0.95,3649,1.260168630645243,1.2610689792934069,-0.07144667993384274,3649,3.0505314751079,19.955317339395812,0.9272813127078217,0.8953197388700749,0.07271868729217834,0.0,-45.40795354196488,1.3080031851160328,5.467625601179484,0.10468026112992512,0.048914534748446856,37.40205258637052,2.3331640522689456,0.0005360033718837206
m5,0,0.0,0.95,5000,2.296877697083773,2.296764763390516,0.004916835293425971,4707,5.949140978100081,19.999999999999982,0.8408351501562892,0.9310924716226854,0.15916484984371088,0.0,-6.565190976057984e+25,0.326976448416888,0.29035325097608944,0.06890752837731462,0.08227186505636079,46.061329871454916,1.4801436050110939,0.00039064717486502447
m5,0,0.25,0.95,5000,2.2985410446834074,2.2967647633820847,0.07727864183375234,4707,5.949140978100081,19.999999999999982,0.8665836208513951,0.9310924716226854,0.13341637914860488,0.0,-5.255010025372681e+25,0.326976448416888,0.3569968209208794,0.06890752837731462,0.08227186505636079,46.061329871454916,1.4801436050110939,0.00039064717486502447
m5,0,0.5,0.95,5000,2.29935898520663,2.296764763383543,0.11282369737727777,4707,5.949140978100081,19.999999999999982,0.9116863305056582,0.9310924716226854,0.08831366949434177,0.0,-3.2776935989485023e+25,0.326976448416888,0.567388563081342,0.06890752837731462,0.08227186505636079,46.061329871454916,1.4801436050110939,0.00039064717486502447
m5,0,1.0,0.95,5000,2.2992259407843147,2.2967647633860464,0.10704373826909695,4707,5.949140978100081,19.999999999999982,0.9637804777950367,0.9310924716226854,0.03621952220496327,0.0,-1.306926083079711e+25,0.32697644841688805,1.4625089127971576,0.06890752837731462,0.08227186505636079,46.061329871454916,1.4801436050110939,0.00039064717486502447
m5,0,2.0,0.95,5000,2.298591963767803,2.2967647633833175,0.07949215925606755,4707,5.949140978100081,19.999999999999982,0.9894368051634828,0.9310924716226854,0.010563194836517298,0.0,-3.835620469347276e+24,0.3269764484168881,5.148205903182113,0.06890752837731462,0.08227186505636079,46.061329871454916,1.4801436050110939,0.00039064717486502447
m5,1,0.0,0.95,5000,2.296877697083773,2.296764664334375,0.004921147936680472,4707,5.949140978100081,19.999999999999982,0.8408351501562892,0.9310924716226854,0.15916484984371088,0.0,-6.565190976057984e+25,0.326976448416888,0.29035325097608944,0.06890752837731462,0.08227186505636079,46.061329871454916,1.4801436050110939,0.00039064717486502447
m5,1,0.25,0.95,5000,2.296614139282798,2.2967646643346584,-0.006554216021125484,4707,5.949140978100081,19.999999999999982,0.8650882822670253,0.9310924716226854,0.13491171773297472,0.0,-5.29299530193292e+25,0.32697644841688805,0.3524307374314954,0.06890752837731462,0.08227186505636079,46.061329871454916,1.4801436050110939,0.00039064717486502447
m5,1,0.5,0.95,5000,2.2967014807879753,2.2967646643355883,-0.0027510561621336633,4707,5.949140978100081,19.999999999999982,0.9109982664952219,0.9310924716226854,0.08900173350477814,0.0,-3.291375645583351e+25,0.326976448416888,0.5625772281956951,0.06890752837731462,0.08227186505636079,46.061329871454916,1.4801436050110939,0.00039064717486502447
m5,1,1.0,0.95,5000,2.2969775427295738,2.2967646643269157,0.009267761599666103,4707,5.949140978100081,19.999999999999982,0.9639258307623271,0.9310924716226854,0.03607416923767298,0.0,-1.30128709466331e+25,0.32697644841688805,1.4686232303815643,0.06890752837731462,0.08227186505636079,46.061329871454916,1.4801436050110939,0.00039064717486502447
m5,1,2.0,0.95,5000,2.29731119377329,2.2967646643402704,0.02378996082467688,4707,5.949140978100081,19.999999999999982,0.9895617357773827,0.9310924716226854,0.010438264222617344,0.0,-3.791928668331662e+24,0.32697644841688817,5.210480144452604,0.06890752837731462,0.08227186505636079,46.061329871454916,1.4801436050110939,0.00039064717486502447
m5,2,0.0,0.95,5000,2.296877697083773,2.2886347813356447,0.35887482205056564,4707,5.949140978100081,19.999999999999982,0.8408351501562892,0.9310924716226854,0.15916484984371088,0.0,-6.565190976057984e+25,0.326976448416888,0.29035325097608944,0.06890752837731462,0.08227186505636079,46.061329871454916,1.4801436050110939,0.00039064717486502447
m5,2,0.25,0.95,5000,2.297084873730487,2.2886347813467416,0.3678615657776006,4707,5.949140978100081,19.999999999999982,0.8638685131903008,0.9310924716226854,0.13613148680969916,0.0,-5.347109460014004e+25,0.326976448416888,0.34878040439136754,0.06890752837731462,0.08227186505636079,46.061329871454916,1.4801436050110939,0.00039064717486502447
m5,2,0.5,0.95,5000,2.297342752971217,2.2886347813302157,0.3790453831818945,4707,5.949140978100081,19.999999999999982,0.9100584593572772,0.9310924716226854,0.08994154064272275,0.0,-3.3227639352200607e+25,0.326976448416888,0.5561245041761677,0.06890752837731462,0.08227186505636079,46.061329871454916,1.4801436050110939,0.00039064717486502447
m5,2,1.0,0.95,5000,2.2974953947041836,2.2886347813262433,0.38566403216147316,4707,5.949140978100081,19.999999999999982,0.9637734132747078,0.9310924716226854,0.036226586725292276,0.0,-1.3045537227802633e+25,0.32697644841688805,1.4622129918614304,0.06890752837731462,0.08227186505636079,46.061329871454916,1.4801436050110939,0.00039064717486502447
m5,2,2.0,0.95,5000,2.297572564673862,2.288634781328236,0.38900983947354995,4707,5.949140978100081,19.999999999999982,0.989600247152186,0.9310924716226854,0.010399752847814026,0.0,-3.775586260840206e+24,0.32697644841688817,5.229978629309023,0.06890752837731462,0.08227186505636079,46.061329871454916,1.4801436050110939,0.00039064717486502447
