panel,assign,delta,w,n_items,pin_global,pin_true,delta_oracle,m_items,median_n_pos,median_n_obs,lambda_size,lambda_occ,lev_size,het_size,z_size,sigma2_global,tau2_global,lev_occ,het_occ,z_occ,phi_global,R1,source,R1b,p_R2_0.5,p_R2_1.0
carparts,0,0.0,0.9,2509,0.4510932576807685,0.4516661000319867,-0.1269897834792357,2503,2.0391111101469823,9.912720364319124,0.2243778269038716,0.6280732444268856,0.7756221730961284,0.0,-38.55577625150042,0.2827485301625468,0.0401133734394899,0.3719267555731144,0.0178945150313986,19.053045425525028,5.8700254416488455,0.0024753395230221,room_semisynthetic,0.024131794515665817,0.2537070009980279,0.09295765261735496
carparts,0,0.25,0.9,2509,0.4490651732664355,0.4516661000310515,-0.5791869241823571,2503,2.0391111101469823,9.912720364319124,0.4695095888058778,0.6280732444268856,0.5304904111941222,0.0,-18.979844548576413,0.2827485301625468,0.1227231214777663,0.3719267555731144,0.0178945150313986,19.053045425525028,5.8700254416488455,0.0024753395230221,room_semisynthetic,0.03453675021850387,0.38475396552001234,0.16598490225335355
carparts,0,0.5,0.9,2509,0.4463932891190129,0.4516661000610728,-1.1812030042983257,2503,2.0391111101469823,9.912720364319124,0.7200924297944893,0.6280732444268856,0.2799075702055107,0.073763707512801,4.970448709263136,0.2827485301625468,0.3567246052647728,0.3719267555731144,0.0178945150313986,19.053045425525028,5.8700254416488455,0.0082545967621861,room_semisynthetic,0.027948747790457522,0.3036366076868757,0.16351174608669883
carparts,0,1.0,0.9,2509,0.4439532759439106,0.4516661000352808,-1.737305367320826,2503,2.0391111101469823,9.912720364319124,0.9023642461225252,0.6280732444268856,0.0976357538774748,0.997074399031785,24.35144587384064,0.2827485301625469,1.2815408680356482,0.3719267555731144,0.0178945150313986,19.053045425525028,5.8700254416488455,0.0119801909635979,room_semisynthetic,0.012216596452113997,0.22306644430729453,0.1405805311323319
carparts,0,2.0,0.9,2509,0.4431625521558133,0.4516661000611973,-1.9188326865655816,2503,2.0391111101469823,9.912720364319124,0.9728667754217476,0.6280732444268856,0.0271332245782524,4.686466711151496,32.263667153492264,0.282748530162547,4.97177455774625,0.3719267555731144,0.0178945150313986,19.053045425525028,5.8700254416488455,0.0059255719723156,room_semisynthetic,0.003660279474276445,0.1913777005125912,0.1179019957495385
carparts,1,0.0,0.9,2509,0.4510932576807685,0.4506104945501761,0.1070206930323953,2503,2.0391111101469823,9.912720364319124,0.2243778269038716,0.6280732444268856,0.7756221730961284,0.0,-38.55577625150042,0.2827485301625468,0.0401133734394899,0.3719267555731144,0.0178945150313986,19.053045425525028,5.8700254416488455,0.0024753395230221,room_semisynthetic,0.024131794515665817,0.2537070009980279,0.09295765261735496
carparts,1,0.25,0.9,2509,0.4484339916751979,0.4506104944996701,-0.4853563433810087,2503,2.0391111101469823,9.912720364319124,0.4676132384144065,0.6280732444268856,0.5323867615855935,0.0,-18.76680677055217,0.2827485301625468,0.1217920709197528,0.3719267555731144,0.0178945150313986,19.053045425525028,5.8700254416488455,0.0024753395230221,room_semisynthetic,0.03452021648030827,0.3835520494001423,0.16522051296697313
carparts,1,0.5,0.9,2509,0.4461081874984804,0.450610494544323,-1.0092410702186283,2503,2.0391111101469823,9.912720364319124,0.7229318572369867,0.6280732444268856,0.2770681427630133,0.0816602091295267,5.420989224168706,0.2827485301625468,0.361801392965317,0.3719267555731144,0.0178945150313986,19.053045425525028,5.8700254416488455,0.0087441288504677,room_semisynthetic,0.02777431915804208,0.29592932537948974,0.16013002779751634
carparts,1,1.0,0.9,2509,0.444042961652227,0.4506104945197022,-1.47903095750876,2503,2.0391111101469823,9.912720364319124,0.9046719640932972,0.6280732444268856,0.0953280359067026,1.0352106942317432,24.63414379639043,0.2827485301625469,1.31592140600541,0.3719267555731144,0.0178945150313986,19.053045425525028,5.8700254416488455,0.0118827488279115,room_semisynthetic,0.01195834949188331,0.22246148733661086,0.14029739438938155
carparts,1,2.0,0.9,2509,0.4432366950857105,0.4506104945180995,-1.6636256686651645,2503,2.0391111101469823,9.912720364319124,0.9736963851305976,0.6280732444268856,0.0263036148694024,4.85211246941744,32.36067647133677,0.2827485301625469,5.132956522161405,0.3719267555731144,0.0178945150313986,19.053045425525028,5.8700254416488455,0.0058324198514001,room_semisynthetic,0.003551390755176834,0.19033816700089792,0.11706631532802488
carparts,2,0.0,0.9,2509,0.4510932576807685,0.4507677214437854,0.072166061327708,2503,2.0391111101469823,9.912720364319124,0.2243778269038716,0.6280732444268856,0.7756221730961284,0.0,-38.55577625150042,0.2827485301625468,0.0401133734394899,0.3719267555731144,0.0178945150313986,19.053045425525028,5.8700254416488455,0.0024753395230221,room_semisynthetic,0.024131794515665817,0.2537070009980279,0.09295765261735496
carparts,2,0.25,0.9,2509,0.4488633083700828,0.4507677214723721,-0.4242746214219786,2503,2.0391111101469823,9.912720364319124,0.4894644246977813,0.6280732444268856,0.5105355753022187,0.0,-17.289315581613767,0.2827485301625468,0.1329396670639643,0.3719267555731144,0.0178945150313986,19.053045425525028,5.8700254416488455,0.0024753395230221,room_semisynthetic,0.03465026872228337,0.39757645331290636,0.1742609895592943
carparts,2,0.5,0.9,2509,0.4465598369301957,0.4507677214875201,-0.9422890751328724,2503,2.0391111101469823,9.912720364319124,0.7344198305975244,0.6280732444268856,0.2655801694024756,0.0989003582443701,6.35968540000126,0.2827485301625468,0.3834495359485366,0.3719267555731144,0.0178945150313986,19.053045425525028,5.8700254416488455,0.009451061319977,room_semisynthetic,0.027045779544491274,0.285725029886935,0.15669698441615043
carparts,2,1.0,0.9,2509,0.4444099915439777,0.450767721474003,-1.4306001329846842,2503,2.0391111101469823,9.912720364319124,0.9073886781289972,0.6280732444268856,0.0926113218710028,1.0724922672226835,24.89682619602782,0.2827485301625468,1.3585910150181562,0.3719267555731144,0.0178945150313986,19.053045425525028,5.8700254416488455,0.0116739522668472,room_semisynthetic,0.01165244077400645,0.22225703263022853,0.1402995912841686
carparts,2,2.0,0.9,2509,0.4434065823465672,0.4507677214309878,-1.660133019556106,2503,2.0391111101469823,9.912720364319124,0.9741447189891128,0.6280732444268856,0.025855281010887,4.937880714444336,32.40856270048457,0.2827485301625469,5.224367068373772,0.3719267555731144,0.0178945150313986,19.053045425525028,5.8700254416488455,0.0057762908374365,room_semisynthetic,0.0034924661689143734,0.18983423642666686,0.11665937098174434
online_retail,0,0.0,0.95,3649,1.2610758870460284,1.2610748270182282,8.405741566328635e-05,3649,3.0505314751079,19.95531733939581,0.5533874162056239,0.8953197388700749,0.4466125837943761,0.0,-512.7205324509276,1.308003185116033,0.5312899671514497,0.1046802611299251,0.0489145347484468,37.40205258637052,2.3331640522689456,0.0005360033718837,room_semisynthetic,0.10597258446178964,0.0031820332739379963,0.0009341547200832632
online_retail,0,0.25,0.95,3649,1.2608809148018256,1.2610748270677188,-0.0153791102408459,3649,3.0505314751079,19.95531733939581,0.5865560339622062,0.8953197388700749,0.4134439660377937,0.0,-471.2356774839093,1.308003185116033,0.6083116584494959,0.1046802611299251,0.0489145347484468,37.40205258637052,2.3331640522689456,0.0005360033718837,room_semisynthetic,0.10398230875788596,0.0034986194873467915,0.0010360426068605402
online_retail,0,0.5,0.95,3649,1.2606004870234155,1.2610748270114651,-0.0376280981113874,3649,3.0505314751079,19.95531733939581,0.6583230850278731,0.8953197388700749,0.3416769149721269,0.0,-377.2414087183288,1.3080031851160328,0.8261458745917417,0.1046802611299251,0.0489145347484468,37.40205258637052,2.3331640522689456,0.0005360033718837,room_semisynthetic,0.09644684220386884,0.0043289570225012895,0.0013072543370136775
online_retail,0,1.0,0.95,3649,1.2601814754631224,1.2610748270121208,-0.0708907063302194,3649,3.0505314751079,19.95531733939581,0.7989987410844716,0.8953197388700749,0.2010012589155284,0.0,-199.8477610943557,1.3080031851160328,1.7044356475070412,0.1046802611299251,0.0489145347484468,37.40205258637052,2.3331640522689456,0.0005360033718837,room_semisynthetic,0.0688617671853158,0.006802447420447092,0.002142393540922005
online_retail,0,2.0,0.95,3649,1.2599363611823178,1.2610748269919705,-0.0903589930989973,3649,3.0505314751079,19.95531733939581,0.925614995071759,0.8953197388700749,0.0743850049282409,0.0,-47.48024906949672,1.3080031851160328,5.33553872922736,0.1046802611299251,0.0489145347484468,37.40205258637052,2.3331640522689456,0.0005360033718837,room_semisynthetic,0.02952222385014907,0.010701969070974163,0.0035192382022603934
online_retail,1,0.0,0.95,3649,1.2610758870460284,1.26111699389019,-0.0032596645914773,3649,3.0505314751079,19.95531733939581,0.5533874162056239,0.8953197388700749,0.4466125837943761,0.0,-512.7205324509276,1.308003185116033,0.5312899671514497,0.1046802611299251,0.0489145347484468,37.40205258637052,2.3331640522689456,0.0005360033718837,room_semisynthetic,0.10597258446178964,0.0031820332739379963,0.0009341547200832632
online_retail,1,0.25,0.95,3649,1.260952591770018,1.261116993899548,-0.0130379310533139,3649,3.0505314751079,19.95531733939581,0.582201375509532,0.8953197388700749,0.417798624490468,0.0,-468.66688387262326,1.3080031851160328,0.5975022052607057,0.1046802611299251,0.0489145347484468,37.40205258637052,2.3331640522689456,0.0005360033718837,room_semisynthetic,0.10429741008991643,0.0034548932954911104,0.0010219167083073807
online_retail,1,0.5,0.95,3649,1.260710030647176,1.2611169938791695,-0.0322804786271683,3649,3.0505314751079,19.95531733939581,0.6542269136001814,0.8953197388700749,0.3457730863998186,0.0,-372.7430028150212,1.3080031851160328,0.811279516438808,0.1046802611299251,0.0489145347484468,37.40205258637052,2.3331640522689456,0.0005360033718837,room_semisynthetic,0.09699578983636037,0.004275382796380939,0.0012895951882173791
online_retail,1,1.0,0.95,3649,1.260303575076032,1.2611169939061304,-0.0645414998564343,3649,3.0505314751079,19.95531733939581,0.7991647718915015,0.8953197388700749,0.2008352281084985,0.0,-195.4285124767566,1.3080031851160328,1.7061991793208486,0.1046802611299251,0.0489145347484468,37.40205258637052,2.3331640522689456,0.0005360033718837,room_semisynthetic,0.06881918363291341,0.006806280747594748,0.0021437143269741974
online_retail,1,2.0,0.95,3649,1.2600227772145176,1.2611169939132632,-0.0868410252999143,3649,3.0505314751079,19.95531733939581,0.9269189608267728,0.8953197388700749,0.0730810391732271,0.0,-45.46994638880267,1.3080031851160328,5.43838993012726,0.1046802611299251,0.0489145347484468,37.40205258637052,2.3331640522689456,0.0005360033718837,room_semisynthetic,0.029045561156494325,0.010754849899558725,0.003538315360800837
online_retail,2,0.0,0.95,3649,1.2610758870460284,1.2610689792397214,0.0005477708659664,3649,3.0505314751079,19.95531733939581,0.5533874162056239,0.8953197388700749,0.4466125837943761,0.0,-512.7205324509276,1.308003185116033,0.5312899671514497,0.1046802611299251,0.0489145347484468,37.40205258637052,2.3331640522689456,0.0005360033718837,room_semisynthetic,0.10597258446178964,0.0031820332739379963,0.0009341547200832632
online_retail,2,0.25,0.95,3649,1.2610480697184476,1.2610689792522785,-0.0016581075958107,3649,3.0505314751079,19.95531733939581,0.5850486510273483,0.8953197388700749,0.4149513489726517,0.0,-471.258330810643,1.308003185116033,0.6045442470577624,0.1046802611299251,0.0489145347484468,37.40205258637052,2.3331640522689456,0.0005360033718837,room_semisynthetic,0.10409322267051409,0.003483406173853599,0.0010311260013678328
online_retail,2,0.5,0.95,3649,1.260870747564212,1.2610689792742409,-0.0157218105354424,3649,3.0505314751079,19.95531733939581,0.6577273077478222,0.8953197388700749,0.3422726922521778,0.0,-375.6311277695016,1.3080031851160328,0.8239614888128549,0.1046802611299251,0.0489145347484468,37.40205258637052,2.3331640522689456,0.0005360033718837,room_semisynthetic,0.09652757938139914,0.00432111324972026,0.001304667566183008
online_retail,2,1.0,0.95,3649,1.2604997115571528,1.2610689792392742,-0.045162063656338,3649,3.0505314751079,19.95531733939581,0.80082741884165,0.8953197388700749,0.19917258115835,0.0,-196.615479542157,1.308003185116033,1.7240214848983948,0.1046802611299251,0.0489145347484468,37.40205258637052,2.3331640522689456,0.0005360033718837,room_semisynthetic,0.0683914445548628,0.0068448159553082715,0.0021569958299357084
online_retail,2,2.0,0.95,3649,1.260168630645243,1.2610689792934069,-0.0714466799338427,3649,3.0505314751079,19.95531733939581,0.9272813127078215,0.8953197388700749,0.0727186872921783,0.0,-45.40795354196488,1.3080031851160328,5.467625601179484,0.1046802611299251,0.0489145347484468,37.40205258637052,2.3331640522689456,0.0005360033718837,room_semisynthetic,0.028912845085064996,0.010769601949576622,0.0035436390131919713
m5,0,0.0,0.95,5000,2.296877697083773,2.296764763390516,0.0049168352934259,4707,5.949140978100081,19.999999999999982,0.8408351501562892,0.9310924716226854,0.1591648498437108,0.0,-6.565190976057984e+25,0.326976448416888,0.2903532509760894,0.0689075283773146,0.0822718650563607,46.06132987145492,1.480143605011094,0.000390647174865,room_semisynthetic,0.007355649399210956,5.8236614624965136e-05,2.0496836098269973e-05
m5,0,0.25,0.95,5000,2.298541044683408,2.2967647633820847,0.0772786418337523,4707,5.949140978100081,19.999999999999982,0.8665836208513951,0.9310924716226854,0.1334163791486048,0.0,-5.255010025372681e+25,0.326976448416888,0.3569968209208794,0.0689075283773146,0.0822718650563607,46.06132987145492,1.480143605011094,0.000390647174865,room_semisynthetic,0.006354518502982838,6.385857969978431e-05,2.2660458343446435e-05
m5,0,0.5,0.95,5000,2.29935898520663,2.296764763383543,0.1128236973772777,4707,5.949140978100081,19.999999999999982,0.9116863305056582,0.9310924716226854,0.0883136694943417,0.0,-3.2776935989485023e+25,0.326976448416888,0.567388563081342,0.0689075283773146,0.0822718650563607,46.06132987145492,1.480143605011094,0.000390647174865,room_semisynthetic,0.004425236014168024,7.54342208788943e-05,2.7167601972240148e-05
m5,0,1.0,0.95,5000,2.2992259407843147,2.2967647633860464,0.1070437382690969,4707,5.949140978100081,19.999999999999982,0.9637804777950368,0.9310924716226854,0.0362195222049632,0.0,-1.306926083079711e+25,0.326976448416888,1.4625089127971576,0.0689075283773146,0.0822718650563607,46.06132987145492,1.480143605011094,0.000390647174865,room_semisynthetic,0.00191859785834211,9.224860992857748e-05,3.3823192501630695e-05
m5,0,2.0,0.95,5000,2.298591963767803,2.296764763383317,0.0794921592560675,4707,5.949140978100081,19.999999999999982,0.9894368051634828,0.9310924716226854,0.0105631948365172,0.0,-3.835620469347276e+24,0.3269764484168881,5.148205903182113,0.0689075283773146,0.0822718650563607,46.06132987145492,1.480143605011094,0.000390647174865,room_semisynthetic,0.0005744424012744402,0.00010224163122648283,3.783165423055349e-05
m5,1,0.0,0.95,5000,2.296877697083773,2.296764664334375,0.0049211479366804,4707,5.949140978100081,19.999999999999982,0.8408351501562892,0.9310924716226854,0.1591648498437108,0.0,-6.565190976057984e+25,0.326976448416888,0.2903532509760894,0.0689075283773146,0.0822718650563607,46.06132987145492,1.480143605011094,0.000390647174865,room_semisynthetic,0.007355649399210956,5.8236614624965136e-05,2.0496836098269973e-05
m5,1,0.25,0.95,5000,2.296614139282798,2.2967646643346584,-0.0065542160211254,4707,5.949140978100081,19.999999999999982,0.8650882822670253,0.9310924716226854,0.1349117177329747,0.0,-5.29299530193292e+25,0.326976448416888,0.3524307374314954,0.0689075283773146,0.0822718650563607,46.06132987145492,1.480143605011094,0.000390647174865,room_semisynthetic,0.006414652322642259,6.351410318273025e-05,2.2527382228091063e-05
m5,1,0.5,0.95,5000,2.2967014807879758,2.2967646643355883,-0.0027510561621336,4707,5.949140978100081,19.999999999999982,0.910998266495222,0.9310924716226854,0.0890017335047781,0.0,-3.291375645583351e+25,0.326976448416888,0.5625772281956951,0.0689075283773146,0.0822718650563607,46.06132987145492,1.480143605011094,0.000390647174865,room_semisynthetic,0.004456347817224404,7.523888204347892e-05,2.709100353068346e-05
m5,1,1.0,0.95,5000,2.2969775427295738,2.296764664326916,0.0092677615996661,4707,5.949140978100081,19.999999999999982,0.9639258307623272,0.9310924716226854,0.0360741692376729,0.0,-1.30128709466331e+25,0.326976448416888,1.4686232303815645,0.0689075283773146,0.0822718650563607,46.06132987145492,1.480143605011094,0.000390647174865,room_semisynthetic,0.0019111865054929245,9.230171373274442e-05,3.384439536182942e-05
m5,1,2.0,0.95,5000,2.29731119377329,2.2967646643402704,0.0237899608246768,4707,5.949140978100081,19.999999999999982,0.9895617357773828,0.9310924716226854,0.0104382642226173,0.0,-3.791928668331662e+24,0.3269764484168881,5.210480144452604,0.0689075283773146,0.0822718650563607,46.06132987145492,1.480143605011094,0.000390647174865,room_semisynthetic,0.0005677201607738733,0.00010229349976938323,3.785255426200995e-05
m5,2,0.0,0.95,5000,2.296877697083773,2.2886347813356447,0.3588748220505656,4707,5.949140978100081,19.999999999999982,0.8408351501562892,0.9310924716226854,0.1591648498437108,0.0,-6.565190976057984e+25,0.326976448416888,0.2903532509760894,0.0689075283773146,0.0822718650563607,46.06132987145492,1.480143605011094,0.000390647174865,room_semisynthetic,0.007355649399210956,5.8236614624965136e-05,2.0496836098269973e-05
m5,2,0.25,0.95,5000,2.297084873730487,2.2886347813467416,0.3678615657776006,4707,5.949140978100081,19.999999999999982,0.8638685131903008,0.9310924716226854,0.1361314868096991,0.0,-5.347109460014004e+25,0.326976448416888,0.3487804043913675,0.0689075283773146,0.0822718650563607,46.06132987145492,1.480143605011094,0.000390647174865,room_semisynthetic,0.006463522315774049,6.323481881692577e-05,2.2419537859180988e-05
m5,2,0.5,0.95,5000,2.297342752971217,2.288634781330216,0.3790453831818945,4707,5.949140978100081,19.999999999999982,0.9100584593572772,0.9310924716226854,0.0899415406427227,0.0,-3.3227639352200607e+25,0.326976448416888,0.5561245041761677,0.0689075283773146,0.0822718650563607,46.06132987145492,1.480143605011094,0.000390647174865,room_semisynthetic,0.0044987584617860255,7.497308960047675e-05,2.698680645709943e-05
m5,2,1.0,0.95,5000,2.297495394704184,2.2886347813262438,0.3856640321614731,4707,5.949140978100081,19.999999999999982,0.9637734132747078,0.9310924716226854,0.0362265867252922,0.0,-1.3045537227802633e+25,0.326976448416888,1.4622129918614304,0.0689075283773146,0.0822718650563607,46.06132987145492,1.480143605011094,0.000390647174865,room_semisynthetic,0.0019189580095775904,9.224602991830817e-05,3.38221624035258e-05
m5,2,2.0,0.95,5000,2.297572564673862,2.288634781328236,0.3890098394735499,4707,5.949140978100081,19.999999999999982,0.989600247152186,0.9310924716226854,0.010399752847814,0.0,-3.775586260840206e+24,0.3269764484168881,5.229978629309023,0.0689075283773146,0.0822718650563607,46.06132987145492,1.480143605011094,0.000390647174865,room_semisynthetic,0.0005656476027719929,0.00010230949547442212,3.785899979896379e-05
carparts,0,0.0,0.9,2509,0.4510932576807685,0.4516661000319867,-0.1269897834792357,2503,2.0391111101469823,9.912720364319124,0.2243778269038716,0.6280732444268856,0.7756221730961284,0.0,-38.55577625150042,0.2827485301625468,0.0401133734394899,0.3719267555731144,0.0178945150313986,19.053045425525028,5.8700254416488455,0.0024753395230221,room_semisynthetic_w0.9,0.024131794515665817,0.2537070009980279,0.09295765261735496
carparts,0,0.25,0.9,2509,0.4490651732664355,0.4516661000310515,-0.5791869241823571,2503,2.0391111101469823,9.912720364319124,0.4695095888058778,0.6280732444268856,0.5304904111941222,0.0,-18.979844548576413,0.2827485301625468,0.1227231214777663,0.3719267555731144,0.0178945150313986,19.053045425525028,5.8700254416488455,0.0024753395230221,room_semisynthetic_w0.9,0.03453675021850387,0.38475396552001234,0.16598490225335355
carparts,0,0.5,0.9,2509,0.4463932891190129,0.4516661000610728,-1.1812030042983257,2503,2.0391111101469823,9.912720364319124,0.7200924297944893,0.6280732444268856,0.2799075702055107,0.073763707512801,4.970448709263136,0.2827485301625468,0.3567246052647728,0.3719267555731144,0.0178945150313986,19.053045425525028,5.8700254416488455,0.0082545967621861,room_semisynthetic_w0.9,0.027948747790457522,0.3036366076868757,0.16351174608669883
carparts,0,1.0,0.9,2509,0.4439532759439106,0.4516661000352808,-1.737305367320826,2503,2.0391111101469823,9.912720364319124,0.9023642461225252,0.6280732444268856,0.0976357538774748,0.997074399031785,24.35144587384064,0.2827485301625469,1.2815408680356482,0.3719267555731144,0.0178945150313986,19.053045425525028,5.8700254416488455,0.0119801909635979,room_semisynthetic_w0.9,0.012216596452113997,0.22306644430729453,0.1405805311323319
carparts,0,2.0,0.9,2509,0.4431625521558133,0.4516661000611973,-1.9188326865655816,2503,2.0391111101469823,9.912720364319124,0.9728667754217476,0.6280732444268856,0.0271332245782524,4.686466711151496,32.263667153492264,0.282748530162547,4.97177455774625,0.3719267555731144,0.0178945150313986,19.053045425525028,5.8700254416488455,0.0059255719723156,room_semisynthetic_w0.9,0.003660279474276445,0.1913777005125912,0.1179019957495385
carparts,1,0.0,0.9,2509,0.4510932576807685,0.4506104945501761,0.1070206930323953,2503,2.0391111101469823,9.912720364319124,0.2243778269038716,0.6280732444268856,0.7756221730961284,0.0,-38.55577625150042,0.2827485301625468,0.0401133734394899,0.3719267555731144,0.0178945150313986,19.053045425525028,5.8700254416488455,0.0024753395230221,room_semisynthetic_w0.9,0.024131794515665817,0.2537070009980279,0.09295765261735496
carparts,1,0.25,0.9,2509,0.4484339916751979,0.4506104944996701,-0.4853563433810087,2503,2.0391111101469823,9.912720364319124,0.4676132384144065,0.6280732444268856,0.5323867615855935,0.0,-18.76680677055217,0.2827485301625468,0.1217920709197528,0.3719267555731144,0.0178945150313986,19.053045425525028,5.8700254416488455,0.0024753395230221,room_semisynthetic_w0.9,0.03452021648030827,0.3835520494001423,0.16522051296697313
carparts,1,0.5,0.9,2509,0.4461081874984804,0.450610494544323,-1.0092410702186283,2503,2.0391111101469823,9.912720364319124,0.7229318572369867,0.6280732444268856,0.2770681427630133,0.0816602091295267,5.420989224168706,0.2827485301625468,0.361801392965317,0.3719267555731144,0.0178945150313986,19.053045425525028,5.8700254416488455,0.0087441288504677,room_semisynthetic_w0.9,0.02777431915804208,0.29592932537948974,0.16013002779751634
carparts,1,1.0,0.9,2509,0.444042961652227,0.4506104945197022,-1.47903095750876,2503,2.0391111101469823,9.912720364319124,0.9046719640932972,0.6280732444268856,0.0953280359067026,1.0352106942317432,24.63414379639043,0.2827485301625469,1.31592140600541,0.3719267555731144,0.0178945150313986,19.053045425525028,5.8700254416488455,0.0118827488279115,room_semisynthetic_w0.9,0.01195834949188331,0.22246148733661086,0.14029739438938155
carparts,1,2.0,0.9,2509,0.4432366950857105,0.4506104945180995,-1.6636256686651645,2503,2.0391111101469823,9.912720364319124,0.9736963851305976,0.6280732444268856,0.0263036148694024,4.85211246941744,32.36067647133677,0.2827485301625469,5.132956522161405,0.3719267555731144,0.0178945150313986,19.053045425525028,5.8700254416488455,0.0058324198514001,room_semisynthetic_w0.9,0.003551390755176834,0.19033816700089792,0.11706631532802488
carparts,2,0.0,0.9,2509,0.4510932576807685,0.4507677214437854,0.072166061327708,2503,2.0391111101469823,9.912720364319124,0.2243778269038716,0.6280732444268856,0.7756221730961284,0.0,-38.55577625150042,0.2827485301625468,0.0401133734394899,0.3719267555731144,0.0178945150313986,19.053045425525028,5.8700254416488455,0.0024753395230221,room_semisynthetic_w0.9,0.024131794515665817,0.2537070009980279,0.09295765261735496
carparts,2,0.25,0.9,2509,0.4488633083700828,0.4507677214723721,-0.4242746214219786,2503,2.0391111101469823,9.912720364319124,0.4894644246977813,0.6280732444268856,0.5105355753022187,0.0,-17.289315581613767,0.2827485301625468,0.1329396670639643,0.3719267555731144,0.0178945150313986,19.053045425525028,5.8700254416488455,0.0024753395230221,room_semisynthetic_w0.9,0.03465026872228337,0.39757645331290636,0.1742609895592943
carparts,2,0.5,0.9,2509,0.4465598369301957,0.4507677214875201,-0.9422890751328724,2503,2.0391111101469823,9.912720364319124,0.7344198305975244,0.6280732444268856,0.2655801694024756,0.0989003582443701,6.35968540000126,0.2827485301625468,0.3834495359485366,0.3719267555731144,0.0178945150313986,19.053045425525028,5.8700254416488455,0.009451061319977,room_semisynthetic_w0.9,0.027045779544491274,0.285725029886935,0.15669698441615043
carparts,2,1.0,0.9,2509,0.4444099915439777,0.450767721474003,-1.4306001329846842,2503,2.0391111101469823,9.912720364319124,0.9073886781289972,0.6280732444268856,0.0926113218710028,1.0724922672226835,24.89682619602782,0.2827485301625468,1.3585910150181562,0.3719267555731144,0.0178945150313986,19.053045425525028,5.8700254416488455,0.0116739522668472,room_semisynthetic_w0.9,0.01165244077400645,0.22225703263022853,0.1402995912841686
carparts,2,2.0,0.9,2509,0.4434065823465672,0.4507677214309878,-1.660133019556106,2503,2.0391111101469823,9.912720364319124,0.9741447189891128,0.6280732444268856,0.025855281010887,4.937880714444336,32.40856270048457,0.2827485301625469,5.224367068373772,0.3719267555731144,0.0178945150313986,19.053045425525028,5.8700254416488455,0.0057762908374365,room_semisynthetic_w0.9,0.0034924661689143734,0.18983423642666686,0.11665937098174434
online_retail,0,0.0,0.9,3649,1.2672416047727284,1.2672396371882373,0.0001552651431032,3649,1.551964067059942,9.999964119488691,0.3413036110684752,0.8226258968442257,0.6586963889315247,0.0,-195015.20632869477,1.4075101196763968,0.4699216617387783,0.1773741031557743,0.0462629540766466,33.54921737417692,2.156186273844121,0.0014555052823732,room_semisynthetic_w0.9,0.2038900489341202,0.007424096780655848,0.0025726779731271325
online_retail,0,0.25,0.9,3649,1.2668393319826243,1.2672396374011932,-0.0315987519855695,3649,1.551964067059942,9.999964119488691,0.3737690038233287,0.8226258968442257,0.6262309961766712,0.0,-181861.3333696956,1.4075101196763968,0.5413006985119095,0.1773741031557743,0.0462629540766466,33.54921737417692,2.156186273844121,0.0014555052823732,room_semisynthetic_w0.9,0.21227932947995923,0.00804622786835716,0.0028095289333495348
online_retail,0,0.5,0.9,3649,1.266143325320061,1.2672396372404544,-0.0865867156166044,3649,1.551964067059942,9.999964119488691,0.4521733508454528,0.8226258968442257,0.5478266491545472,0.0,-151288.1488067666,1.4075101196763968,0.748568715273476,0.1773741031557743,0.0462629540766466,33.54921737417692,2.156186273844121,0.0014555052823732,room_semisynthetic_w0.9,0.2246559795048011,0.009836781172022864,0.003501083507495051
online_retail,0,1.0,0.9,3649,1.2647032153230289,1.2672396372212211,-0.200554712557177,3649,1.551964067059942,9.999964119488691,0.6387109301257338,0.8226258968442257,0.3612890698742662,0.0,-90462.87856849477,1.4075101196763968,1.6033169707236052,0.1773741031557743,0.0462629540766466,33.54921737417692,2.156186273844121,0.0014555052823732,room_semisynthetic_w0.9,0.2092806307156373,0.016547026155092702,0.00619700989945691
online_retail,0,2.0,0.9,3649,1.2635165064845244,1.2672396372823418,-0.2946641993760916,3649,1.551964067059942,9.999964119488691,0.8517466336370761,0.8226258968442257,0.1482533663629238,0.0,-34667.4661267765,1.4075101196763968,5.210455923724638,0.1773741031557743,0.0462629540766466,33.54921737417692,2.156186273844121,0.0014555052823732,room_semisynthetic_w0.9,0.11452092669885387,0.032716544959695094,0.013162117596222173
online_retail,1,0.0,0.9,3649,1.2672416047727284,1.2673476133623376,-0.0083653021815202,3649,1.551964067059942,9.999964119488691,0.3413036110684752,0.8226258968442257,0.6586963889315247,0.0,-195015.20632869477,1.4075101196763968,0.4699216617387783,0.1773741031557743,0.0462629540766466,33.54921737417692,2.156186273844121,0.0014555052823732,room_semisynthetic_w0.9,0.2038900489341202,0.007424096780655848,0.0025726779731271325
online_retail,1,0.25,0.9,3649,1.2669653264603202,1.2673476134767885,-0.0301734395160043,3649,1.551964067059942,9.999964119488691,0.3705045488515828,0.8226258968442257,0.6294954511484172,0.0,-180832.5560435861,1.4075101196763968,0.5337904658590402,0.1773741031557743,0.0462629540766466,33.54921737417692,2.156186273844121,0.0014555052823732,room_semisynthetic_w0.9,0.21152222434441423,0.007980824780057648,0.00278454117078005
online_retail,1,0.5,0.9,3649,1.266320626716322,1.267347613584126,-0.081100066297345,3649,1.551964067059942,9.999964119488691,0.4492566444677963,0.8226258968442257,0.5507433555322037,0.0,-149512.96434128692,1.4075101196763968,0.7398013287304506,0.1773741031557743,0.0462629540766466,33.54921737417692,2.156186273844121,0.0014555052823732,room_semisynthetic_w0.9,0.22439523968997876,0.009761833810110232,0.003471863225401138
online_retail,1,1.0,0.9,3649,1.2647900189961334,1.2673476135657042,-0.2022149551433683,3649,1.551964067059942,9.999964119488691,0.6404912085322062,0.8226258968442257,0.3595087914677938,0.0,-88692.28431013215,1.4075101196763968,1.6157476096121786,0.1773741031557743,0.0462629540766466,33.54921737417692,2.156186273844121,0.0014555052823732,room_semisynthetic_w0.9,0.2088298383742807,0.01663462558616859,0.006233118810730696
online_retail,1,2.0,0.9,3649,1.2634762942679096,1.2673476135471182,-0.3064022092675451,3649,1.551964067059942,9.999964119488691,0.8545995841759617,0.8226258968442257,0.1454004158240383,0.0,-33849.47383984513,1.4075101196763968,5.330487053700466,0.1773741031557743,0.0462629540766466,33.54921737417692,2.156186273844121,0.0014555052823732,room_semisynthetic_w0.9,0.11269332425231685,0.033041085201413925,0.013307253771878887
online_retail,2,0.0,0.9,3649,1.2672416047727284,1.2672320100899772,0.0007571312932794,3649,1.551964067059942,9.999964119488691,0.3413036110684752,0.8226258968442257,0.6586963889315247,0.0,-195015.20632869477,1.4075101196763968,0.4699216617387783,0.1773741031557743,0.0462629540766466,33.54921737417692,2.156186273844121,0.0014555052823732,room_semisynthetic_w0.9,0.2038900489341202,0.007424096780655848,0.0025726779731271325
online_retail,2,0.25,0.9,3649,1.2670815690696795,1.267232010224559,-0.0118730442105161,3649,1.551964067059942,9.999964119488691,0.3729534684567245,0.8226258968442257,0.6270465315432754,0.0,-181844.40571961645,1.4075101196763968,0.5394171433912709,0.1773741031557743,0.0462629540766466,33.54921737417692,2.156186273844121,0.0014555052823732,room_semisynthetic_w0.9,0.21209199862204217,0.008029826716322899,0.0028032608373317
online_retail,2,0.5,0.9,3649,1.26650663970897,1.2672320101654326,-0.0572733244122104,3649,1.551964067059942,9.999964119488691,0.4525887079329668,0.8226258968442257,0.5474112920670332,0.0,-150721.58300159615,1.4075101196763968,0.7498248452596842,0.1773741031557743,0.0462629540766466,33.54921737417692,2.156186273844121,0.0014555052823732,room_semisynthetic_w0.9,0.2246918552960573,0.009847511923023893,0.0035052690456634046
online_retail,2,1.0,0.9,3649,1.264996896510796,1.2672320103038706,-0.1766892708780199,3649,1.551964067059942,9.999964119488691,0.6422651616175042,0.8226258968442257,0.3577348383824957,0.0,-89291.30213893321,1.4075101196763968,1.628257146809322,0.1773741031557743,0.0462629540766466,33.54921737417692,2.156186273844121,0.0014555052823732,room_semisynthetic_w0.9,0.2083749295176299,0.01672248227639896,0.006269354858082198
online_retail,2,2.0,0.9,3649,1.2635701704104283,1.267232010319729,-0.2898010727897497,3649,1.551964067059942,9.999964119488691,0.8550089788068818,0.8226258968442257,0.1449910211931182,0.0,-33877.7259552439,1.4075101196763968,5.348098914725946,0.1773741031557743,0.0462629540766466,33.54921737417692,2.156186273844121,0.0014555052823732,room_semisynthetic_w0.9,0.11242985444454265,0.033087977393581616,0.013328239607889682
m5,0,0.0,0.9,5000,2.286043732609349,2.285503323969792,0.0236394707523623,4707,2.938068545597277,10.000000000000002,0.7115587271887986,0.8438508939290287,0.2884412728112014,0.0,-5.123415489215746e+55,0.3450312001009274,0.2897008805478276,0.1561491060709713,0.0842649642442109,43.20019884371194,1.8504348006782367,0.0020545941416126,room_semisynthetic_w0.9,0.024102640429458113,6.317937001947411e-05,2.726956914381262e-05
m5,0,0.25,0.9,5000,2.28772969992043,2.285503323960921,0.0973181385714657,4707,2.938068545597277,10.000000000000002,0.7497810267402389,0.8438508939290287,0.250218973259761,0.0,-4.1443906143786936e+55,0.3450312001009275,0.3518930414683037,0.1561491060709713,0.0842649642442109,43.20019884371194,1.8504348006782367,0.0020545941416126,room_semisynthetic_w0.9,0.022031859547978705,7.148749456347854e-05,3.1196350452396206e-05
m5,0,0.5,0.9,5000,2.2897160171806474,2.285503323963519,0.1839832182471085,4707,2.938068545597277,10.000000000000002,0.8247471295203612,0.8438508939290287,0.1752528704796387,0.0,-2.6257365941831124e+55,0.3450312001009275,0.5526525082316841,0.1561491060709713,0.0842649642442109,43.20019884371194,1.8504348006782367,0.0020545941416126,room_semisynthetic_w0.9,0.01697393072981017,9.212984153115127e-05,4.112166960532916e-05
m5,0,1.0,0.9,5000,2.2909509346713848,2.2855033239715543,0.2377881873149706,4707,2.938068545597277,10.000000000000002,0.9242358535718878,0.8438508939290287,0.0757641464281121,0.0,-1.0634903886936143e+55,0.3450312001009274,1.4325690141231098,0.1561491060709713,0.0842649642442109,43.20019884371194,1.8504348006782367,0.0020545941416126,room_semisynthetic_w0.9,0.008223241084077492,0.00013243052056813857,6.10484064007389e-05
m5,0,2.0,0.9,5000,2.291610741701588,2.285503323972521,0.2665120047626916,4707,2.938068545597277,10.000000000000002,0.9775313454410326,0.8438508939290287,0.0224686545589674,0.0,-3.144077955493385e+54,0.3450312001009277,5.109167053520087,0.1561491060709713,0.0842649642442109,43.20019884371194,1.8504348006782367,0.0020545941416126,room_semisynthetic_w0.9,0.0025793141315314638,0.0001631214514567863,7.660378085508072e-05
m5,1,0.0,0.9,5000,2.286043732609349,2.2867516278951427,-0.0309659555369122,4707,2.938068545597277,10.000000000000002,0.7115587271887986,0.8438508939290287,0.2884412728112014,0.0,-5.123415489215746e+55,0.3450312001009274,0.2897008805478276,0.1561491060709713,0.0842649642442109,43.20019884371194,1.8504348006782367,0.0020545941416126,room_semisynthetic_w0.9,0.024102640429458113,6.317937001947411e-05,2.726956914381262e-05
m5,1,0.25,0.9,5000,2.286006374930467,2.286751627915961,-0.0326006521095888,4707,2.938068545597277,10.000000000000002,0.7467111092612202,0.8438508939290287,0.2532888907387798,0.0,-4.173626601859568e+55,0.3450312001009275,0.3462046850762137,0.1561491060709713,0.0842649642442109,43.20019884371194,1.8504348006782367,0.0020545941416126,room_semisynthetic_w0.9,0.022210852336128933,7.077184156674681e-05,3.085643003481569e-05
m5,1,0.5,0.9,5000,2.287097887085177,2.286751627884985,0.0151396755752187,4707,2.938068545597277,10.000000000000002,0.8228302932975802,0.8438508939290287,0.1771697067024197,0.0,-2.636819544969324e+55,0.3450312001009274,0.545402693988467,0.1561491060709713,0.0842649642442109,43.20019884371194,1.8504348006782367,0.0020545941416126,room_semisynthetic_w0.9,0.017119702414172665,9.151595574995571e-05,4.082338648744711e-05
m5,1,1.0,0.9,5000,2.289048951227881,2.2867516279113587,0.100361476118305,4707,2.938068545597277,10.000000000000002,0.9243601225932004,0.8438508939290287,0.0756398774067996,0.0,-1.0590783011430086e+55,0.3450312001009274,1.435115520719335,0.1561491060709713,0.0842649642442109,43.20019884371194,1.8504348006782367,0.0020545941416126,room_semisynthetic_w0.9,0.008210857101866158,0.00013249329498351046,6.107991917505678e-05
m5,1,2.0,0.9,5000,2.2904783491253418,2.2867516278973965,0.1627049314554042,4707,2.938068545597277,10.000000000000002,0.977780862850106,0.8438508939290287,0.0222191371498938,0.0,-3.10859024819921e+54,0.3450312001009276,5.167860967851601,0.1561491060709713,0.0842649642442109,43.20019884371194,1.8504348006782367,0.0020545941416126,room_semisynthetic_w0.9,0.002551321568995081,0.0001632848468369864,7.668734373409493e-05
m5,2,0.0,0.9,5000,2.286043732609349,2.286053550215671,-0.000429458377481,4707,2.938068545597277,10.000000000000002,0.7115587271887986,0.8438508939290287,0.2884412728112014,0.0,-5.123415489215746e+55,0.3450312001009274,0.2897008805478276,0.1561491060709713,0.0842649642442109,43.20019884371194,1.8504348006782367,0.0020545941416126,room_semisynthetic_w0.9,0.024102640429458113,6.317937001947411e-05,2.726956914381262e-05
m5,2,0.25,0.9,5000,2.2839278041225044,2.286053550206993,-0.0930741366102642,4707,2.938068545597277,10.000000000000002,0.7452197898598302,0.8438508939290287,0.2547802101401698,0.0,-4.2145905047811615e+55,0.3450312001009275,0.3434908383805578,0.1561491060709713,0.0842649642442109,43.20019884371194,1.8504348006782367,0.0020545941416126,room_semisynthetic_w0.9,0.022297005499265266,7.042740409933946e-05,3.069293811331417e-05
m5,2,0.5,0.9,5000,2.284443750104535,2.2860535501769426,-0.070467923420481,4707,2.938068545597277,10.000000000000002,0.8216022518479938,0.8438508939290287,0.1783977481520061,0.0,-2.661361107911683e+55,0.3450312001009275,0.540839902015234,0.1561491060709713,0.0842649642442109,43.20019884371194,1.8504348006782367,0.0020545941416126,room_semisynthetic_w0.9,0.01721263905174065,9.112533574788092e-05,4.063367934908787e-05
m5,2,1.0,0.9,5000,2.286423913785551,2.286053550166881,0.0161983793310159,4707,2.938068545597277,10.000000000000002,0.9241929591390572,0.8438508939290287,0.0758070408609428,0.0,-1.0617237620607321e+55,0.3450312001009275,1.4316919645747248,0.1561491060709713,0.0842649642442109,43.20019884371194,1.8504348006782367,0.0020545941416126,room_semisynthetic_w0.9,0.008227514870469204,0.00013240886106079462,6.103753363042566e-05
m5,2,2.0,0.9,5000,2.2890051476061064,2.286053550143063,0.128946737674673,4707,2.938068545597277,10.000000000000002,0.9778769767482411,0.8438508939290287,0.0221230232517588,0.0,-3.095252987317491e+54,0.3450312001009276,5.19082303616494,0.1561491060709713,0.0842649642442109,43.20019884371194,1.8504348006782367,0.0020545941416126,room_semisynthetic_w0.9,0.0025405349560449035,0.00016334784090072212,7.671956184421259e-05
