panel,assign,delta,w,n_items,pin_global,pin_true,delta_oracle,m_items,median_n_pos,median_n_obs,lambda_size,lambda_occ,lev_size,het_size,z_size,sigma2_global,tau2_global,lev_occ,het_occ,z_occ,phi_global,R1,R1b
carparts,0,0.0,0.9,2509,0.4510932576807685,0.45166610003198676,-0.12698978347923576,2503,2.0391111101469823,9.912720364319124,0.22437782690387162,0.6280732444268856,0.7756221730961284,0.0,-38.55577625150042,0.28274853016254686,0.04011337343948996,0.3719267555731144,0.017894515031398606,19.053045425525028,5.8700254416488455,0.002475339523022178,0.024131794515665855
carparts,0,0.25,0.9,2509,0.4490651732664355,0.45166610003105157,-0.5791869241823571,2503,2.0391111101469823,9.912720364319124,0.4695095888058778,0.6280732444268856,0.5304904111941222,0.0,-18.979844548576413,0.28274853016254686,0.12272312147776637,0.3719267555731144,0.017894515031398606,19.053045425525028,5.8700254416488455,0.002475339523022178,0.034536750218503894
carparts,0,0.5,0.9,2509,0.44639328911901294,0.45166610006107283,-1.1812030042983255,2503,2.0391111101469823,9.912720364319124,0.7200924297944893,0.6280732444268856,0.2799075702055107,0.07376370751280104,4.970448709263136,0.28274853016254686,0.35672460526477284,0.3719267555731144,0.017894515031398606,19.053045425525028,5.8700254416488455,0.008254596762186163,0.027948747790457525
carparts,0,1.0,0.9,2509,0.44395327594391065,0.45166610003528085,-1.7373053673208259,2503,2.0391111101469823,9.912720364319124,0.9023642461225252,0.6280732444268856,0.0976357538774748,0.997074399031785,24.35144587384064,0.2827485301625469,1.2815408680356482,0.3719267555731144,0.017894515031398606,19.053045425525028,5.8700254416488455,0.011980190963597984,0.012216596452113997
carparts,0,2.0,0.9,2509,0.4431625521558133,0.4516661000611973,-1.9188326865655818,2503,2.0391111101469823,9.912720364319124,0.9728667754217476,0.6280732444268856,0.027133224578252402,4.686466711151496,32.263667153492264,0.282748530162547,4.97177455774625,0.3719267555731144,0.017894515031398606,19.053045425525028,5.8700254416488455,0.0059255719723156205,0.0036602794742764465
carparts,1,0.0,0.9,2509,0.4510932576807685,0.45061049455017615,0.10702069303239535,2503,2.0391111101469823,9.912720364319124,0.22437782690387162,0.6280732444268856,0.7756221730961284,0.0,-38.55577625150042,0.28274853016254686,0.04011337343948996,0.3719267555731144,0.017894515031398606,19.053045425525028,5.8700254416488455,0.002475339523022178,0.024131794515665855
carparts,1,0.25,0.9,2509,0.4484339916751979,0.4506104944996701,-0.4853563433810087,2503,2.0391111101469823,9.912720364319124,0.4676132384144065,0.6280732444268856,0.5323867615855935,0.0,-18.76680677055217,0.28274853016254686,0.12179207091975282,0.3719267555731144,0.017894515031398606,19.053045425525028,5.8700254416488455,0.002475339523022178,0.03452021648030827
carparts,1,0.5,0.9,2509,0.44610818749848047,0.45061049454432306,-1.0092410702186285,2503,2.0391111101469823,9.912720364319124,0.7229318572369867,0.6280732444268856,0.2770681427630133,0.08166020912952676,5.420989224168706,0.28274853016254686,0.36180139296531705,0.3719267555731144,0.017894515031398606,19.053045425525028,5.8700254416488455,0.008744128850467799,0.02777431915804209
carparts,1,1.0,0.9,2509,0.44404296165222706,0.45061049451970225,-1.47903095750876,2503,2.0391111101469823,9.912720364319124,0.9046719640932973,0.6280732444268856,0.09532803590670269,1.0352106942317432,24.63414379639043,0.2827485301625469,1.3159214060054099,0.3719267555731144,0.017894515031398606,19.053045425525028,5.8700254416488455,0.01188274882791152,0.011958349491883334
carparts,1,2.0,0.9,2509,0.4432366950857105,0.45061049451809954,-1.6636256686651645,2503,2.0391111101469823,9.912720364319124,0.9736963851305975,0.6280732444268856,0.02630361486940247,4.85211246941744,32.36067647133677,0.2827485301625469,5.132956522161405,0.3719267555731144,0.017894515031398606,19.053045425525028,5.8700254416488455,0.005832419851400143,0.003551390755176853
carparts,2,0.0,0.9,2509,0.4510932576807685,0.45076772144378546,0.07216606132770803,2503,2.0391111101469823,9.912720364319124,0.22437782690387162,0.6280732444268856,0.7756221730961284,0.0,-38.55577625150042,0.28274853016254686,0.04011337343948996,0.3719267555731144,0.017894515031398606,19.053045425525028,5.8700254416488455,0.002475339523022178,0.024131794515665855
carparts,2,0.25,0.9,2509,0.4488633083700828,0.45076772147237215,-0.42427462142197864,2503,2.0391111101469823,9.912720364319124,0.4894644246977813,0.6280732444268856,0.5105355753022187,0.0,-17.289315581613767,0.28274853016254686,0.13293966706396432,0.3719267555731144,0.017894515031398606,19.053045425525028,5.8700254416488455,0.002475339523022178,0.03465026872228338
carparts,2,0.5,0.9,2509,0.4465598369301957,0.4507677214875201,-0.9422890751328724,2503,2.0391111101469823,9.912720364319124,0.7344198305975244,0.6280732444268856,0.26558016940247564,0.09890035824437016,6.3596854000012595,0.28274853016254686,0.3834495359485366,0.3719267555731144,0.017894515031398606,19.053045425525028,5.8700254416488455,0.009451061319977073,0.027045779544491284
carparts,2,1.0,0.9,2509,0.4444099915439777,0.45076772147400307,-1.4306001329846842,2503,2.0391111101469823,9.912720364319124,0.9073886781289972,0.6280732444268856,0.09261132187100285,1.0724922672226835,24.89682619602782,0.28274853016254686,1.3585910150181562,0.3719267555731144,0.017894515031398606,19.053045425525028,5.8700254416488455,0.011673952266847237,0.011652440774006465
carparts,2,2.0,0.9,2509,0.4434065823465672,0.4507677214309878,-1.6601330195561061,2503,2.0391111101469823,9.912720364319124,0.9741447189891129,0.6280732444268856,0.025855281010887077,4.937880714444336,32.40856270048457,0.2827485301625469,5.224367068373772,0.3719267555731144,0.017894515031398606,19.053045425525028,5.8700254416488455,0.005776290837436573,0.003492466168914394
online_retail,0,0.0,0.9,3649,1.2672416047727284,1.2672396371882373,0.00015526514310320932,3649,1.551964067059942,9.999964119488691,0.34130361106847523,0.8226258968442257,0.6586963889315247,0.0,-195015.20632869474,1.4075101196763968,0.4699216617387783,0.1773741031557743,0.046262954076646656,33.54921737417692,2.1561862738441215,0.0014555052823732855,0.2038900489341202
online_retail,0,0.25,0.9,3649,1.2668393319826243,1.2672396374011932,-0.031598751985569586,3649,1.551964067059942,9.999964119488691,0.3737690038233287,0.8226258968442257,0.6262309961766712,0.0,-181861.33336969558,1.4075101196763968,0.5413006985119095,0.1773741031557743,0.046262954076646656,33.54921737417692,2.1561862738441215,0.0014555052823732855,0.21227932947995923
online_retail,0,0.5,0.9,3649,1.266143325320061,1.2672396372404544,-0.08658671561660446,3649,1.551964067059942,9.999964119488691,0.45217335084545285,0.8226258968442257,0.5478266491545472,0.0,-151288.1488067666,1.4075101196763968,0.748568715273476,0.1773741031557743,0.046262954076646656,33.54921737417692,2.1561862738441215,0.0014555052823732855,0.2246559795048011
online_retail,0,1.0,0.9,3649,1.2647032153230289,1.2672396372212213,-0.200554712557177,3649,1.551964067059942,9.999964119488691,0.6387109301257338,0.8226258968442257,0.36128906987426623,0.0,-90462.87856849475,1.4075101196763968,1.6033169707236052,0.1773741031557743,0.046262954076646656,33.54921737417692,2.1561862738441215,0.0014555052823732855,0.20928063071563738
online_retail,0,2.0,0.9,3649,1.2635165064845244,1.2672396372823418,-0.2946641993760916,3649,1.551964067059942,9.999964119488691,0.8517466336370761,0.8226258968442257,0.14825336636292386,0.0,-34667.4661267765,1.4075101196763968,5.210455923724638,0.1773741031557743,0.046262954076646656,33.54921737417692,2.1561862738441215,0.0014555052823732855,0.11452092669885396
online_retail,1,0.0,0.9,3649,1.2672416047727284,1.2673476133623376,-0.008365302181520274,3649,1.551964067059942,9.999964119488691,0.34130361106847523,0.8226258968442257,0.6586963889315247,0.0,-195015.20632869474,1.4075101196763968,0.4699216617387783,0.1773741031557743,0.046262954076646656,33.54921737417692,2.1561862738441215,0.0014555052823732855,0.2038900489341202
online_retail,1,0.25,0.9,3649,1.2669653264603202,1.2673476134767885,-0.030173439516004395,3649,1.551964067059942,9.999964119488691,0.37050454885158285,0.8226258968442257,0.6294954511484172,0.0,-180832.55604358614,1.4075101196763968,0.5337904658590402,0.1773741031557743,0.046262954076646656,33.54921737417692,2.1561862738441215,0.0014555052823732855,0.21152222434441423
online_retail,1,0.5,0.9,3649,1.266320626716322,1.267347613584126,-0.081100066297345,3649,1.551964067059942,9.999964119488691,0.44925664446779634,0.8226258968442257,0.5507433555322037,0.0,-149512.96434128692,1.4075101196763968,0.7398013287304506,0.1773741031557743,0.046262954076646656,33.54921737417692,2.1561862738441215,0.0014555052823732855,0.22439523968997876
online_retail,1,1.0,0.9,3649,1.2647900189961334,1.2673476135657042,-0.20221495514336835,3649,1.551964067059942,9.999964119488691,0.6404912085322062,0.8226258968442257,0.3595087914677938,0.0,-88692.28431013215,1.4075101196763968,1.6157476096121786,0.1773741031557743,0.046262954076646656,33.54921737417692,2.1561862738441215,0.0014555052823732855,0.2088298383742807
online_retail,1,2.0,0.9,3649,1.2634762942679096,1.2673476135471182,-0.30640220926754513,3649,1.551964067059942,9.999964119488691,0.8545995841759617,0.8226258968442257,0.1454004158240383,0.0,-33849.47383984513,1.4075101196763968,5.330487053700466,0.1773741031557743,0.046262954076646656,33.54921737417692,2.1561862738441215,0.0014555052823732855,0.11269332425231685
online_retail,2,0.0,0.9,3649,1.2672416047727284,1.2672320100899772,0.0007571312932794153,3649,1.551964067059942,9.999964119488691,0.34130361106847523,0.8226258968442257,0.6586963889315247,0.0,-195015.20632869474,1.4075101196763968,0.4699216617387783,0.1773741031557743,0.046262954076646656,33.54921737417692,2.1561862738441215,0.0014555052823732855,0.2038900489341202
online_retail,2,0.25,0.9,3649,1.2670815690696797,1.2672320102245587,-0.0118730442105161,3649,1.551964067059942,9.999964119488691,0.37295346845672456,0.8226258968442257,0.6270465315432754,0.0,-181844.40571961645,1.4075101196763968,0.5394171433912709,0.1773741031557743,0.046262954076646656,33.54921737417692,2.1561862738441215,0.0014555052823732855,0.21209199862204217
online_retail,2,0.5,0.9,3649,1.26650663970897,1.2672320101654326,-0.05727332441221047,3649,1.551964067059942,9.999964119488691,0.4525887079329668,0.8226258968442257,0.5474112920670332,0.0,-150721.58300159615,1.4075101196763968,0.7498248452596842,0.1773741031557743,0.046262954076646656,33.54921737417692,2.1561862738441215,0.0014555052823732855,0.2246918552960573
online_retail,2,1.0,0.9,3649,1.264996896510796,1.2672320103038706,-0.17668927087801992,3649,1.551964067059942,9.999964119488691,0.6422651616175042,0.8226258968442257,0.35773483838249576,0.0,-89291.30213893321,1.4075101196763968,1.628257146809322,0.1773741031557743,0.046262954076646656,33.54921737417692,2.1561862738441215,0.0014555052823732855,0.20837492951762998
online_retail,2,2.0,0.9,3649,1.2635701704104283,1.267232010319729,-0.28980107278974976,3649,1.551964067059942,9.999964119488691,0.8550089788068818,0.8226258968442257,0.14499102119311824,0.0,-33877.7259552439,1.4075101196763968,5.348098914725946,0.1773741031557743,0.046262954076646656,33.54921737417692,2.1561862738441215,0.0014555052823732855,0.1124298544445427
m5,0,0.0,0.9,5000,2.2860437326093486,2.285503323969792,0.023639470752362373,4707,2.938068545597277,10.000000000000002,0.7115587271887986,0.8438508939290287,0.2884412728112014,0.0,-5.123415489215746e+55,0.34503120010092747,0.28970088054782767,0.15614910607097132,0.0842649642442109,43.20019884371194,1.8504348006782372,0.0020545941416126455,0.02410264042945812
m5,0,0.25,0.9,5000,2.28772969992043,2.285503323960921,0.09731813857146573,4707,2.938068545597277,10.000000000000002,0.7497810267402389,0.8438508939290287,0.25021897325976106,0.0,-4.1443906143786936e+55,0.3450312001009275,0.3518930414683037,0.15614910607097132,0.0842649642442109,43.20019884371194,1.8504348006782372,0.0020545941416126455,0.022031859547978715
m5,0,0.5,0.9,5000,2.2897160171806474,2.285503323963519,0.18398321824710853,4707,2.938068545597277,10.000000000000002,0.8247471295203612,0.8438508939290287,0.17525287047963872,0.0,-2.6257365941831124e+55,0.3450312001009275,0.5526525082316841,0.15614910607097132,0.0842649642442109,43.20019884371194,1.8504348006782372,0.0020545941416126455,0.016973930729810172
m5,0,1.0,0.9,5000,2.2909509346713848,2.2855033239715543,0.23778818731497064,4707,2.938068545597277,10.000000000000002,0.9242358535718878,0.8438508939290287,0.07576414642811219,0.0,-1.0634903886936143e+55,0.34503120010092747,1.4325690141231098,0.15614910607097132,0.0842649642442109,43.20019884371194,1.8504348006782372,0.0020545941416126455,0.008223241084077512
m5,0,2.0,0.9,5000,2.2916107417015876,2.2855033239725215,0.26651200476269166,4707,2.938068545597277,10.000000000000002,0.9775313454410326,0.8438508939290287,0.022468654558967405,0.0,-3.144077955493385e+54,0.3450312001009277,5.109167053520087,0.15614910607097132,0.0842649642442109,43.20019884371194,1.8504348006782372,0.0020545941416126455,0.002579314131531465
m5,1,0.0,0.9,5000,2.2860437326093486,2.2867516278951427,-0.03096595553691225,4707,2.938068545597277,10.000000000000002,0.7115587271887986,0.8438508939290287,0.2884412728112014,0.0,-5.123415489215746e+55,0.34503120010092747,0.28970088054782767,0.15614910607097132,0.0842649642442109,43.20019884371194,1.8504348006782372,0.0020545941416126455,0.02410264042945812
m5,1,0.25,0.9,5000,2.286006374930467,2.286751627915961,-0.032600652109588846,4707,2.938068545597277,10.000000000000002,0.7467111092612202,0.8438508939290287,0.25328889073877986,0.0,-4.1736266018595683e+55,0.3450312001009275,0.34620468507621377,0.15614910607097132,0.0842649642442109,43.20019884371194,1.8504348006782372,0.0020545941416126455,0.022210852336128947
m5,1,0.5,0.9,5000,2.2870978870851775,2.286751627884985,0.015139675575218723,4707,2.938068545597277,10.000000000000002,0.8228302932975802,0.8438508939290287,0.17716970670241977,0.0,-2.636819544969324e+55,0.34503120010092747,0.545402693988467,0.15614910607097132,0.0842649642442109,43.20019884371194,1.8504348006782372,0.0020545941416126455,0.01711970241417268
m5,1,1.0,0.9,5000,2.2890489512278815,2.2867516279113587,0.100361476118305,4707,2.938068545597277,10.000000000000002,0.9243601225932003,0.8438508939290287,0.07563987740679967,0.0,-1.0590783011430086e+55,0.34503120010092747,1.4351155207193347,0.15614910607097132,0.0842649642442109,43.20019884371194,1.8504348006782372,0.0020545941416126455,0.008210857101866172
m5,1,2.0,0.9,5000,2.2904783491253418,2.2867516278973965,0.16270493145540424,4707,2.938068545597277,10.000000000000002,0.9777808628501061,0.8438508939290287,0.02221913714989382,0.0,-3.10859024819921e+54,0.34503120010092764,5.167860967851601,0.15614910607097132,0.0842649642442109,43.20019884371194,1.8504348006782372,0.0020545941416126455,0.002551321568995086
m5,2,0.0,0.9,5000,2.2860437326093486,2.286053550215671,-0.0004294583774810255,4707,2.938068545597277,10.000000000000002,0.7115587271887986,0.8438508939290287,0.2884412728112014,0.0,-5.123415489215746e+55,0.34503120010092747,0.28970088054782767,0.15614910607097132,0.0842649642442109,43.20019884371194,1.8504348006782372,0.0020545941416126455,0.02410264042945812
m5,2,0.25,0.9,5000,2.2839278041225044,2.286053550206993,-0.09307413661026427,4707,2.938068545597277,10.000000000000002,0.7452197898598302,0.8438508939290287,0.2547802101401698,0.0,-4.2145905047811615e+55,0.3450312001009275,0.34349083838055783,0.15614910607097132,0.0842649642442109,43.20019884371194,1.8504348006782372,0.0020545941416126455,0.02229700549926527
m5,2,0.5,0.9,5000,2.284443750104535,2.2860535501769426,-0.07046792342048108,4707,2.938068545597277,10.000000000000002,0.8216022518479938,0.8438508939290287,0.17839774815200615,0.0,-2.661361107911683e+55,0.3450312001009275,0.540839902015234,0.15614910607097132,0.0842649642442109,43.20019884371194,1.8504348006782372,0.0020545941416126455,0.01721263905174066
m5,2,1.0,0.9,5000,2.286423913785551,2.286053550166881,0.016198379331015936,4707,2.938068545597277,10.000000000000002,0.9241929591390572,0.8438508939290287,0.07580704086094281,0.0,-1.061723762060732e+55,0.3450312001009275,1.4316919645747248,0.15614910607097132,0.0842649642442109,43.20019884371194,1.8504348006782372,0.0020545941416126455,0.008227514870469205
m5,2,2.0,0.9,5000,2.2890051476061064,2.286053550143063,0.12894673767467307,4707,2.938068545597277,10.000000000000002,0.9778769767482411,0.8438508939290287,0.022123023251758855,0.0,-3.095252987317491e+54,0.34503120010092764,5.1908230361649395,0.15614910607097132,0.0842649642442109,43.20019884371194,1.8504348006782372,0.0020545941416126455,0.002540534956044916
