panel,comparator,mean_diff,n_series,t_stat,t_pval_raw,wilcoxon_pval_raw,t_pval_holm,wilcoxon_pval_holm,remix_better,significant_5pct
online_retail,AutoARIMA,-0.12199167481294237,3649,-24.69992343601302,1.1039184209950113e-124,0.0,9.9352657889551e-124,0.0,True,True
online_retail,AutoTheta,-0.12062610027211414,3649,-19.249797026706496,1.0043182171708744e-78,0.0,5.021591085854373e-78,0.0,True,True
online_retail,CP-ADIDA,-0.239026647522425,3649,-19.573951607284947,3.2993525277735944e-81,0.0,1.9796115166641568e-80,0.0,True,True
online_retail,CP-Croston,-0.6652667183314982,3649,-15.629974184918602,2.3592308957454416e-53,0.0,7.077692687236324e-53,0.0,True,True
online_retail,CP-SBA,-0.6643145478541341,3649,-15.994420882231152,1.0503078504883186e-55,0.0,4.201231401953274e-55,0.0,True,True
online_retail,CP-IMAPA,-0.24312622205637693,3649,-19.726906485649728,2.1627472635248087e-82,0.0,1.5139230844673661e-81,0.0,True,True
online_retail,CP-TSB,-0.28950132026127073,3649,-20.731546706833456,2.3997470293241127e-90,0.0,1.91979762345929e-89,0.0,True,True
online_retail,Tweedie-GLM,-0.2628293372311038,3649,-13.713917529522773,8.954890406797433e-42,2.2390746091537935e-173,1.7909780813594865e-41,2.2390746091537935e-173,True,True
online_retail,iETS,-0.09972440633471266,3649,-11.850600444255019,8.132679487086404e-32,0.0,8.132679487086404e-32,0.0,True,True
m5,AutoARIMA,-0.12119321679398179,4707,-7.614328256230406,3.18357561040425e-14,1.0132272291155375e-210,2.228502927282975e-13,2.026454458231075e-210,True,True
m5,AutoTheta,-0.12475263086517631,4707,-6.787731242959658,1.2803165335146476e-11,0.0,7.681899201087886e-11,0.0,True,True
m5,CP-ADIDA,-0.044340115747519566,4707,-2.1052903304460973,0.03531890475996009,0.0,0.10595671427988028,0.0,True,False
m5,CP-Croston,-0.019525222614971856,4707,-0.9914303491083641,0.32152645928781637,0.0,0.5188818997756682,0.0,True,False
m5,CP-SBA,-0.023236471877766677,4707,-1.1278495759416247,0.2594409498878341,0.0,0.5188818997756682,0.0,True,False
m5,CP-IMAPA,-0.048268695187777585,4707,-2.2935982699419273,0.021857454992651022,0.0,0.08742981997060409,0.0,True,False
m5,CP-TSB,-0.2087208803183814,4707,-5.7880701182532865,7.581797216825517e-09,0.0,3.7908986084127585e-08,0.0,True,True
m5,Tweedie-GLM,-2.3985992600652537,4707,-44.55522836922764,0.0,0.0,0.0,0.0,True,True
m5,iETS,-0.35748504767756,4707,-11.972977837723185,1.4568602910735873e-32,2.6422815642373687e-171,1.1654882328588698e-31,2.6422815642373687e-171,True,True
auto,AutoARIMA,-0.025236816311900858,3000,-13.422297771367088,6.216564040657591e-40,2.742474485307344e-84,1.2433128081315181e-39,5.484948970614688e-84,True,True
auto,AutoTheta,-0.04668683410684166,3000,-17.683389121852443,1.2128579768437857e-66,5.285630806198824e-115,3.638573930531357e-66,1.5856892418596473e-114,True,True
auto,CP-ADIDA,-0.03387017017105988,3000,-23.258457404329693,3.7538564774633056e-110,5.742792896506626e-190,1.876928238731653e-109,2.871396448253313e-189,True,True
auto,CP-Croston,-0.03238258505070329,3000,-27.16585134340378,1.761046974740809e-145,5.331723177838722e-200,1.408837579792647e-144,4.265378542270978e-199,True,True
auto,CP-SBA,-0.03191236576861182,3000,-28.14336553622718,7.574646928152404e-155,1.1798449344649032e-209,6.817182235337164e-154,1.061860441018413e-208,True,True
auto,CP-IMAPA,-0.03427699064889048,3000,-23.481063379592676,4.568222405206581e-112,2.626683792996232e-191,2.7409334431239485e-111,1.576010275797739e-190,True,True
auto,CP-TSB,-0.05221010782645158,3000,-23.840952397376125,3.4500260465670534e-115,9.597119103498595e-193,2.4150182325969373e-114,6.717983372449017e-192,True,True
auto,Tweedie-GLM,-0.028417270376854126,3000,-29.79350211697475,4.375005266281138e-171,3.2191475762243017e-177,4.375005266281138e-170,1.2876590304897207e-176,True,True
auto,TweedieGP,-0.0048898497701646716,3000,-5.948550466308602,3.0179100648168744e-09,0.001333761732429219,3.0179100648168744e-09,0.001333761732429219,True,True
auto,iETS,-0.05111576491126753,3000,-18.69029108212251,7.93981856260372e-74,4.58479835040105e-227,3.175927425041488e-73,4.58479835040105e-226,True,True
carparts,AutoARIMA,-0.08552148631779881,2503,-14.700931982762079,5.475757219889618e-47,5.464472663425502e-246,2.737878609944809e-46,5.464472663425502e-245,True,True
carparts,AutoTheta,-0.06961730731176358,2503,-11.977962478878464,3.456904108823519e-32,2.519298291000282e-219,1.0370712326470559e-31,2.2673684619002535e-218,True,True
carparts,CP-ADIDA,-0.03421209746665819,2503,-15.690555315033336,5.421565018386729e-53,2.213784304247593e-182,3.7950955128707105e-52,8.855137216990372e-182,True,True
carparts,CP-Croston,-0.07824360281883116,2503,-17.540887778447736,4.66431014427761e-65,8.134258980466579e-204,4.66431014427761e-64,6.507407184373263e-203,True,True
carparts,CP-SBA,-0.0752790554267392,2503,-17.452989182543302,1.844275599428758e-64,2.6892721378551385e-200,1.6598480394858823e-63,1.882490496498597e-199,True,True
carparts,CP-IMAPA,-0.033186380249959846,2503,-16.940325620236155,5.027171648383869e-61,4.531071103730124e-189,4.021737318707095e-60,2.7186426622380746e-188,True,True
carparts,CP-TSB,-0.05541139897028491,2503,-12.068683718824444,1.2240327902582248e-32,2.292754953297353e-141,4.896131161032899e-32,6.878264859892059e-141,True,True
carparts,Tweedie-GLM,-0.15468938649479305,2503,-15.015589871146917,7.316075520107701e-49,6.037740473275189e-72,4.3896453120646207e-48,1.2075480946550378e-71,True,True
carparts,TweedieGP,0.0015421472912307166,2503,0.4304755996683933,0.666886789756326,0.5030964583012212,0.666886789756326,0.5030964583012212,False,False
carparts,iETS,-0.1331456780636806,2503,-9.66977049382071,9.680486356409684e-22,9.364605142836928e-188,1.936097271281937e-21,4.682302571418463e-187,True,True
raf,AutoARIMA,-0.13408264576833412,5000,-107.38548642106355,0.0,0.0,0.0,0.0,True,True
raf,AutoTheta,-0.1424066114544194,5000,-52.041617174805204,0.0,0.0,0.0,0.0,True,True
raf,CP-ADIDA,-0.04177005067571484,5000,-47.69833158945499,0.0,0.0,0.0,0.0,True,True
raf,CP-Croston,-0.06420968042492971,5000,-36.46935078691983,2.0412497984465666e-258,0.0,8.895425747047073e-258,0.0,True,True
raf,CP-SBA,-0.06099591881494862,5000,-36.474119140503205,1.7790851494094146e-258,0.0,8.895425747047073e-258,0.0,True,True
raf,CP-IMAPA,-0.04364331611381043,5000,-41.43986046734785,0.0,0.0,0.0,0.0,True,True
raf,CP-TSB,-0.113415477909533,5000,-25.926834354615075,3.65265969147462e-139,0.0,1.095797907442386e-138,0.0,True,True
raf,Tweedie-GLM,-0.04416920268277281,5000,-13.417578630838326,2.364334892234168e-40,2.757977533344671e-290,2.364334892234168e-40,5.515955066689342e-290,True,True
raf,TweedieGP,-0.0083317840785305,5000,-17.670893446174155,7.824115928081607e-68,7.075476729289415e-108,1.5648231856163214e-67,7.075476729289415e-108,True,True
raf,iETS,-0.08140799320838535,5000,-56.905091601080436,0.0,0.0,0.0,0.0,True,True
