dataset,metric,quantile,value
online_retail,scaled_pinball,0.1,0.18322087375440957
online_retail,scaled_pinball,0.25,0.457880011480681
online_retail,scaled_pinball,0.5,0.9096966402612083
online_retail,scaled_pinball,0.75,1.3188524279591962
online_retail,scaled_pinball,0.9,1.4002371111318337
online_retail,scaled_pinball,mean,0.8539774129174657
online_retail,coverage80,,0.9013990180224551
online_retail,coverage80_positive,,0.6212990798943245
online_retail,aiw80,,10.308177686825292
online_retail,wall_clock_s,,51.1
carparts,scaled_pinball,0.1,0.07472157437934622
carparts,scaled_pinball,0.25,0.18680393594836553
carparts,scaled_pinball,0.5,0.37241528269666874
carparts,scaled_pinball,0.75,0.4809156361177201
carparts,scaled_pinball,0.9,0.4578017162334735
carparts,scaled_pinball,mean,0.31453162907511484
carparts,coverage80,,0.9322439218812276
carparts,coverage80_positive,,0.6689386562804285
carparts,aiw80,,1.4149919036126477
carparts,wall_clock_s,,5.7
