panel,w,w_occ,tail_score
m5,0.95,tied,1.745043
m5,0.95,0.999,1.886751
m5,0.95,0.997,1.83937
m5,0.95,0.995,1.807189
m5,0.95,0.99,1.768084
m5,0.95,0.98,1.743405
m5,0.95,0.95,1.745043
m5,0.95,0.9,1.791825
m5,0.95,0.8,1.777173
m5,0.95,0.7,1.823713
carparts,0.9,tied,0.913448
carparts,0.9,0.999,0.977959
carparts,0.9,0.997,0.973954
carparts,0.9,0.995,0.972403
carparts,0.9,0.99,0.969213
carparts,0.9,0.98,0.963021
carparts,0.9,0.95,0.931791
carparts,0.9,0.9,0.913448
carparts,0.9,0.8,0.909997
carparts,0.9,0.7,0.918487
auto,0.99,tied,0.333786
auto,0.99,0.999,0.334068
auto,0.99,0.997,0.334068
auto,0.99,0.995,0.334069
auto,0.99,0.99,0.333786
auto,0.99,0.98,0.334245
auto,0.99,0.95,0.3341
auto,0.99,0.9,0.334599
auto,0.99,0.8,0.335678
auto,0.99,0.7,0.336578
raf,0.997,tied,0.983367
raf,0.997,0.999,0.983512
raf,0.997,0.997,0.983367
raf,0.997,0.995,0.984353
raf,0.997,0.99,0.985857
raf,0.997,0.98,0.988709
raf,0.997,0.95,0.99229
raf,0.997,0.9,0.99861
raf,0.997,0.8,0.984173
raf,0.997,0.7,0.984173
online_retail,0.95,tied,0.744335
online_retail,0.95,0.999,0.754077
online_retail,0.95,0.997,0.752828
online_retail,0.95,0.995,0.751689
online_retail,0.95,0.99,0.749167
online_retail,0.95,0.98,0.7458
online_retail,0.95,0.95,0.744335
online_retail,0.95,0.9,0.75022
online_retail,0.95,0.8,0.766802
online_retail,0.95,0.7,0.774693
