model,online_retail,carparts,auto,raf,m5,n_panels,max_regret,worst_panel,within5
ACI-ADIDA,6.826178747361016,9.484139698814488,8.479834539813842,15.069004102946659,2.9524845846935044,5,15.069004102946659,raf,1
ACI-EBB,6.521229181327702,0.22428708747197498,0.0,2.312569936590818,0.0,5,6.521229181327702,online_retail,4
ACI-TSB,10.544217687074827,,,,,1,10.544217687074827,online_retail,0
AutoARIMA,24.642270701383996,34.4120474206985,8.204067562909337,52.29392017903767,,4,52.29392017903767,raf,0
AutoTheta,24.16138869340839,29.958346683755217,11.134091692519819,60.686311077955985,,4,60.686311077955985,raf,0
CP-ADIDA,35.772929861599806,12.43191284844601,9.445018958979654,15.441999254009692,12.709466811751906,5,35.772929861599806,online_retail,0
CP-Croston,60.90781140042222,26.690163409163723,9.686315063771099,23.051100335695644,13.674283641639454,5,60.90781140042222,online_retail,0
CP-IMAPA,38.08350926577528,11.887215636014105,9.479489831092716,16.6355837374114,12.1291258614436,5,38.08350926577528,online_retail,0
CP-SBA,61.52943936195167,25.88913809676387,9.513960703205775,21.894815367400213,14.35618425825172,5,61.52943936195167,online_retail,0
CP-TSB,61.0720150129017,22.909323934636337,13.650465356773514,43.304737038418494,20.536815379035176,5,61.0720150129017,online_retail,0
EBB,0.1642036124794695,0.7689842999038813,0.31023784901756507,0.0,7.7330431628581815,5,7.7330431628581815,m5,4
TweedieGP,0.0,0.0,0.7928300586004717,4.475941812756438,,4,4.475941812756438,raf,4
Zero,7.447806708890452,19.705222685036848,93.45053429851774,-0.44759418127563555,42.110990206746465,5,93.45053429851774,auto,1
iETS,30.096176401595113,39.76289650752963,13.271285763529809,31.928384930995897,,4,39.76289650752963,carparts,0
