panel,model,metric,quantile,value
online_retail,AutoARIMA,scaled_pinball,0.1,0.2586637958888583
online_retail,AutoARIMA,scaled_pinball,0.25,0.5718757414032761
online_retail,AutoARIMA,scaled_pinball,0.5,1.1971960226673453
online_retail,AutoARIMA,scaled_pinball,0.75,1.7634213285195748
online_retail,AutoARIMA,scaled_pinball,0.9,1.5224960388318
online_retail,AutoARIMA,scaled_pinball,mean,1.062730585462171
online_retail,AutoTheta,scaled_pinball,0.1,0.2324947419456113
online_retail,AutoTheta,scaled_pinball,0.25,0.5841877621351471
online_retail,AutoTheta,scaled_pinball,0.5,1.275751505014996
online_retail,AutoTheta,scaled_pinball,0.75,1.7171762842043374
online_retail,AutoTheta,scaled_pinball,0.9,1.4834585027607097
online_retail,AutoTheta,scaled_pinball,mean,1.0586137592121605
online_retail,CP-ADIDA,scaled_pinball,0.1,0.2771082542991246
online_retail,CP-ADIDA,scaled_pinball,0.25,0.6272661476889138
online_retail,CP-ADIDA,scaled_pinball,0.5,1.0501378301183104
online_retail,CP-ADIDA,scaled_pinball,0.75,1.319196717527896
online_retail,CP-ADIDA,scaled_pinball,0.9,2.514309980505134
online_retail,CP-ADIDA,scaled_pinball,mean,1.1576037860278758
online_retail,CP-Croston,scaled_pinball,0.1,0.3408949170722573
online_retail,CP-Croston,scaled_pinball,0.25,0.7776785957280777
online_retail,CP-Croston,scaled_pinball,0.5,1.3639281673502175
online_retail,CP-Croston,scaled_pinball,0.75,1.7445831610122604
online_retail,CP-Croston,scaled_pinball,0.9,2.6322122738260054
online_retail,CP-Croston,scaled_pinball,mean,1.371859422997764
online_retail,CP-SBA,scaled_pinball,0.1,0.3336982745131447
online_retail,CP-SBA,scaled_pinball,0.25,0.7621095041259442
online_retail,CP-SBA,scaled_pinball,0.5,1.3430862812422442
online_retail,CP-SBA,scaled_pinball,0.75,1.7249997746163672
online_retail,CP-SBA,scaled_pinball,0.9,2.722218298541004
online_retail,CP-SBA,scaled_pinball,mean,1.3772224266077409
online_retail,CP-IMAPA,scaled_pinball,0.1,0.29183825803176
online_retail,CP-IMAPA,scaled_pinball,0.25,0.659933005540096
online_retail,CP-IMAPA,scaled_pinball,0.5,1.0835425493474966
online_retail,CP-IMAPA,scaled_pinball,0.75,1.328773428791103
online_retail,CP-IMAPA,scaled_pinball,0.9,2.522371298576509
online_retail,CP-IMAPA,scaled_pinball,mean,1.177291708057393
online_retail,CP-TSB,scaled_pinball,0.1,0.4512693204506355
online_retail,CP-TSB,scaled_pinball,0.25,0.8991801136072444
online_retail,CP-TSB,scaled_pinball,0.5,1.2885787613571789
online_retail,CP-TSB,scaled_pinball,0.75,1.3853166993486343
online_retail,CP-TSB,scaled_pinball,0.9,2.842232162941265
online_retail,CP-TSB,scaled_pinball,mean,1.3733154115409918
online_retail,Zero,scaled_pinball,0.1,0.1832208737544095
online_retail,Zero,scaled_pinball,0.25,0.4580521843860239
online_retail,Zero,scaled_pinball,0.5,0.9161043687720478
online_retail,Zero,scaled_pinball,0.75,1.3741565531580715
online_retail,Zero,scaled_pinball,0.9,1.648987863789686
online_retail,Zero,scaled_pinball,mean,0.9161043687720476
online_retail,iETS,scaled_pinball,0.1,0.2357093143296914
online_retail,iETS,scaled_pinball,0.25,0.5052910560067013
online_retail,iETS,scaled_pinball,0.5,1.3024861466189146
online_retail,iETS,scaled_pinball,0.75,1.5619807008180746
online_retail,iETS,scaled_pinball,0.9,1.9403910369598227
online_retail,iETS,scaled_pinball,mean,1.109171650946641
online_retail,AutoARIMA,coverage80,,0.9326512417034896
online_retail,AutoARIMA,aiw80,,16.580926509607817
online_retail,AutoTheta,coverage80,,0.931381563434382
online_retail,AutoTheta,aiw80,,16.425998881482727
online_retail,CP-ADIDA,coverage80,,0.7911323437284172
online_retail,CP-ADIDA,aiw80,,5.468690696336
online_retail,CP-Croston,coverage80,,0.7932880062842098
online_retail,CP-Croston,aiw80,,5.662675220169505
online_retail,CP-SBA,coverage80,,0.7930703471523628
online_retail,CP-SBA,aiw80,,5.74868802686361
online_retail,CP-IMAPA,coverage80,,0.7907179542274008
online_retail,CP-IMAPA,aiw80,,5.472100428940768
online_retail,CP-TSB,coverage80,,0.7950404413457474
online_retail,CP-TSB,aiw80,,5.708314846454075
online_retail,Zero,coverage80,,0.7396336350330744
online_retail,Zero,aiw80,,0.0
online_retail,iETS,coverage80,,0.5976222135096558
online_retail,iETS,aiw80,,19.740881208296955
online_retail,AutoARIMA,coverage80_positive,,0.7617317492725432
online_retail,AutoTheta,coverage80_positive,,0.7648184171181455
online_retail,CP-ADIDA,coverage80_positive,,0.4729461065650638
online_retail,CP-Croston,coverage80_positive,,0.4785192568418457
online_retail,CP-SBA,coverage80_positive,,0.4814719547288716
online_retail,CP-IMAPA,coverage80_positive,,0.4714188490372918
online_retail,CP-TSB,coverage80_positive,,0.4677480721722961
online_retail,Zero,coverage80_positive,,0.0
online_retail,iETS,coverage80_positive,,0.1656940447674013
online_retail,ACI-ADIDA,scaled_pinball,0.1,0.1857961680634081
online_retail,ACI-ADIDA,scaled_pinball,0.25,0.467880145643003
online_retail,ACI-ADIDA,scaled_pinball,0.5,0.9088053001889908
online_retail,ACI-ADIDA,scaled_pinball,0.75,1.3236659808800353
online_retail,ACI-ADIDA,scaled_pinball,0.9,1.6680660156195632
online_retail,ACI-ADIDA,scaled_pinball,mean,0.910842722079
online_retail,ACI-TSB,scaled_pinball,0.1,0.1891204787577323
online_retail,ACI-TSB,scaled_pinball,0.25,0.4822024909861613
online_retail,ACI-TSB,scaled_pinball,0.5,0.9475679277725284
online_retail,ACI-TSB,scaled_pinball,0.75,1.3839989422430492
online_retail,ACI-TSB,scaled_pinball,0.9,1.709459084252316
online_retail,ACI-TSB,scaled_pinball,mean,0.9424697848023575
online_retail,ACI-ADIDA,coverage80,,0.9042369582415376
online_retail,ACI-ADIDA,aiw80,,19.66926332089726
online_retail,ACI-TSB,coverage80,,0.903547704324022
online_retail,ACI-TSB,aiw80,,21.213305910389888
online_retail,ACI-ADIDA,coverage80_positive,,0.6457191239436468
online_retail,ACI-TSB,coverage80_positive,,0.6409122818299224
carparts,AutoARIMA,scaled_pinball,0.1,0.1505222337030635
carparts,AutoARIMA,scaled_pinball,0.25,0.282157127638466
carparts,AutoARIMA,scaled_pinball,0.5,0.5373004351880354
carparts,AutoARIMA,scaled_pinball,0.75,0.643525426633965
carparts,AutoARIMA,scaled_pinball,0.9,0.4838564510129928
carparts,AutoARIMA,scaled_pinball,mean,0.4194723348353045
carparts,AutoTheta,scaled_pinball,0.1,0.1200844984272797
carparts,AutoTheta,scaled_pinball,0.25,0.2533002502800718
carparts,AutoTheta,scaled_pinball,0.5,0.5229515414918213
carparts,AutoTheta,scaled_pinball,0.75,0.6575273935354664
carparts,AutoTheta,scaled_pinball,0.9,0.4742738792397173
carparts,AutoTheta,scaled_pinball,mean,0.4056275125948713
carparts,CP-ADIDA,scaled_pinball,0.1,0.0960997542537093
carparts,CP-ADIDA,scaled_pinball,0.25,0.2303234775678787
carparts,CP-ADIDA,scaled_pinball,0.5,0.4113904270191731
carparts,CP-ADIDA,scaled_pinball,0.75,0.5286378780865569
carparts,CP-ADIDA,scaled_pinball,0.9,0.4879725935389645
carparts,CP-ADIDA,scaled_pinball,mean,0.3508848260932565
carparts,CP-Croston,scaled_pinball,0.1,0.0987658619442152
carparts,CP-Croston,scaled_pinball,0.25,0.2452822905032717
carparts,CP-Croston,scaled_pinball,0.5,0.4797730246979151
carparts,CP-Croston,scaled_pinball,0.75,0.6134940247904377
carparts,CP-Croston,scaled_pinball,0.9,0.5394459996127958
carparts,CP-Croston,scaled_pinball,mean,0.3953522403097271
carparts,CP-SBA,scaled_pinball,0.1,0.0975553872024794
carparts,CP-SBA,scaled_pinball,0.25,0.2423956391560187
carparts,CP-SBA,scaled_pinball,0.5,0.4754811470711029
carparts,CP-SBA,scaled_pinball,0.75,0.6106391776187751
carparts,CP-SBA,scaled_pinball,0.9,0.5382620580844978
carparts,CP-SBA,scaled_pinball,mean,0.3928666818265748
carparts,CP-IMAPA,scaled_pinball,0.1,0.1010844361152654
carparts,CP-IMAPA,scaled_pinball,0.25,0.2350844003167881
carparts,CP-IMAPA,scaled_pinball,0.5,0.4129838471122171
carparts,CP-IMAPA,scaled_pinball,0.75,0.5179137391789028
carparts,CP-IMAPA,scaled_pinball,0.9,0.4789165580366468
carparts,CP-IMAPA,scaled_pinball,mean,0.349196596151964
carparts,CP-TSB,scaled_pinball,0.1,0.1409584281587032
carparts,CP-TSB,scaled_pinball,0.25,0.3008270571237179
carparts,CP-TSB,scaled_pinball,0.5,0.487476188014729
carparts,CP-TSB,scaled_pinball,0.75,0.5131618479035234
carparts,CP-TSB,scaled_pinball,0.9,0.4757879441483479
carparts,CP-TSB,scaled_pinball,mean,0.3836422930698043
carparts,Zero,scaled_pinball,0.1,0.0747215743793462
carparts,Zero,scaled_pinball,0.25,0.1868039359483655
carparts,Zero,scaled_pinball,0.5,0.373607871896731
carparts,Zero,scaled_pinball,0.75,0.5604118078450966
carparts,Zero,scaled_pinball,0.9,0.672494169414116
carparts,Zero,scaled_pinball,mean,0.373607871896731
carparts,iETS,scaled_pinball,0.1,0.2721702352965205
carparts,iETS,scaled_pinball,0.25,0.3683407171957256
carparts,iETS,scaled_pinball,0.5,0.4932086005658867
carparts,iETS,scaled_pinball,0.75,0.5317997421567222
carparts,iETS,scaled_pinball,0.9,0.5154398353945977
carparts,iETS,scaled_pinball,mean,0.4361918261218905
carparts,AutoARIMA,coverage80,,0.8857446525840308
carparts,AutoARIMA,aiw80,,1.6331909026662568
carparts,AutoTheta,coverage80,,0.9024843895310216
carparts,AutoTheta,aiw80,,1.8018738561053624
carparts,CP-ADIDA,coverage80,,0.8292812541517205
carparts,CP-ADIDA,aiw80,,1.2833323862520456
carparts,CP-Croston,coverage80,,0.8464859837916833
carparts,CP-Croston,aiw80,,1.3912141043904682
carparts,CP-SBA,coverage80,,0.8466852663743856
carparts,CP-SBA,aiw80,,1.374069537960127
carparts,CP-IMAPA,coverage80,,0.8300783844825296
carparts,CP-IMAPA,aiw80,,1.2650567202333831
carparts,CP-TSB,coverage80,,0.8339976086090076
carparts,CP-TSB,aiw80,,1.2737577562150724
carparts,Zero,coverage80,,0.7953367875647669
carparts,Zero,aiw80,,0.0
carparts,iETS,coverage80,,0.4424073335990434
carparts,iETS,aiw80,,1.1747242862436598
carparts,AutoARIMA,coverage80_positive,,0.620253164556962
carparts,AutoTheta,coverage80_positive,,0.6777020447906524
carparts,CP-ADIDA,coverage80_positive,,0.5933138591366439
carparts,CP-Croston,coverage80_positive,,0.5803310613437196
carparts,CP-SBA,coverage80_positive,,0.5813047711781889
carparts,CP-IMAPA,coverage80_positive,,0.5809802012333658
carparts,CP-TSB,coverage80_positive,,0.5507951963648167
carparts,Zero,coverage80_positive,,0.0
carparts,iETS,coverage80_positive,,0.4112301200908795
carparts,ACI-ADIDA,scaled_pinball,0.1,0.0882020896048874
carparts,ACI-ADIDA,scaled_pinball,0.25,0.2213697738869832
carparts,ACI-ADIDA,scaled_pinball,0.5,0.4054678139854685
carparts,ACI-ADIDA,scaled_pinball,0.75,0.5166237554751425
carparts,ACI-ADIDA,scaled_pinball,0.9,0.4767341091049422
carparts,ACI-ADIDA,scaled_pinball,mean,0.3416795084114848
carparts,ACI-ADIDA,coverage80,,0.8702006111332536
carparts,ACI-ADIDA,coverage80_positive,,0.6043492372606296
carparts,ACI-ADIDA,aiw80,,1.379921334365856
carparts,ACI-ADIDA,wall_clock_s,,7.4358575999503955
online_retail,EBB,scaled_pinball,0.1,0.1832208737544095
online_retail,EBB,scaled_pinball,0.25,0.457880011480681
online_retail,EBB,scaled_pinball,0.5,0.9096966402612084
online_retail,EBB,scaled_pinball,0.75,1.3188524279591962
online_retail,EBB,scaled_pinball,0.9,1.4002371111318337
online_retail,EBB,scaled_pinball,mean,0.8539774129174657
online_retail,EBB,coverage80,,0.9013990180224551
online_retail,EBB,coverage80_positive,,0.6212990798943245
online_retail,EBB,aiw80,,10.308177686825292
online_retail,EBB,wall_clock_s,,51.1
carparts,EBB,scaled_pinball,0.1,0.0747215743793462
carparts,EBB,scaled_pinball,0.25,0.1868039359483655
carparts,EBB,scaled_pinball,0.5,0.3724152826966687
carparts,EBB,scaled_pinball,0.75,0.4809156361177201
carparts,EBB,scaled_pinball,0.9,0.4578017162334735
carparts,EBB,scaled_pinball,mean,0.3145316290751148
carparts,EBB,coverage80,,0.9322439218812276
carparts,EBB,coverage80_positive,,0.6689386562804285
carparts,EBB,aiw80,,1.4149919036126477
carparts,EBB,wall_clock_s,,5.7
auto,ACI-ADIDA,scaled_pinball,0.1,0.1389747197214798
auto,ACI-ADIDA,scaled_pinball,0.25,0.3052552599948894
auto,ACI-ADIDA,scaled_pinball,0.5,0.4381017992119045
auto,ACI-ADIDA,scaled_pinball,0.75,0.4012303762723115
auto,ACI-ADIDA,scaled_pinball,0.9,0.2900291868909617
auto,ACI-ADIDA,scaled_pinball,mean,0.3147182684183093
auto,ACI-ADIDA,coverage80,,0.83
auto,ACI-ADIDA,coverage80_positive,,0.8216651610960554
auto,ACI-ADIDA,aiw80,,6.739538199569429
auto,ACI-ADIDA,wall_clock_s,,8.930843899957836
auto,AutoARIMA,scaled_pinball,0.1,0.1411468100800983
auto,AutoARIMA,scaled_pinball,0.25,0.3128256795626155
auto,AutoARIMA,scaled_pinball,0.5,0.4472323196297448
auto,AutoARIMA,scaled_pinball,0.75,0.4052204049993452
auto,AutoARIMA,scaled_pinball,0.9,0.2632227072817159
auto,AutoARIMA,scaled_pinball,mean,0.3139295843107039
auto,AutoARIMA,coverage80,,0.7779444444444444
auto,AutoARIMA,coverage80_positive,,0.7995332731105089
auto,AutoARIMA,aiw80,,8.730467177331182
auto,AutoARIMA,wall_clock_s,,762.7317516000185
auto,AutoTheta,scaled_pinball,0.1,0.1518579419953012
auto,AutoTheta,scaled_pinball,0.25,0.319872686870418
auto,AutoTheta,scaled_pinball,0.5,0.460447356972039
auto,AutoTheta,scaled_pinball,0.75,0.4178038820282289
auto,AutoTheta,scaled_pinball,0.9,0.2619359467946783
auto,AutoTheta,scaled_pinball,mean,0.3223835629321331
auto,AutoTheta,coverage80,,0.7797777777777778
auto,AutoTheta,coverage80_positive,,0.8250526949713941
auto,AutoTheta,aiw80,,9.63729730038524
auto,AutoTheta,wall_clock_s,,762.7317516000185
auto,CP-ADIDA,scaled_pinball,0.1,0.1490925177083703
auto,CP-ADIDA,scaled_pinball,0.25,0.3072628511883404
auto,CP-ADIDA,scaled_pinball,0.5,0.4365649666070577
auto,CP-ADIDA,scaled_pinball,0.75,0.3995210378439039
auto,CP-ADIDA,scaled_pinball,0.9,0.2948773564054992
auto,CP-ADIDA,scaled_pinball,mean,0.3174637459506343
auto,CP-ADIDA,coverage80,,0.8019444444444445
auto,CP-ADIDA,coverage80_positive,,0.8017163504968383
auto,CP-ADIDA,aiw80,,5.918807442997047
auto,CP-ADIDA,wall_clock_s,,4.394948400009889
auto,CP-Croston,scaled_pinball,0.1,0.1482909829402839
auto,CP-Croston,scaled_pinball,0.25,0.3073202027944832
auto,CP-Croston,scaled_pinball,0.5,0.4371191434874327
auto,CP-Croston,scaled_pinball,0.75,0.4019769605403557
auto,CP-Croston,scaled_pinball,0.9,0.2963455572337528
auto,CP-Croston,scaled_pinball,mean,0.3182105693992617
auto,CP-Croston,coverage80,,0.8008888888888889
auto,CP-Croston,coverage80_positive,,0.8018669075579644
auto,CP-Croston,aiw80,,5.969931302198689
auto,CP-Croston,wall_clock_s,,4.394948400009889
auto,CP-SBA,scaled_pinball,0.1,0.1461070270585655
auto,CP-SBA,scaled_pinball,0.25,0.3039576142264337
auto,CP-SBA,scaled_pinball,0.5,0.4338298770593671
auto,CP-SBA,scaled_pinball,0.75,0.4038060576769428
auto,CP-SBA,scaled_pinball,0.9,0.3009686965354157
auto,CP-SBA,scaled_pinball,mean,0.3177338545113449
auto,CP-SBA,coverage80,,0.8001111111111111
auto,CP-SBA,coverage80_positive,,0.8033724781692262
auto,CP-SBA,aiw80,,6.009684814880376
auto,CP-SBA,wall_clock_s,,4.394948400009889
auto,CP-IMAPA,scaled_pinball,0.1,0.149044334645943
auto,CP-IMAPA,scaled_pinball,0.25,0.3075214587134747
auto,CP-IMAPA,scaled_pinball,0.5,0.4370080544166559
auto,CP-IMAPA,scaled_pinball,0.75,0.3997100125743475
auto,CP-IMAPA,scaled_pinball,0.9,0.2948348902945394
auto,CP-IMAPA,scaled_pinball,mean,0.3176237501289921
auto,CP-IMAPA,coverage80,,0.8024444444444444
auto,CP-IMAPA,coverage80_positive,,0.8017163504968383
auto,CP-IMAPA,aiw80,,5.920116648882413
auto,CP-IMAPA,wall_clock_s,,4.394948400009889
auto,CP-TSB,scaled_pinball,0.1,0.1554416936638816
auto,CP-TSB,scaled_pinball,0.25,0.3208121259368318
auto,CP-TSB,scaled_pinball,0.5,0.4574518149399675
auto,CP-TSB,scaled_pinball,0.75,0.4141396548457003
auto,CP-TSB,scaled_pinball,0.9,0.3009006633525992
auto,CP-TSB,scaled_pinball,mean,0.3297491905477961
auto,CP-TSB,coverage80,,0.8079444444444445
auto,CP-TSB,coverage80_positive,,0.7989310448660042
auto,CP-TSB,aiw80,,5.966625481413551
auto,CP-TSB,wall_clock_s,,4.394948400009889
auto,EBB,scaled_pinball,0.1,0.112238926848413
auto,EBB,scaled_pinball,0.25,0.27516292477547
auto,EBB,scaled_pinball,0.5,0.4181871701569231
auto,EBB,scaled_pinball,0.75,0.3931244423328407
auto,EBB,scaled_pinball,0.9,0.2563174730003315
auto,EBB,scaled_pinball,mean,0.2910061874227956
auto,EBB,coverage80,,0.9059444444444444
auto,EBB,coverage80_positive,,0.8725534477566997
auto,EBB,aiw80,,9.173339595853111
auto,EBB,wall_clock_s,,0.0766590000130236
auto,Zero,scaled_pinball,0.1,0.112238926848413
auto,Zero,scaled_pinball,0.25,0.2805973171210325
auto,Zero,scaled_pinball,0.5,0.561194634242065
auto,Zero,scaled_pinball,0.75,0.8417919513630976
auto,Zero,scaled_pinball,0.9,1.0101503416357172
auto,Zero,scaled_pinball,mean,0.561194634242065
auto,Zero,coverage80,,0.262
auto,Zero,coverage80_positive,,0.0
auto,Zero,aiw80,,0.0
auto,Zero,wall_clock_s,,
auto,iETS,scaled_pinball,0.1,0.1722278805618364
auto,iETS,scaled_pinball,0.25,0.3122418456146938
auto,iETS,scaled_pinball,0.5,0.4347899137809986
auto,iETS,scaled_pinball,0.75,0.422798852031223
auto,iETS,scaled_pinball,0.9,0.3009101793468773
auto,iETS,scaled_pinball,mean,0.3285937342671259
auto,iETS,coverage80,,0.5644444444444444
auto,iETS,coverage80_positive,,0.6897018970189702
auto,iETS,aiw80,,7.330039440247358
auto,iETS,wall_clock_s,,212.6314237999613
raf,ACI-ADIDA,scaled_pinball,0.1,0.0572848774751985
raf,ACI-ADIDA,scaled_pinball,0.25,0.1535509715250515
raf,ACI-ADIDA,scaled_pinball,0.5,0.3254558229111449
raf,ACI-ADIDA,scaled_pinball,0.75,0.4461674661888239
raf,ACI-ADIDA,scaled_pinball,0.9,0.5597935141701035
raf,ACI-ADIDA,scaled_pinball,mean,0.3084505304540645
raf,ACI-ADIDA,coverage80,,0.9092166666666668
raf,ACI-ADIDA,coverage80_positive,,0.0832476875642343
raf,ACI-ADIDA,aiw80,,1.8468521249408316
raf,ACI-ADIDA,wall_clock_s,,27.32352600002196
raf,AutoARIMA,scaled_pinball,0.1,0.0656142474686895
raf,AutoARIMA,scaled_pinball,0.25,0.1512479513099375
raf,AutoARIMA,scaled_pinball,0.5,0.4903182689435222
raf,AutoARIMA,scaled_pinball,0.75,0.7423946767363406
raf,AutoARIMA,scaled_pinball,0.9,0.5920439331556927
raf,AutoARIMA,scaled_pinball,mean,0.4083238155228365
raf,AutoARIMA,coverage80,,0.9435833333333332
raf,AutoARIMA,coverage80_positive,,0.3521068859198356
raf,AutoARIMA,aiw80,,8.76484412633465
raf,AutoARIMA,wall_clock_s,,9735.021224800004
raf,AutoTheta,scaled_pinball,0.1,0.0657319774598309
raf,AutoTheta,scaled_pinball,0.25,0.1578900087426968
raf,AutoTheta,scaled_pinball,0.5,0.4974750270480123
raf,AutoTheta,scaled_pinball,0.75,0.8093534126172399
raf,AutoTheta,scaled_pinball,0.9,0.6233379859434627
raf,AutoTheta,scaled_pinball,mean,0.4307576823622485
raf,AutoTheta,coverage80,,0.9478166666666666
raf,AutoTheta,coverage80_positive,,0.4092497430626927
raf,AutoTheta,aiw80,,10.028438718588395
raf,AutoTheta,wall_clock_s,,9735.021224800004
raf,CP-ADIDA,scaled_pinball,0.1,0.0780255009358145
raf,CP-ADIDA,scaled_pinball,0.25,0.1872266199318258
raf,CP-ADIDA,scaled_pinball,0.5,0.3433952771835475
raf,CP-ADIDA,scaled_pinball,0.75,0.4493445316721837
raf,CP-ADIDA,scaled_pinball,0.9,0.4894258909827491
raf,CP-ADIDA,scaled_pinball,mean,0.3094835641412241
raf,CP-ADIDA,coverage80,,0.8229333333333333
raf,CP-ADIDA,coverage80_positive,,0.0207605344295991
raf,CP-ADIDA,aiw80,,0.7164713688723751
raf,CP-ADIDA,wall_clock_s,,37.959977940039245
raf,CP-Croston,scaled_pinball,0.1,0.0896084323431707
raf,CP-Croston,scaled_pinball,0.25,0.2161608970905518
raf,CP-Croston,scaled_pinball,0.5,0.3805861062373263
raf,CP-Croston,scaled_pinball,0.75,0.4711724979183143
raf,CP-Croston,scaled_pinball,0.9,0.4921305621943274
raf,CP-Croston,scaled_pinball,mean,0.3299316991567381
raf,CP-Croston,coverage80,,0.8281
raf,CP-Croston,coverage80_positive,,0.045426515930113
raf,CP-Croston,aiw80,,1.0291469023153952
raf,CP-Croston,wall_clock_s,,37.959977940039245
raf,CP-SBA,scaled_pinball,0.1,0.087850883287478
raf,CP-SBA,scaled_pinball,0.25,0.2120403930613865
raf,CP-SBA,scaled_pinball,0.5,0.3748682655033491
raf,CP-SBA,scaled_pinball,0.75,0.4675655825351747
raf,CP-SBA,scaled_pinball,0.9,0.4914483280526454
raf,CP-SBA,scaled_pinball,mean,0.3267546904880067
raf,CP-SBA,coverage80,,0.8274666666666667
raf,CP-SBA,coverage80_positive,,0.0409044193216855
raf,CP-SBA,aiw80,,0.9771584763909784
raf,CP-SBA,wall_clock_s,,37.959977940039245
raf,CP-IMAPA,scaled_pinball,0.1,0.0820251890908552
raf,CP-IMAPA,scaled_pinball,0.25,0.1920394107696857
raf,CP-IMAPA,scaled_pinball,0.5,0.3477745354565806
raf,CP-IMAPA,scaled_pinball,0.75,0.4515413239643631
raf,CP-IMAPA,scaled_pinball,0.9,0.4903326814690942
raf,CP-IMAPA,scaled_pinball,mean,0.3127426281501158
raf,CP-IMAPA,coverage80,,0.8234833333333333
raf,CP-IMAPA,coverage80_positive,,0.0195272353545734
raf,CP-IMAPA,aiw80,,0.6878501081794373
raf,CP-IMAPA,wall_clock_s,,37.959977940039245
raf,CP-TSB,scaled_pinball,0.1,0.1596270921186275
raf,CP-TSB,scaled_pinball,0.25,0.3168662285700335
raf,CP-TSB,scaled_pinball,0.5,0.4621014527891879
raf,CP-TSB,scaled_pinball,0.75,0.4884002339012714
raf,CP-TSB,scaled_pinball,0.9,0.4941437540622467
raf,CP-TSB,scaled_pinball,mean,0.3842277522882734
raf,CP-TSB,coverage80,,0.8362333333333334
raf,CP-TSB,coverage80_positive,,0.0244604316546762
raf,CP-TSB,aiw80,,0.3712344555289749
raf,CP-TSB,wall_clock_s,,37.959977940039245
raf,EBB,scaled_pinball,0.1,0.0533850844224592
raf,EBB,scaled_pinball,0.25,0.1334627110561482
raf,EBB,scaled_pinball,0.5,0.2669254221122964
raf,EBB,scaled_pinball,0.75,0.4003881331684447
raf,EBB,scaled_pinball,0.9,0.4863514486638174
raf,EBB,scaled_pinball,mean,0.2681025598846332
raf,EBB,coverage80,,0.92225
raf,EBB,coverage80_positive,,0.0411099691675231
raf,EBB,aiw80,,0.9451365049032756
raf,EBB,wall_clock_s,,0.1618240000098012
raf,Zero,scaled_pinball,0.1,0.0533850844224592
raf,Zero,scaled_pinball,0.25,0.1334627110561482
raf,Zero,scaled_pinball,0.5,0.2669254221122964
raf,Zero,scaled_pinball,0.75,0.4003881331684447
raf,Zero,scaled_pinball,0.9,0.4804657598021334
raf,Zero,scaled_pinball,mean,0.2669254221122964
raf,Zero,coverage80,,0.9189166666666668
raf,Zero,coverage80_positive,,0.0
raf,Zero,aiw80,,0.0
raf,Zero,wall_clock_s,,
raf,iETS,scaled_pinball,0.1,0.2199104657505492
raf,iETS,scaled_pinball,0.25,0.2699966448932068
raf,iETS,scaled_pinball,0.5,0.3528432210430125
raf,iETS,scaled_pinball,0.75,0.4354400401198818
raf,iETS,scaled_pinball,0.9,0.4902240838744563
raf,iETS,scaled_pinball,mean,0.3536828911362213
raf,iETS,coverage80,,0.4947333333333333
raf,iETS,coverage80_positive,,0.0193216855087358
raf,iETS,aiw80,,0.5322571000755008
raf,iETS,wall_clock_s,,1254.1476828999585
m5,ACI-ADIDA,scaled_pinball,0.1,0.4016857621924224
m5,ACI-ADIDA,scaled_pinball,0.25,0.9597462569263264
m5,ACI-ADIDA,scaled_pinball,0.5,1.717458130331437
m5,ACI-ADIDA,scaled_pinball,0.75,2.210917487612636
m5,ACI-ADIDA,scaled_pinball,0.9,1.8063544750987932
m5,ACI-ADIDA,scaled_pinball,mean,1.419232422432323
m5,ACI-ADIDA,coverage80,,0.882957341576507
m5,ACI-ADIDA,coverage80_positive,,0.7181244658668828
m5,ACI-ADIDA,aiw80,,3.482245351327716
m5,CP-ADIDA,scaled_pinball,0.1,0.4792589966574762
m5,CP-ADIDA,scaled_pinball,0.25,1.10826542565963
m5,CP-ADIDA,scaled_pinball,0.5,1.8885189548152268
m5,CP-ADIDA,scaled_pinball,0.75,2.329716945912578
m5,CP-ADIDA,scaled_pinball,0.9,1.9628721916440213
m5,CP-ADIDA,scaled_pinball,mean,1.5537265029377865
m5,CP-ADIDA,coverage80,,0.8270658423493045
m5,CP-ADIDA,coverage80_positive,,0.6902118168883769
m5,CP-ADIDA,aiw80,,2.2801519700223487
m5,CP-Croston,scaled_pinball,0.1,0.5023530340039026
m5,CP-Croston,scaled_pinball,0.25,1.149802198965117
m5,CP-Croston,scaled_pinball,0.5,1.916901823804962
m5,CP-Croston,scaled_pinball,0.75,2.343399605027187
m5,CP-Croston,scaled_pinball,0.9,1.9225136776272165
m5,CP-Croston,scaled_pinball,mean,1.566994067885677
m5,CP-Croston,coverage80,,0.8116030911901082
m5,CP-Croston,coverage80_positive,,0.6792305500992339
m5,CP-Croston,aiw80,,2.259543097901786
m5,CP-SBA,scaled_pinball,0.1,0.4954635871532136
m5,CP-SBA,scaled_pinball,0.25,1.1366345256497217
m5,CP-SBA,scaled_pinball,0.5,1.9086718837800876
m5,CP-SBA,scaled_pinball,0.75,2.3853478050644434
m5,CP-SBA,scaled_pinball,0.9,1.9560510604966364
m5,CP-SBA,scaled_pinball,mean,1.5764337724288209
m5,CP-SBA,coverage80,,0.8117097372488408
m5,CP-SBA,coverage80_positive,,0.6840482444334403
m5,CP-SBA,aiw80,,2.282329284702737
m5,CP-IMAPA,scaled_pinball,0.1,0.4796029489216694
m5,CP-IMAPA,scaled_pinball,0.25,1.1102170875212976
m5,CP-IMAPA,scaled_pinball,0.5,1.888938801650664
m5,CP-IMAPA,scaled_pinball,0.75,2.300817147038219
m5,CP-IMAPA,scaled_pinball,0.9,1.9489962673756156
m5,CP-IMAPA,scaled_pinball,mean,1.5457144505014928
m5,CP-IMAPA,coverage80,,0.8280748068006183
m5,CP-IMAPA,coverage80_positive,,0.6904849163554405
m5,CP-IMAPA,aiw80,,2.277233070213782
m5,CP-TSB,scaled_pinball,0.1,0.5312789855135813
m5,CP-TSB,scaled_pinball,0.25,1.262855918081367
m5,CP-TSB,scaled_pinball,0.5,2.094407267228635
m5,CP-TSB,scaled_pinball,0.75,2.377153234726079
m5,CP-TSB,scaled_pinball,0.9,2.0422089949224085
m5,CP-TSB,scaled_pinball,mean,1.661580880094414
m5,CP-TSB,coverage80,,0.8309307573415765
m5,CP-TSB,coverage80_positive,,0.6848526322315444
m5,CP-TSB,aiw80,,2.366456655774173
m5,EBB,scaled_pinball,0.1,0.3909567771014132
m5,EBB,scaled_pinball,0.25,0.9672850453009976
m5,EBB,scaled_pinball,0.5,1.8515744461634849
m5,EBB,scaled_pinball,0.75,2.335857560336255
m5,EBB,scaled_pinball,0.9,1.8796988888425783
m5,EBB,scaled_pinball,mean,1.485074543548946
m5,EBB,coverage80,,0.8751267387944358
m5,EBB,coverage80_positive,,0.6895761543357287
m5,EBB,aiw80,,2.7704953572184263
m5,Zero,scaled_pinball,0.1,0.3917989419609022
m5,Zero,scaled_pinball,0.25,0.9794973549022556
m5,Zero,scaled_pinball,0.5,1.958994709804511
m5,Zero,scaled_pinball,0.75,2.9384920647067663
m5,Zero,scaled_pinball,0.9,3.5261904776481208
m5,Zero,scaled_pinball,mean,1.9589947098045115
m5,Zero,coverage80,,0.6061017001545596
m5,Zero,coverage80_positive,,0.0
m5,Zero,aiw80,,0.0
online_retail,TweedieGP,scaled_pinball,0.1,0.1832208737544095
online_retail,TweedieGP,scaled_pinball,0.25,0.4578861654602835
online_retail,TweedieGP,scaled_pinball,0.5,0.9169244991265016
online_retail,TweedieGP,scaled_pinball,0.75,1.3256497052755294
online_retail,TweedieGP,scaled_pinball,0.9,1.3791427731505952
online_retail,TweedieGP,scaled_pinball,mean,0.8525648033534639
online_retail,TweedieGP,coverage80,,0.9241597450597656
online_retail,TweedieGP,coverage80_positive,,0.708717157264655
online_retail,TweedieGP,aiw80,,13.031803862502017
online_retail,TweedieGP,wall_clock_s,,6030.015818899963
carparts,TweedieGP,scaled_pinball,0.1,0.0747812620412044
carparts,TweedieGP,scaled_pinball,0.25,0.187823998905681
carparts,TweedieGP,scaled_pinball,0.5,0.3750747545781961
carparts,TweedieGP,scaled_pinball,0.75,0.4903734104507452
carparts,TweedieGP,scaled_pinball,0.9,0.4325620841380813
carparts,TweedieGP,scaled_pinball,mean,0.3121231020227816
carparts,TweedieGP,coverage80,,0.9307160887471768
carparts,TweedieGP,coverage80_positive,,0.66179811749432
carparts,TweedieGP,aiw80,,1.4632593505475504
carparts,TweedieGP,wall_clock_s,,2686.064109400031
auto,TweedieGP,scaled_pinball,0.1,0.1222833413715965
auto,TweedieGP,scaled_pinball,0.25,0.2786249129442818
auto,TweedieGP,scaled_pinball,0.5,0.417770221474887
auto,TweedieGP,scaled_pinball,0.75,0.3891926541951107
auto,TweedieGP,scaled_pinball,0.9,0.2539314935671061
auto,TweedieGP,scaled_pinball,mean,0.2923605247105964
auto,TweedieGP,coverage80,,0.8338888888888889
auto,TweedieGP,coverage80_positive,,0.828440228846733
auto,TweedieGP,aiw80,,8.806658552371676
auto,TweedieGP,wall_clock_s,,2138.6523653999902
raf,TweedieGP,scaled_pinball,0.1,0.0533850844224592
raf,TweedieGP,scaled_pinball,0.25,0.1334633508015535
raf,TweedieGP,scaled_pinball,0.5,0.2704414111701254
raf,TweedieGP,scaled_pinball,0.75,0.4171595286255352
raf,TweedieGP,scaled_pinball,0.9,0.5261425506761946
raf,TweedieGP,scaled_pinball,mean,0.2801183851391736
raf,TweedieGP,coverage80,,0.9349333333333332
raf,TweedieGP,coverage80_positive,,0.1975334018499486
raf,TweedieGP,aiw80,,4.069260308523577
raf,TweedieGP,wall_clock_s,,8483.87917510001
online_retail,ACI-EBB,scaled_pinball,0.1,0.1832208737544095
online_retail,ACI-EBB,scaled_pinball,0.25,0.4577810312636623
online_retail,ACI-EBB,scaled_pinball,0.5,0.9148183740275588
online_retail,ACI-EBB,scaled_pinball,0.75,1.422851402910847
online_retail,ACI-EBB,scaled_pinball,0.9,1.5623360904113703
online_retail,ACI-EBB,scaled_pinball,mean,0.9082015544735696
online_retail,ACI-EBB,coverage80,,0.9128498417087916
online_retail,ACI-EBB,coverage80_positive,,0.6652787378958143
online_retail,ACI-EBB,aiw80,,19.54803445833947
online_retail,ACI-EBB,wall_clock_s,,52.25221959990449
carparts,ACI-EBB,scaled_pinball,0.1,0.0747215743793462
carparts,ACI-EBB,scaled_pinball,0.25,0.1868039359483655
carparts,ACI-EBB,scaled_pinball,0.5,0.3709793779487852
carparts,ACI-EBB,scaled_pinball,0.75,0.4795522348206383
carparts,ACI-EBB,scaled_pinball,0.9,0.4520760108072801
carparts,ACI-EBB,scaled_pinball,mean,0.3128266267808831
carparts,ACI-EBB,coverage80,,0.9336388999601436
carparts,ACI-EBB,coverage80_positive,,0.6757546251217137
carparts,ACI-EBB,aiw80,,1.4088590516181243
carparts,ACI-EBB,wall_clock_s,,4.22404150001239
auto,ACI-EBB,scaled_pinball,0.1,0.1126226886468962
auto,ACI-EBB,scaled_pinball,0.25,0.2748468731502352
auto,ACI-EBB,scaled_pinball,0.5,0.4157330572927185
auto,ACI-EBB,scaled_pinball,0.75,0.3912994379471096
auto,ACI-EBB,scaled_pinball,0.9,0.2560440857548651
auto,ACI-EBB,scaled_pinball,mean,0.2901092285583649
auto,ACI-EBB,coverage80,,0.9053333333333332
auto,ACI-EBB,coverage80_positive,,0.8756398675097862
auto,ACI-EBB,aiw80,,9.405059496356149
auto,ACI-EBB,wall_clock_s,,4.772645500081126
raf,ACI-EBB,scaled_pinball,0.1,0.0533850844224592
raf,ACI-EBB,scaled_pinball,0.25,0.1334627110561482
raf,ACI-EBB,scaled_pinball,0.5,0.2669254221122964
raf,ACI-EBB,scaled_pinball,0.75,0.4004678681823066
raf,ACI-EBB,scaled_pinball,0.9,0.5174842614159793
raf,ACI-EBB,scaled_pinball,mean,0.274345069437838
raf,ACI-EBB,coverage80,,0.9270666666666668
raf,ACI-EBB,coverage80_positive,,0.100513874614594
raf,ACI-EBB,aiw80,,2.0730017814733763
raf,ACI-EBB,wall_clock_s,,13.282270400202831
m5,ACI-EBB,scaled_pinball,0.1,0.3890698939488823
m5,ACI-EBB,scaled_pinball,0.25,0.9514152948945592
m5,ACI-EBB,scaled_pinball,0.5,1.7679864473434692
m5,ACI-EBB,scaled_pinball,0.75,2.1400882253423066
m5,ACI-EBB,scaled_pinball,0.9,1.6438441619456878
m5,ACI-EBB,scaled_pinball,mean,1.378480804694981
m5,ACI-EBB,coverage80,,0.8912534775888717
m5,ACI-EBB,coverage80_positive,,0.7298826535537069
m5,ACI-EBB,aiw80,,2.9979026841956133
m5,ACI-EBB,wall_clock_s,,217.3461721004569
