dataset,protocol,model,metric,quantile,value
m5,walk_forward,ACI-EBB,scaled_pinball,0.1,0.38906989394888236
m5,walk_forward,ACI-EBB,scaled_pinball,0.25,0.9514152948945592
m5,walk_forward,ACI-EBB,scaled_pinball,0.5,1.7679864473434692
m5,walk_forward,ACI-EBB,scaled_pinball,0.75,2.1400882253423066
m5,walk_forward,ACI-EBB,scaled_pinball,0.9,1.6438441619456878
m5,walk_forward,ACI-EBB,scaled_pinball,mean,1.378480804694981
m5,walk_forward,ACI-EBB,coverage80,,0.8912534775888717
m5,walk_forward,ACI-EBB,coverage80_positive,,0.7298826535537069
m5,walk_forward,ACI-EBB,aiw80,,2.9979026841956133
m5,walk_forward,ACI-EBB,wall_clock_s,,217.3461721004569
m5,walk_forward,EBB,scaled_pinball,0.1,0.39095677710141324
m5,walk_forward,EBB,scaled_pinball,0.25,0.9672850453009976
m5,walk_forward,EBB,scaled_pinball,0.5,1.8515744461634847
m5,walk_forward,EBB,scaled_pinball,0.75,2.335857560336255
m5,walk_forward,EBB,scaled_pinball,0.9,1.8796988888425783
m5,walk_forward,EBB,scaled_pinball,mean,1.4850745435489459
m5,walk_forward,EBB,coverage80,,0.8751267387944358
m5,walk_forward,EBB,coverage80_positive,,0.6895761543357287
m5,walk_forward,EBB,aiw80,,2.7704953572184263
m5,walk_forward,EBB,wall_clock_s,,162.93796100013424
