separation,discount,T,rep,occ_spread,pin_global,pin_true,gain_true_pct,gain_learned_pct,gain_learned_cred_pct,gain_learned_split_pct,gain_learned_split_cred_pct,median_lambda_size,k_learned,k_learned_split,r2_true,r2_learned
0.0,1.0,30,0,0.0,0.5907578277264339,0.59095934455716,-0.034111580290296116,0.0,0.0,0.04787013928424395,0.04787013928424395,0.49642058059019123,1,1,0.012125489613058149,0.0
0.0,1.0,30,1,0.0,0.4743402432680045,0.47503404868616556,-0.14626745843469363,0.0,0.0,0.09107260654155018,0.09107260654155018,0.5641954975704819,1,1,0.010985595586061159,0.0
0.0,1.0,30,2,0.0,0.4820038844036891,0.4818673069972596,0.02833533314745771,0.0,0.0,0.018358036290892377,0.018358036290892377,0.35653324850804397,1,1,0.007711592948063117,0.0
0.0,1.0,30,3,0.0,0.4020059253578173,0.40088478388946525,0.27888680181869613,0.0,0.0,0.33503772786993213,0.33503772786993213,0.40801096274781223,1,1,0.005337038582444498,0.0
0.0,1.0,30,4,0.0,0.4863443350061716,0.49076445058012197,-0.9088448771371623,0.0,0.0,0.027580650623972486,0.027580650623972486,0.5211358001388493,1,1,0.004217888060459196,0.0
0.0,1.0,30,5,0.0,0.5128082688231145,0.5125643074559059,0.04757360246325561,0.0,0.0,-0.15060626526953086,-0.15060626526953086,0.39244612169027776,1,1,0.00040910919506087495,0.0
0.0,1.0,30,6,0.0,0.5070772499354169,0.5101225853562313,-0.6005663675903988,0.0,0.0,0.2350184704401196,0.2350184704401196,0.4401050046410768,1,1,0.0040951281692631625,0.0
0.0,1.0,30,7,0.0,0.4308109843758345,0.4304841450999405,0.07586604978689837,0.0,0.0,-4.070001534480885,-4.070001534480885,0.39388377554754317,1,1,0.003963464964717556,0.0
0.0,1.0,30,8,0.0,0.47362730574310175,0.47438097933085926,-0.15912798494061417,0.0,0.0,-0.015184459211996045,-0.015184459211996045,0.39235021126173114,1,1,0.007433973725334941,0.0
0.0,1.0,120,0,0.0,0.44367921100526914,0.44360285409596395,0.017209936235727648,0.0,0.0,0.13770243042053315,0.13770243042053315,0.7713427342731773,1,1,0.01202670000977546,0.0
0.0,1.0,120,1,0.0,0.47545757434676844,0.4758190360562609,-0.07602396701516106,0.0,0.0,0.06006133807620624,0.06006133807620624,0.7828692816044867,1,1,0.022251733820768727,0.0
0.0,1.0,120,2,0.0,0.3961457715416106,0.3965389754988978,-0.09925739097429719,0.0,0.0,-0.08165798846636944,-0.08165798846636944,0.7718974178151027,1,1,0.01547084427930201,0.0
0.0,1.0,120,3,0.0,0.4597495485138909,0.459659944094148,0.019489833112944353,0.0,0.0,0.0726720305544809,0.0726720305544809,0.783315436280223,1,1,0.0172568519316465,0.0
0.0,1.0,120,4,0.0,0.4491357811773835,0.4514601590006858,-0.5175222996504714,0.0,0.0,0.09998682587417082,0.09998682587417082,0.7709082480250815,1,1,0.0019687977308285864,0.0
0.0,1.0,120,5,0.0,0.46613821090653024,0.46634343382737875,-0.04402619567475549,0.0,0.0,0.04501689190645229,0.04501689190645229,0.7680372775272383,1,1,0.007693514099268217,0.0
0.0,1.0,120,6,0.0,0.41373091733538236,0.41405199896257805,-0.07760638950156268,0.0,0.0,0.0336245017589077,0.0336245017589077,0.738637379566366,1,1,0.0032842854167436375,0.0
0.0,1.0,120,7,0.0,0.4357293156735288,0.43613510796328137,-0.09312944416542586,-0.592383138081257,-0.5980218877756168,-0.02948434783174788,-0.02948434783174788,0.7940414252121644,2,1,0.016763958113047317,0.016088678288551983
0.0,1.0,120,8,0.0,0.4846979846456732,0.48487499953437263,-0.03652065704973483,0.0,0.0,0.1368926451509447,0.1368926451509447,0.7791741985066416,1,1,0.005116933587825945,0.0
0.0,0.95,30,0,0.0,0.4694263855552602,0.46968100236956223,-0.05423998780999122,0.0,0.0,0.3434032016896956,0.3434032016896956,2.362622961805592e-06,1,1,0.013681724663013983,0.0
0.0,0.95,30,1,0.0,0.42514163030448504,0.4240718381570295,0.2516319436159145,0.0,0.0,-0.7661512178233802,-0.7661512178233802,2.202949869295187e-06,1,1,0.0061703315827287275,0.0
0.0,0.95,30,2,0.0,0.5711616956950727,0.5716295763931468,-0.08191738024461616,0.0,0.0,-0.403142738010424,-0.403142738010424,2.2280110980992463e-06,1,1,0.015560511951235978,0.0
0.0,0.95,30,3,0.0,0.5197157283180532,0.5204007974059806,-0.13181611611878508,-0.3267807875833009,-0.3267807875833009,0.5566489344624362,0.5566489344624362,2.4858309199169115e-06,2,1,0.020291217182351384,0.4457611104329897
0.0,0.95,30,4,0.0,0.4185035688768841,0.41781982616170943,0.16337798910762186,0.0,0.0,0.751908727239428,0.751908727239428,0.005576479806682617,1,1,0.0013516487133751198,0.0
0.0,0.95,30,5,0.0,0.4258290317352427,0.42651998981801803,-0.16226185423752554,0.0,0.0,-0.759793317667323,-0.759793317667323,0.09272594128349548,1,1,0.021349398225960603,0.0
0.0,0.95,30,6,0.0,0.5367401763303526,0.5419564117099229,-0.9718362085792123,0.0,0.0,0.1491186947947056,0.1491186947947056,0.01122177526491721,1,1,0.021317723465925198,0.0
0.0,0.95,30,7,0.0,0.5265565421705631,0.5244203856275419,0.4056841710133556,0.0,0.0,0.16494759309449186,0.16494759309449186,0.06466680945035888,2,1,0.023599259755529123,0.0
0.0,0.95,30,8,0.0,0.4237729708301741,0.42289245452163,0.20778019580134974,0.0,0.0,0.6922003383174241,0.6922003383174241,0.021280027309480126,1,1,0.03645174041500454,0.0
0.0,0.95,120,0,0.0,0.45410202497204594,0.45494964900223356,-0.18665938127886578,0.0,0.0,-1.1253220366263186,-1.1253220366263186,2.6038836437344587e-06,1,1,0.03228287341899738,0.0
0.0,0.95,120,1,0.0,0.40752470539956903,0.4086594176208966,-0.27844010591087703,0.0,0.0,-2.275878968684274,-2.275878968684274,2.4819693843888318e-06,1,2,0.012733441295424086,0.0
0.0,0.95,120,2,0.0,0.4239190852186609,0.4173036401975895,1.5605442764293378,0.0,0.0,-0.11663893330708824,-0.11663893330708824,2.4339327250125324e-06,1,1,0.02344071754242838,0.0
0.0,0.95,120,3,0.0,0.46873013448046624,0.4684161121356462,0.06699427276381294,0.0,0.0,0.09661169006510861,0.09661169006510861,2.2520002995175487e-06,1,1,0.016068005507813732,0.0
0.0,0.95,120,4,0.0,0.469717195175138,0.4738867626891604,-0.8876761500008027,0.0,0.0,-0.3336949756407597,-0.3336949756407597,2.4807708391156863e-06,1,1,0.015964042430462233,0.0
0.0,0.95,120,5,0.0,0.48509422295256577,0.485213320105685,-0.024551344354166366,0.0,0.0,-0.031464436778950965,-0.031464436778950965,2.670541895995967e-06,1,1,0.001462143853284803,0.0
0.0,0.95,120,6,0.0,0.4450615929633947,0.446045375544021,-0.22104414224465047,0.0,0.0,-0.23378684474366326,-0.23378684474366326,2.6603487109881068e-06,1,1,0.016058147280838764,0.0
0.0,0.95,120,7,0.0,0.43582992195619136,0.4365378964713321,-0.16244284283260557,0.0,0.0,-0.470934311917552,-0.470934311917552,2.3568604227464673e-06,1,1,0.017193793239764665,0.0
0.0,0.95,120,8,0.0,0.4410741193165488,0.4412646459665491,-0.04319606198965471,0.0,0.0,-0.09215765469539404,-0.09215765469539404,2.3769252806225212e-06,1,1,0.016056745204232836,0.0
0.0,0.9,30,0,0.0,0.5122088559056923,0.4878539089145028,4.754885963095048,0.0,0.0,3.2502375729397377,3.2502375729397377,1.1715709390263326e-06,1,1,0.002947852234750914,0.0
0.0,0.9,30,1,0.0,0.5760952346215921,0.593117395205324,-2.9547476807220874,0.0,0.0,-1.3848154960449293,-1.3848154960449293,1.083209148634964e-06,1,1,0.0012686354178791381,0.0
0.0,0.9,30,2,0.0,0.6506762289544092,0.6488629751455074,0.27867220719214225,0.0,0.0,-2.5417548636630882,-2.5417548636630882,9.562512532445216e-07,1,1,0.028683465197257174,0.0
0.0,0.9,30,3,0.0,0.4897221579306686,0.4894216760115218,0.06135763193082187,0.0,0.0,-2.664728062656152,-2.664728062656152,1.1207180627680266e-06,1,1,0.003492870955147165,0.0
0.0,0.9,30,4,0.0,0.5560665958749004,0.5563034805946325,-0.04260006292222021,0.0,0.0,-2.759641387380208,-2.759641387380208,1.1885987353198198e-06,2,1,0.012592896571774537,0.0
0.0,0.9,30,5,0.0,0.4012886642403236,0.4017482185275968,-0.11451962844331946,0.0,0.0,-1.430192309245863,-1.430192309245863,9.552556038315837e-07,1,1,0.02961962585173461,0.0
0.0,0.9,30,6,0.0,0.43732073762585844,0.440258992482888,-0.6718764065433723,0.0,0.0,-2.286643362542653,-2.286643362542653,1.0125867336457998e-06,1,1,0.004219389073323088,0.0
0.0,0.9,30,7,0.0,0.49800323067252383,0.49800409580225496,-0.00017371970257361189,0.0,0.0,-2.7962763985589767,-2.7962763985589767,9.33754407127166e-07,1,1,0.02307616498666676,0.0
0.0,0.9,30,8,0.0,0.4130316365380978,0.3791203555369691,8.210334996457533,0.0,0.0,7.257945209568139,7.257945209568139,1.034163393461318e-06,1,1,0.052650513714403435,0.0
0.0,0.9,120,0,0.0,0.42502705806644414,0.42600877276265137,-0.230976987835385,0.0,0.0,-1.326179743603359,-1.326179743603359,9.628125040035533e-07,1,1,0.019647189072892868,0.0
0.0,0.9,120,1,0.0,0.4102418171790322,0.41602786110510875,-1.4103983757344514,0.0,0.0,-0.8006851600281876,-0.8006851600281876,7.664479487510923e-07,1,2,0.009864357173461458,0.0
0.0,0.9,120,2,0.0,0.5159251614762517,0.5173123510746191,-0.26887418989184747,0.0,0.0,-1.2377281716500093,-1.2377281716500093,9.967755798265963e-07,1,1,0.02310340594263116,0.0
0.0,0.9,120,3,0.0,0.4405478993948036,0.43860659776741184,0.4406561988057579,0.0,0.0,0.0,0.0,7.912878398385403e-07,1,1,0.021029074452931562,0.0
0.0,0.9,120,4,0.0,0.4927595433848422,0.49282931358129006,-0.01415907563527236,0.0,0.0,-1.5803238615837738,-1.5803238615837738,8.000825305855343e-07,1,1,0.022767567912776343,0.0
0.0,0.9,120,5,0.0,0.47672264667440045,0.47732908815013936,-0.12721054474114438,0.0,0.0,-0.8416528750870261,-0.8416528750870261,8.880763457361071e-07,1,1,0.01293998864311141,0.0
0.0,0.9,120,6,0.0,0.5254356997813495,0.5205767579176087,0.9247452858195144,0.0,0.0,0.8811642993471541,0.8811642993471541,7.99515444308989e-07,1,1,0.0051172174005034154,0.0
0.0,0.9,120,7,0.0,0.48851144646690886,0.499288650066602,-2.2061312334926373,0.0,0.0,-1.3616359897562254,-1.3616359897562254,9.696023142267462e-07,1,1,0.04227622588219471,0.0
0.0,0.9,120,8,0.0,0.4942747181043094,0.49507791069758184,-0.16249922641257514,0.0,0.0,-0.9062959643308949,-0.9062959643308949,8.550043306831999e-07,1,1,0.024613905719518714,0.0
0.25,1.0,30,0,0.2,0.4518606667625548,0.45393029636800397,-0.4580238462173359,0.0,0.0,-0.07426384892380943,-0.07426384892380943,0.6185781487882432,1,1,0.22566434176952455,0.0
0.25,1.0,30,1,0.2,0.46678084236370737,0.46531894295567616,0.3131875337103322,0.0,0.0,-0.5444320050579576,-0.5444320050579576,0.5333385791028327,1,1,0.20117589188643714,0.0
0.25,1.0,30,2,0.2,0.48354899563494674,0.4829258110927363,0.1288772281270361,0.0,0.0,0.052833816804906855,0.052833816804906855,0.5880851845996236,1,1,0.22884657670321207,0.0
0.25,1.0,30,3,0.2,0.4123926262018984,0.41614785676221333,-0.9105959519451797,0.0,0.0,-0.021210747329787137,-0.021210747329787137,0.5122408736395994,1,1,0.16684552402568043,0.0
0.25,1.0,30,4,0.2,0.4625143753663286,0.46658708278799294,-0.8805580190753179,0.0,0.0,0.3358369295380232,0.3358369295380232,0.5278553384899366,1,1,0.19164755622794438,0.0
0.25,1.0,30,5,0.2,0.540494868663979,0.5302261306423098,1.8998770602673662,0.0,0.0,-0.040882596055817885,-0.040882596055817885,0.5917792423942629,1,1,0.1799057137889949,0.0
0.25,1.0,30,6,0.2,0.6299973121321928,0.6293211794225329,0.1073231102163916,0.0,0.0,0.4780524626664055,0.4780524626664055,0.5912181366200545,1,1,0.17276288361293057,0.0
0.25,1.0,30,7,0.2,0.4227784262933344,0.42404242510373863,-0.2989742928668829,0.0,0.0,0.2185894654824398,0.2185894654824398,0.5423808387851632,1,1,0.183628012546997,0.0
0.25,1.0,30,8,0.2,0.4690143423467613,0.46979987516697924,-0.1674858846080128,0.0,0.0,0.7558610915225348,0.7558610915225348,0.5936615063639424,1,1,0.17668117126820204,0.0
0.25,1.0,120,0,0.2,0.44262475601577217,0.4423644847417736,0.058801788752481314,0.0,0.0,0.0718437242247302,0.0718437242247302,0.8114443592402901,1,1,0.276188858541193,0.0
0.25,1.0,120,1,0.2,0.4478445736597186,0.4488565758161222,-0.22597173571484735,0.0,0.0,-0.0883136513189378,-0.0883136513189378,0.8460475541507883,1,1,0.27014126190875665,0.0
0.25,1.0,120,2,0.2,0.4704504677281712,0.47113331248585705,-0.14514700367572506,0.0,0.0,0.0016321474237538415,0.0016321474237538415,0.8252120191818156,1,1,0.28011018076313754,0.0
0.25,1.0,120,3,0.2,0.5195385333718601,0.5203970148664108,-0.16523923432186338,0.0,0.0,0.07190830165261973,0.07190830165261973,0.8190432934135445,1,1,0.24464169481570386,0.0
0.25,1.0,120,4,0.2,0.48181400167064836,0.4828960057326329,-0.22456882909853149,0.0,0.0,0.07703839288616346,0.07703839288616346,0.8455210146548604,1,1,0.2646124171662222,0.0
0.25,1.0,120,5,0.2,0.4782113792545634,0.479268238292909,-0.22100248638855133,0.0,0.0,0.00249142185721323,0.00249142185721323,0.8424432617687689,1,1,0.3237330140889635,0.0
0.25,1.0,120,6,0.2,0.5124677657895482,0.5143304428726991,-0.36347204790161247,0.0,0.0,0.4017504633511779,0.4017504633511779,0.8568791968142725,1,1,0.23327522912527088,0.0
0.25,1.0,120,7,0.2,0.48106951781807633,0.48231110436471225,-0.2580888001940386,0.0,0.0,-0.1791653450599797,-0.1791653450599797,0.8496373219042382,1,1,0.28898862122468305,0.0
0.25,1.0,120,8,0.2,0.4683031735182385,0.4701256532048318,-0.38916663171454935,0.0,0.0,0.03061026470634948,0.03061026470634948,0.833543590096337,1,1,0.3276655093154298,0.0
0.25,0.95,30,0,0.2,0.5579445889354281,0.562805638175473,-0.8712422947447049,0.0,0.0,0.21468311714369723,0.21468311714369723,0.20576977871403151,1,1,0.09650006715400494,0.0
0.25,0.95,30,1,0.2,0.5096903570420169,0.4965401550447545,2.580037431663311,0.0,0.0,4.1558853106770375,4.1558853106770375,2.1515341764710756e-06,1,1,0.17395258426708526,0.0
0.25,0.95,30,2,0.2,0.6052759524302773,0.6034943654698084,0.29434292793486655,0.0,0.0,-4.1458396121034875,-4.1458396121034875,0.04074946054470872,1,1,0.15648932021858897,0.0
0.25,0.95,30,3,0.2,0.4053770400773888,0.4041240319509161,0.30909696470067943,0.0,0.0,1.4961959294175273,1.4961959294175273,0.055800342319934616,1,1,0.18577902637036592,0.0
0.25,0.95,30,4,0.2,0.50121872563868,0.5001078250920733,0.2216398729299479,0.0,0.0,0.4357440344038912,0.4357440344038912,0.1696789366852724,1,1,0.2306162824818494,0.0
0.25,0.95,30,5,0.2,0.5780000155787702,0.579486347852916,-0.25715090555100206,0.0,0.0,-2.10463073780784,-2.10463073780784,2.186663636667884e-06,1,1,0.14959445952448025,0.0
0.25,0.95,30,6,0.2,0.5752535700672037,0.5590068196301519,2.824276333505205,0.0,0.0,2.5275879500157323,2.5275879500157323,0.19207625274838264,1,1,0.19235436287093688,0.0
0.25,0.95,30,7,0.2,0.5127779646840852,0.512689252456375,0.017300319791410036,0.0,0.0,0.5894309431980063,0.5894309431980063,0.03338927692879759,1,1,0.08277824672239942,0.0
0.25,0.95,30,8,0.2,0.46959449541977666,0.4556692286564001,2.9653811744382987,0.0,0.0,2.748826456097237,2.748826456097237,0.0967426315168943,1,1,0.20672490561080425,0.0
0.25,0.95,120,0,0.2,0.4890921299204529,0.4881705819411477,0.1884201202450544,0.0,0.0,-0.6173300081792547,-0.6173300081792547,0.10201315297534913,1,2,0.22836066399029864,0.0
0.25,0.95,120,1,0.2,0.4544790422276418,0.450396485477566,0.8982937321080918,0.0,0.0,-1.682360773092598,-1.682360773092598,0.11313967097445723,1,1,0.17480780986488575,0.0
0.25,0.95,120,2,0.2,0.47300677865679003,0.4733763947456849,-0.07814181647554008,0.0,0.0,-1.999948060425549,-1.999948060425549,2.322701423947674e-06,1,1,0.2458574571905653,0.0
0.25,0.95,120,3,0.2,0.4632658267817925,0.46498591685638346,-0.37129655915698456,0.0,0.0,-0.5451964150446235,-0.5451964150446235,0.03124309204220181,1,2,0.2184069884179295,0.0
0.25,0.95,120,4,0.2,0.5030349302389615,0.5009594212909747,0.4125973810607655,0.0,0.0,0.015862015099533028,0.015862015099533028,0.10263083890188618,1,2,0.21405184210671424,0.0
0.25,0.95,120,5,0.2,0.4783665216606212,0.4787818840663822,-0.08682932165050021,0.0,0.0,-0.37078637790281993,-0.37078637790281993,0.039799240443504816,1,1,0.22782096447148614,0.0
0.25,0.95,120,6,0.2,0.5310785045040681,0.5285679303262892,0.4727312735286312,0.0,0.0,-0.2637832016710234,-0.2637832016710234,0.13607843584468282,1,1,0.21558442310245374,0.0
0.25,0.95,120,7,0.2,0.4847301655773424,0.4843501211392792,0.07840329838158713,-0.6424121381478819,-0.6217337559901996,-0.42627265902359235,-0.42627265902359235,0.046597144711896285,2,1,0.15299132912384894,0.5836888870671884
0.25,0.95,120,8,0.2,0.5281542278033571,0.5237013943331184,0.8430934064010958,0.0,0.0,-0.615615683759868,-0.615615683759868,0.08153858442233353,1,1,0.3008053577880403,0.0
0.25,0.9,30,0,0.2,0.5620042081046576,0.5579245570678971,0.7259111191567315,0.0,0.0,-0.34659239856135066,-0.34659239856135066,1.073066736250684e-06,1,1,0.09198394567398438,0.0
0.25,0.9,30,1,0.2,0.48297282297177047,0.4519660721176923,6.419978387871008,0.0,0.0,7.0548348529716876,7.0548348529716876,1.0508093935767547e-06,1,1,0.09982695487815663,0.0
0.25,0.9,30,2,0.2,0.4632892038092988,0.48081380376382044,-3.7826480328980887,0.0,0.0,-0.646871637595825,-0.646871637595825,1.058997664984029e-06,1,1,0.12693593031595884,0.0
0.25,0.9,30,3,0.2,0.4621226060278394,0.4650869376006758,-0.6414599792717894,0.0,0.0,0.6428137501491956,0.6428137501491956,1.1163198136457538e-06,1,1,0.21975132344178416,0.0
0.25,0.9,30,4,0.2,0.46114166328715067,0.46725430902182646,-1.3255461870660508,0.0,0.0,-2.7166441644251087,-2.7166441644251087,1.063164188299457e-06,1,1,0.1164937048110003,0.0
0.25,0.9,30,5,0.2,0.4772941781278353,0.4785385329142217,-0.2607102377127935,0.0,0.0,-0.8509091233723397,-0.8509091233723397,1.2152303157533373e-06,1,2,0.2195728079540239,0.0
0.25,0.9,30,6,0.2,0.4624157536123982,0.46940476855085783,-1.511413675650403,0.0,0.0,-2.6616844211722848,-2.6616844211722848,9.991172372035025e-07,1,1,0.21792413848775938,0.0
0.25,0.9,30,7,0.2,0.6267759822595508,0.6250578102148666,0.2741285711826559,0.0,0.0,-0.36284074048759135,-0.36284074048759135,1.0557054907358354e-06,1,1,0.13707308918838434,0.0
0.25,0.9,30,8,0.2,0.4985617504911393,0.49589369598152494,0.5351502611233309,0.0,0.0,-2.7876886999786583,-2.7876886999786583,1.1297210504866732e-06,1,1,0.10658143962498201,0.0
0.25,0.9,120,0,0.2,0.5068527829273035,0.5041856799054604,0.5262086175081093,0.0,0.0,-1.5961808944433717,-1.5961808944433717,9.268119416829596e-07,1,1,0.15657455730146297,0.0
0.25,0.9,120,1,0.2,0.43131835267217966,0.42965744223480334,0.38507761774715854,0.0,0.0,-1.744916146914696,-1.744916146914696,8.900794141393519e-07,1,2,0.07835885521450703,0.0
0.25,0.9,120,2,0.2,0.5516669349766283,0.5614147159150533,-1.76696849501012,0.0,0.0,-0.10007116291744111,-0.10007116291744111,1.1377616575311041e-06,1,1,0.19102296640769612,0.0
0.25,0.9,120,3,0.2,0.5375466101244056,0.5462117699333654,-1.611982969617159,0.0,0.0,-2.1069969824290324,-2.1069969824290324,1.074786906373401e-06,1,1,0.1195726253731364,0.0
0.25,0.9,120,4,0.2,0.48214258148728234,0.47858415201710547,0.7380450528140572,0.0,0.0,-1.439937781953699,-1.439937781953699,9.315997393889553e-07,1,1,0.10150870176341742,0.0
0.25,0.9,120,5,0.2,0.5134632239057597,0.5110970190362949,0.46083239447331986,0.0,0.0,-3.3193088431341446,-3.3193088431341446,9.339018679279351e-07,1,1,0.1504522918012493,0.0
0.25,0.9,120,6,0.2,0.531005810869616,0.5274160158376319,0.6760368640985612,0.0,0.0,-1.6422994919147407,-1.6422994919147407,9.310936434383937e-07,1,2,0.10925240995822716,0.0
0.25,0.9,120,7,0.2,0.45821057163258466,0.46640543194512585,-1.7884485474316425,0.0,0.0,-1.2859362717968403,-1.2859362717968403,8.026745743498317e-07,1,1,0.20219010170081342,0.0
0.25,0.9,120,8,0.2,0.5056673515128761,0.5035722555064958,0.4143229734156587,0.0,0.0,-1.478134126010354,-1.478134126010354,8.420118816115825e-07,1,1,0.10614758639136646,0.0
0.5,1.0,30,0,0.4,0.5757735950255071,0.5878773144716286,-2.1021664679821486,-2.859854155809345,-3.5148044463540544,-0.29269564788331,-0.29269564788331,0.7053523203168373,2,1,0.3853204041382251,0.2603603072979751
0.5,1.0,30,1,0.4,0.6870967564967968,0.6908939362153315,-0.5526411939265736,-2.5294595606414734,-2.6211753673877927,-0.22183830747016914,-0.22183830747016914,0.7164347042070753,2,1,0.5143186274754845,0.508930372523253
0.5,1.0,30,2,0.4,0.651886649810429,0.6526173051117661,-0.11208318218352349,-2.969879663460583,-3.291857611697896,0.016781217276088813,0.016781217276088813,0.7293125355275645,2,1,0.46086843489625773,0.35765240568029466
0.5,1.0,30,3,0.4,0.6447709833344496,0.6460198266383551,-0.1936878885968296,-3.58948756575369,-4.312987158578388,-0.00043012299439126894,-0.00043012299439126894,0.7177340509190164,2,1,0.4316746377640158,0.4158249606596808
0.5,1.0,30,4,0.4,0.6523081309909018,0.6550223206017114,-0.4160901086249774,-2.7129591358699074,-2.7428730619570527,-0.6123711118688819,-0.6562556428058416,0.7404109414672635,2,2,0.4802341794526799,0.3612901787060153
0.5,1.0,30,5,0.4,0.5712970778950144,0.5835372030331759,-2.1425149211792154,-5.690790950590366,-6.711051860958796,-0.5056648847816048,-0.5056648847816048,0.7130934359741664,2,1,0.4067565024006542,0.4046574562790374
0.5,1.0,30,6,0.4,0.9440438059421407,0.925190974036554,1.9970293525491432,-0.15766685203851938,-0.09221635020207312,1.1529963199792008,1.24185531916774,0.7258289158900348,2,2,0.45444380264306694,0.46286948489958923
0.5,1.0,30,7,0.4,0.6301678245654372,0.637723621419012,-1.1990134308722025,-2.7848450344620317,-3.7868482400400434,0.4198536573320146,0.4198536573320146,0.7341920584535321,2,1,0.40663909862814385,0.4682577214513808
0.5,1.0,30,8,0.4,0.6925302595291222,0.6964462259670381,-0.5654578098260333,-2.196453459483376,-2.6620834961634596,0.1634037199867962,0.1634037199867962,0.7286977154939593,2,1,0.44953978672274997,0.3539620651980021
0.5,1.0,120,0,0.4,0.5940113818823906,0.5971607465321563,-0.5301859098702141,-0.8038248272914742,-0.8987335393952745,-0.7177830655754577,-0.8495578538849934,0.911579095830704,2,2,0.6035732389421078,0.45568116986572516
0.5,1.0,120,1,0.4,0.660415840550927,0.6657891232131328,-0.8136211054119125,-0.6293158676446611,-0.7101333580549296,-0.5272901027077915,-0.6054965830299306,0.9194524804044679,2,2,0.5932121209918132,0.4627662902622076
0.5,1.0,120,2,0.4,0.5671355994578599,0.5709000690076743,-0.6637688682235822,-0.7948573685498842,-1.0774056606530982,-0.8511892193903334,-1.0858314589767295,0.917290230836053,2,2,0.6298691112969548,0.5256577284153614
0.5,1.0,120,3,0.4,0.5561983084217835,0.561426623115892,-0.9400090965655447,-0.8473907629595411,-1.0993322933737624,-0.6972158383851383,-0.8918725276809563,0.9151681118994565,2,2,0.574379019034676,0.5515648520281196
0.5,1.0,120,4,0.4,0.6544886914007316,0.6542639375406403,0.034340373339428826,-0.4645877767420999,-0.5251249874283529,-0.4191007257536989,-0.4765340629638526,0.9121996098772664,2,2,0.5736450622488404,0.4422687478821302
0.5,1.0,120,5,0.4,0.6080798305457663,0.6086579519564848,-0.09507327519802265,-0.8201273241171777,-0.8113736838101465,-0.467840317598948,-0.49595201302158337,0.9022338005043967,2,2,0.5934979551480521,0.5719637152206187
0.5,1.0,120,6,0.4,0.6405572450452566,0.6423153020692346,-0.2744574411696509,-0.2329746522937808,-0.3538886115374002,-0.3065380946803988,-0.3629063250999558,0.9120804896413531,2,2,0.57874182464774,0.5384969938179123
0.5,1.0,120,7,0.4,0.6893768517246395,0.6897500449234495,-0.05413486076249684,-0.3280100033653535,-0.2944816492121628,-0.40523808459687716,-0.38089466356508583,0.9199442463724719,2,2,0.6169356897793722,0.5143449771250299
0.5,1.0,120,8,0.4,0.664316906776172,0.667522544994578,-0.4825465355025355,-0.6026645904192797,-0.6789296667172839,-0.3870795710697847,-0.46212321828778047,0.9101010059255777,2,2,0.5715258204272962,0.5919028428224078
0.5,0.95,30,0,0.4,0.4707859262302104,0.4855443107151737,-3.134839778057962,0.0,0.0,-0.019359375963838642,-0.019359375963838642,0.28882210116938767,1,1,0.4577195671041041,0.0
0.5,0.95,30,1,0.4,0.6173676810109795,0.6317387713245224,-2.327800880345615,0.0,0.0,-2.174573984681777,-2.174573984681777,0.4108841952057154,1,1,0.43854171397261144,0.0
0.5,0.95,30,2,0.4,0.5463854341555473,0.5453230840128204,0.19443236885859164,-2.153848008452267,-1.8338316543833186,-0.41883342650027144,-0.41883342650027144,0.3952710220935315,2,1,0.3989767726451099,0.5323723668371808
0.5,0.95,30,3,0.4,0.6935316895904937,0.6979108888828511,-0.6314346349397791,-2.927441715955545,-2.7553215071260437,-1.4098475839382607,-1.4098475839382607,0.3808944388651122,2,1,0.40377317158921,0.45793382375393066
0.5,0.95,30,4,0.4,0.7377890052825954,0.7327443335933995,0.6837553356143613,0.0,0.0,-0.48662758797341626,-0.48662758797341626,0.4173683829173735,1,1,0.44686407128042105,0.0
0.5,0.95,30,5,0.4,0.6316580639403973,0.6382521752283541,-1.0439368488105067,-1.3553619986586056,-1.1732099234738644,-0.3362045667562394,-0.3362045667562394,0.4897777261005173,2,1,0.508667545553197,0.5456148890855456
0.5,0.95,30,6,0.4,0.5825304800756013,0.5908486484917094,-1.427937026579033,-6.097988725085364,-5.133706327229892,-1.246501057871671,-1.246501057871671,0.4231919455574672,2,1,0.450931555819578,0.4986442810881371
0.5,0.95,30,7,0.4,0.6654925190490153,0.6654873597473767,0.0007752606514574221,0.0,0.0,-2.823539998749983,-2.823539998749983,0.3815587680334192,1,1,0.5415834344530713,0.0
0.5,0.95,30,8,0.4,0.6284763167410442,0.6356942070533341,-1.1484745120895243,-3.615701393027807,-3.3302516937143656,0.4237120221209518,0.4237120221209518,0.3902602774607665,2,1,0.490848553217227,0.53499314651446
0.5,0.95,120,0,0.4,0.6763950029732249,0.6645740275294411,1.7476438163827968,0.3638070493276622,0.5096400345566885,-0.8866315405038486,-0.8866315405038486,0.36277789337248667,2,1,0.5467407299559581,0.43354786279093693
0.5,0.95,120,1,0.4,0.5363603611735809,0.5277584099426399,1.603763412366925,0.0,0.0,-1.2893506773227974,-1.2893506773227974,0.33787665761832586,1,1,0.5014718933602962,0.0
0.5,0.95,120,2,0.4,0.6405969312529926,0.6288828475294065,1.8286200186244403,0.0,0.0,-1.6002818806808843,-1.6002818806808843,0.42578778405982665,1,1,0.5095425169524619,0.0
0.5,0.95,120,3,0.4,0.5748239415559845,0.5705189810425442,0.7489180951279213,-0.9142882666326076,-1.0993737815539724,-1.754214654206541,-1.754214654206541,0.4040252558901746,2,1,0.5516463659831985,0.5545530405883701
0.5,0.95,120,4,0.4,0.7122379026956227,0.7075463395882363,0.6587073068745883,-0.08213946667038789,0.371392435595453,-0.9400496594763026,-0.5659054416389454,0.4391541741712607,2,2,0.5594867954550709,0.48443240461034576
0.5,0.95,120,5,0.4,0.6808533675492261,0.6768167882270492,0.592870581914995,-0.3087826330269233,0.514360174628593,-1.3746797250799334,-1.3746797250799334,0.3352917160159826,2,1,0.4701346608099629,0.4228291634143958
0.5,0.95,120,6,0.4,0.5950869935676388,0.59017325028383,0.8257184809821043,-1.3118521278345243,-1.3739266159963224,-0.3914120849248752,-0.3914120849248752,0.4177969278635033,2,1,0.5224769325364689,0.5047539247191382
0.5,0.95,120,7,0.4,0.6087057377009957,0.602604137271452,1.0023891761869428,-1.057309751415889,-1.0013363272662852,-0.06648050057503015,-0.06648050057503015,0.2986002811437657,2,2,0.40531897232989744,0.5121773985146711
0.5,0.95,120,8,0.4,0.6572949926651808,0.6431074899915348,2.158468089969606,-0.10162593599631606,0.6861822999495069,-0.7130290619827626,-0.7130290619827626,0.4024158788820773,2,1,0.5492169212741299,0.5654619330729687
0.5,0.9,30,0,0.4,0.6717471823783379,0.6595476583812457,1.81608859956798,0.9767593046979157,1.0613110553692413,-1.4745483979503882,-1.4745483979503882,0.03208675699381215,2,1,0.33143705186767636,0.5576510058515198
0.5,0.9,30,1,0.4,0.6423345795016318,0.6268876292722729,2.404813740736744,0.0,0.0,-1.5020220574919434,-1.5020220574919434,0.08472196022803394,1,1,0.3898104952824878,0.0
0.5,0.9,30,2,0.4,0.5915865058943227,0.5719608303721035,3.3174650413214417,0.0,0.0,-2.3723873453583284,-2.3723873453583284,0.06606720337424116,1,1,0.3718290665399583,0.0
0.5,0.9,30,3,0.4,0.7335278166089636,0.7173879858608927,2.2003024810543605,0.0,0.0,-2.525499511328347,-2.525499511328347,0.11024286357804333,1,1,0.4290854140817034,0.0
0.5,0.9,30,4,0.4,0.8359273255604004,0.7989205057088482,4.427037939780596,0.0,0.0,0.5742273798065358,0.5742273798065358,1.0657290818206332e-06,1,2,0.3627775614101334,0.0
0.5,0.9,30,5,0.4,0.5689401824257357,0.5538785360251887,2.647316337603398,0.19570565620136748,0.38687797053433426,-0.1338698742925105,-0.1338698742925105,0.055605438649084134,2,1,0.40574867917979285,0.4562388717230149
0.5,0.9,30,6,0.4,0.6067143890578235,0.5924200343187748,2.356026986807854,0.0,0.0,-1.4394343785633223,-1.4394343785633223,0.07667003475149389,1,1,0.4903000715596989,0.0
0.5,0.9,30,7,0.4,0.5675581178047221,0.5530723830585536,2.5522909974750116,0.0,0.0,-1.4742990114939718,-1.4742990114939718,0.0597708844386248,1,2,0.3975438920849337,0.0
0.5,0.9,30,8,0.4,0.6881368973523977,0.6725294838086394,2.268068113162904,0.0,0.0,-2.069235708772264,-2.069235708772264,0.0062339725900982254,1,1,0.36688184800473655,0.0
0.5,0.9,120,0,0.4,0.7157219899313522,0.6937268539679137,3.0731396090747665,0.0,0.0,-1.682938858406925,-1.682938858406925,8.847334986188643e-07,1,1,0.3733571936742537,0.0
0.5,0.9,120,1,0.4,0.6395880967185326,0.6276163355648687,1.8717923637237912,0.0,0.0,-1.2285522075858366,-1.2285522075858366,1.0029114199877473e-06,1,1,0.4027984164235322,0.0
0.5,0.9,120,2,0.4,0.7778961274924404,0.7779032764761769,-0.0009190152108717745,0.0,0.0,-1.7729806534826604,-1.7729806534826604,0.15185423472688345,1,1,0.47913167595824113,0.0
0.5,0.9,120,3,0.4,0.5845395088986475,0.5745175476874901,1.7145053599610642,0.0,0.0,-2.223942203648527,-2.223942203648527,9.891179180894263e-07,1,1,0.42312349017354,0.0
0.5,0.9,120,4,0.4,0.6215124025785572,0.6044332894207844,2.747992330790861,-0.010213473143569664,-0.010213473143569664,-1.2448276051306217,-1.2448276051306217,7.9096015943232e-07,2,1,0.4404627776136485,0.08977091601437626
0.5,0.9,120,5,0.4,0.7982856104209639,0.7768221808091978,2.6886905302536572,0.0,0.0,-1.9312008162017205,-1.9312008162017205,9.038203640477056e-07,1,1,0.4703046402852864,0.0
0.5,0.9,120,6,0.4,0.5608204363145508,0.5486125655926558,2.176787779368278,0.0,0.0,-2.049786108841335,-2.049786108841335,0.029859086608048126,1,1,0.49428726246932997,0.0
0.5,0.9,120,7,0.4,0.654890409926013,0.6321029872876768,3.4795780015942905,0.0,0.0,-2.06251474416269,-2.06251474416269,1.017819557925488e-06,1,2,0.4058055990200903,0.0
0.5,0.9,120,8,0.4,0.5752067042215357,0.5602641638301549,2.597768816273374,0.0,0.0,-1.6126906783727273,-1.6126906783727273,1.069520806260594e-06,1,1,0.3924916526197407,0.0
1.0,1.0,30,0,0.8,1.3709190704791638,1.387939866497218,-1.2415609633400944,-2.0567776014058183,-3.5362245841839344,-1.9794836941168585,-2.561608747912609,0.896306354515413,3,3,0.798051464624252,0.7696655387185518
1.0,1.0,30,1,0.8,1.3004709276953523,1.3080036551052032,-0.5792307424511304,-2.356193361027045,-2.397189439747718,-2.8863693742251813,-4.017589845716945,0.8928140463657155,3,2,0.727929435601395,0.6734611321270427
1.0,1.0,30,2,0.8,1.20226395646631,1.2157260975100177,-1.1197325654904906,-1.1543485229782922,-2.3287181745677246,-0.7408998474293647,-1.4310231080062876,0.8738246381120132,2,2,0.7302691647270192,0.6042492367091832
1.0,1.0,30,3,0.8,1.3368426656315817,1.3433062665676925,-0.48349750515009754,-2.3182439376023063,-2.382057253937622,-0.8382278239994913,-0.8732707214839116,0.8917534136629874,3,2,0.7412458512452257,0.7402069670287232
1.0,1.0,30,4,0.8,1.2092911943498819,1.210115833607776,-0.06819195093349201,-1.546121019458254,-1.4306332944851974,-2.954770345017967,-3.223093203099915,0.8745815124571636,3,2,0.7369353923033213,0.7088597878906315
1.0,1.0,30,5,0.8,1.2948476336207055,1.2727177226842803,1.7090745167093282,0.4105635144480686,-1.0349967916112643,-0.04074679638175386,-0.5487829362200847,0.8850587088343802,3,2,0.7674515658161173,0.7381819894786457
1.0,1.0,30,6,0.8,1.4185533617349675,1.4386867124134333,-1.419287509483718,-1.4313326466048257,-2.5885072998128034,-0.6996990437458612,-1.0355130493493963,0.87562895494504,3,2,0.7731666396046628,0.7751062883110704
1.0,1.0,30,7,0.8,1.251113737078928,1.2580123816046933,-0.5514002701202908,-2.096527976015963,-3.529169834088356,-0.6548063952295956,-1.1312892325631736,0.8989308441343435,3,2,0.7540581229181641,0.6848415726417293
1.0,1.0,30,8,0.8,1.3108471211755752,1.3164047190452342,-0.42396994888884065,-2.175313619288804,-3.142827440917246,-0.31501440031904204,-0.7782758775824524,0.8967662922535018,3,2,0.7620951240507524,0.7956398485177237
1.0,1.0,120,0,0.8,1.2037546691792613,1.205582827518954,-0.1518713394432022,-0.31836119479435315,-0.6258203204732127,-0.3442399650919468,-0.49050181360766704,0.9648581587051085,4,3,0.8463134098492676,0.8561452725725847
1.0,1.0,120,1,0.8,1.2585998657721507,1.2622216843159089,-0.2877656864786188,-0.3556233186057626,-0.663396036271136,-0.09481279263778122,-0.32249921349743327,0.9724224537650287,4,4,0.8595420203692651,0.8520172323458901
1.0,1.0,120,2,0.8,1.1548562801508198,1.158792533328746,-0.34084355305339653,-0.6074681540787055,-0.9384624385682587,-0.409986698245695,-0.6908897764442833,0.9698000019564459,4,3,0.8581606641921662,0.8748913082642004
1.0,1.0,120,3,0.8,1.2113969027479154,1.2181950200342309,-0.5611800121739338,-0.3594598908885559,-0.45569945135878265,-0.21074063595994708,-0.35037568288997917,0.9702138750835232,3,3,0.8510280608220624,0.7974822630854214
1.0,1.0,120,4,0.8,1.1996703367778172,1.2018205009646452,-0.17922958673822947,-0.1447413020009659,-0.4209222767746965,-0.12431898348624755,-0.3861128537143309,0.9710107805691747,3,3,0.8534600686317028,0.7937705915333737
1.0,1.0,120,5,0.8,1.1705290127123125,1.1734526607734623,-0.24977151607505055,-0.21547523239396366,-0.5678333731608525,-0.5818278316075493,-0.8255661772870629,0.9677875879676516,3,3,0.8515325654865065,0.8014139440992549
1.0,1.0,120,6,0.8,1.1557276386913116,1.1605835028602025,-0.4201564457166987,-0.4348724924848753,-0.664099597675767,-0.3333662900503616,-0.5213919204825823,0.9680832826158893,3,3,0.8550422512589154,0.8327703407541023
1.0,1.0,120,7,0.8,1.3169841296359748,1.3136176442650704,0.2556208002168456,-0.0692655350108305,-0.46688814062619216,0.06200288554153012,-0.2078650595747715,0.9657846068263143,4,3,0.8396931284496614,0.8734833086431393
1.0,1.0,120,8,0.8,1.212227552605946,1.214377470908331,-0.1773527006347334,0.03528402618712282,-0.3027464433279218,-0.21163935887529842,-0.4581712249172475,0.9734541760215623,4,3,0.8669406246743361,0.8251978936509485
1.0,0.95,30,0,0.8,1.541811897806941,1.5350770018351252,0.4368169671926596,-1.2991706899774673,0.34326488455280035,-1.1861822145307277,0.052221429055394675,0.7250616223335418,2,2,0.7485575730744729,0.6228896479504044
1.0,0.95,30,1,0.8,1.0829049835383524,1.0921115993901045,-0.8501776233100162,-2.4035071671724286,-3.439513639409994,-1.888422647535441,-1.746621728466284,0.6900254191770261,2,2,0.6876138033582714,0.561971522844379
1.0,0.95,30,2,0.8,1.4073227127996375,1.411903602950218,-0.3255038882636719,-1.973958665861695,-0.4063932833941305,-4.515455881733393,-0.8681746644708893,0.7103103874699697,2,2,0.750588663241897,0.6156576600815604
1.0,0.95,30,3,0.8,1.3596314933863505,1.3659863276288995,-0.46739386910797553,-2.4247661390016435,-1.6717239231524463,-2.6093037994199735,-0.2879450808964438,0.7335242311057266,2,2,0.7367550927988866,0.5693715084483786
1.0,0.95,30,4,0.8,1.1987655778831499,1.199177924368936,-0.03439759143854355,0.16831012331409134,0.29799899223273313,0.47898534225512013,1.0757622203456303,0.72999615695246,2,2,0.7655397041438438,0.6242829548593793
1.0,0.95,30,5,0.8,1.3093430487868558,1.3183085915957053,-0.6847359687101383,-1.9393708123625595,-2.1483377279163816,-1.0056522828081584,-0.33991938905372776,0.7300883498995583,2,2,0.6979464503903101,0.5840256392033552
1.0,0.95,30,6,0.8,1.406468195410196,1.420402606280721,-0.9907377156481565,-2.832538798653436,-2.07807818022823,-2.3457978147401692,-0.5760529754154894,0.7216983693697567,2,2,0.7037010813038129,0.6012591900460117
1.0,0.95,30,7,0.8,1.2175273188262927,1.1913553881218875,2.1495969987462162,-0.5255751144393901,-0.18061723100444546,-0.6390027667688448,0.6230991599975609,0.7106150838207801,2,2,0.7489657378446464,0.604015518897993
1.0,0.95,30,8,0.8,1.2079243120134113,1.2007656369846584,0.5926426811312836,-2.161023722368523,-3.0618774452094546,-1.403245432128359,-0.6028979728605643,0.7353200527553955,2,2,0.714959640201816,0.5461986594741706
1.0,0.95,120,0,0.8,1.2902004407844145,1.3012511899594235,-0.8565141373142223,-2.248131568517764,-1.3554293568963065,-2.194546975114666,-0.7957307389746088,0.7599477568751505,2,2,0.7965274061567167,0.6202523164680713
1.0,0.95,120,1,0.8,1.316445991192496,1.3217260228108898,-0.4010822816673979,-1.8948385515143684,-1.0726085878645193,-2.7484224130436603,-0.8539519199408474,0.744421148914547,2,2,0.8274567821917922,0.6951689761586135
1.0,0.95,120,2,0.8,1.3044605801091933,1.298681394005116,0.44303263680022253,-1.9483502828121395,-0.9095132817148346,-4.0138349099645945,-1.02164009874765,0.7525515142332462,2,2,0.8035784273435342,0.6805745380967243
1.0,0.95,120,3,0.8,1.2568881200613484,1.252654474091255,0.3368355466584173,-1.557519043012341,-1.1983161041911936,-2.280052899701339,-1.8082042443174473,0.7267948694997748,2,2,0.7639020862410084,0.6426268506618384
1.0,0.95,120,4,0.8,1.2408780071665164,1.2508251313761258,-0.8016198330666833,-1.2656162934445412,-1.745853632547268,-2.5606036137994335,-1.5721857707688276,0.7388349622742094,3,2,0.7929572307609871,0.8026740990648741
1.0,0.95,120,5,0.8,1.3178534218505384,1.3122052125087544,0.4285916208991401,-1.1413514961635394,-0.2326427434677715,-3.176285625120664,-0.9755823347781404,0.7386363203155151,2,2,0.7629740950319118,0.6040699915037393
1.0,0.95,120,6,0.8,1.1608850012029779,1.1624071346642337,-0.13111836742472535,-1.725095622107997,-1.8592423711906398,-2.3972406260977004,-0.2082061080877968,0.7315488072329005,2,2,0.787052909956452,0.6464581718371349
1.0,0.95,120,7,0.8,1.342586066029366,1.3437188736038295,-0.08437504329340009,-1.3181293391528344,-0.8262578527805983,-0.3590024759155931,0.1990750083884392,0.7638017430681905,2,2,0.7619656704864002,0.6173834565111366
1.0,0.95,120,8,0.8,1.3894821856003519,1.392714460131521,-0.2326243952363065,-0.37463823486162956,-0.5543793832248713,-1.0795347831905169,-0.1305040196499504,0.7566026423136984,2,2,0.7804329811906512,0.5499082339576139
1.0,0.9,30,0,0.8,1.3486531538813706,1.3263131808196358,1.6564654149542668,-3.205862815956682,-1.6356036530072957,-1.6653360712838887,-0.627676305588482,0.5221495654285656,2,2,0.7089860830188359,0.5587859049735278
1.0,0.9,30,1,0.8,1.5210316241673456,1.4667142107878421,3.571090338719177,-1.0502749890581602,1.751812784036711,-3.162051261601312,-1.4202259005368723,0.5435003249728143,2,2,0.7147416704036188,0.6227973834315179
1.0,0.9,30,2,0.8,1.13121747324755,1.1068100426258904,2.1576249659218543,-2.821409515887681,-1.8331763291126095,-1.3509057616656055,-1.3509057616656055,0.4474794791708885,2,1,0.7177865058972754,0.5733763516439561
1.0,0.9,30,3,0.8,1.177029428317656,1.1779629694227702,-0.07931331899225891,-2.1666674373924195,-1.5359006900116945,-0.4439391637785823,0.4429313599278129,0.49981151186371786,2,2,0.650197732545466,0.5555362499853248
1.0,0.9,30,4,0.8,1.0425090011916538,1.0496451983437067,-0.6845213944336032,-6.355657888072267,-2.659268233556969,-1.6747098321645073,-1.6747098321645073,0.46718897600990816,2,1,0.6797467175734835,0.590290402009167
1.0,0.9,30,5,0.8,1.7953102181929994,1.7838941714155623,0.6358815686420763,-0.42257519433539953,0.11889129629267654,-1.4916171221613939,-1.4916171221613939,0.5730364333661144,2,1,0.7330000609457124,0.5686814948718171
1.0,0.9,30,6,0.8,1.5470962714934566,1.5328979938665863,0.9177371756680861,-1.7425302386689598,0.7056230822243493,-2.7537141715610582,-0.2528872521003452,0.5775705511327069,2,2,0.7623474239686878,0.5779423317576132
1.0,0.9,30,7,0.8,1.1692064459432656,1.1574246061330098,1.0076783147351485,-0.7013234891052462,0.21773474305987356,-0.9097921957185408,0.8699055188267284,0.4886201429558257,2,2,0.7396087652469817,0.5858606912546848
1.0,0.9,30,8,0.8,1.192259820396341,1.2029691033155878,-0.8982339869246543,-0.2132728425920868,0.5960206443339501,-1.0707607547496536,-1.0707607547496536,0.4014869284091578,2,1,0.7110847038202796,0.4929502413466412
1.0,0.9,120,0,0.8,1.3740898254496887,1.3702034726913184,0.28283105561155647,-3.253005503765095,-4.487515064024984,-1.5471960735153882,-0.011124337062608262,0.4985197806606806,2,2,0.7097779219585143,0.6288200730153624
1.0,0.9,120,1,0.8,1.3477427155973236,1.3249947372108846,1.6878576395315241,-0.7233532492270702,0.9846123793962562,-1.1816640570020764,-1.1816640570020764,0.5326132149093634,2,1,0.6849367722384645,0.6181863348933415
1.0,0.9,120,2,0.8,1.3694274170105782,1.3114126563244068,4.23642465205027,-0.47522385080772317,1.0776753678654911,-1.4040030874804263,-0.006611673522375361,0.4872171106682619,2,2,0.6822170181289833,0.6330163444891529
1.0,0.9,120,3,0.8,1.1540972505976284,1.1394992124963659,1.2648880407351415,-1.625699527613204,0.22116929371038202,-2.3289097480357976,-0.5729386860083133,0.5180132436498253,2,2,0.6725232389867679,0.5654598165345336
1.0,0.9,120,4,0.8,1.1164592642083804,1.1164076820562743,0.004620155321356396,-2.7363779999077296,-0.9754578192511755,-4.547484309662576,-4.547484309662576,0.4382231601062031,2,1,0.6475227724647995,0.4943338161274994
1.0,0.9,120,5,0.8,1.3131751621998153,1.3139216997800034,-0.05684980965810113,-2.161378331310436,-0.6765695392923508,-2.0667833375345213,-0.3427670946448905,0.47548477033405206,2,2,0.6966502604003293,0.5562963312068676
1.0,0.9,120,6,0.8,1.2432650955468798,1.223507364984595,1.589180829820852,-1.8711866272803523,-1.6782995383176857,-1.1503917590216417,-1.1503917590216417,0.4567483002126193,2,1,0.7245391825159919,0.5659700318887511
1.0,0.9,120,7,0.8,1.1358969737938192,1.127609316651194,0.7296134538456356,-1.0587165242480268,-0.21733317677762043,-2.2846537043383823,-0.8169615843203067,0.5083603309366257,2,2,0.6663601960319889,0.5542763100913948
1.0,0.9,120,8,0.8,1.010059635667561,1.0073358864287336,0.2696622201942854,-0.807206486936814,-0.8214467252873783,-2.336720858050473,-1.308294726921333,0.462207349869282,2,2,0.6973425976602133,0.5749446986077561
2.0,1.0,30,0,0.8,4.925314515398531,4.945188978437875,-0.4035166277647417,-0.8388770807303584,-2.9702839918048083,-0.924391059433903,-1.6885429044563955,0.9645962751292259,4,3,0.9368042071975923,0.94015201591387
2.0,1.0,30,1,0.8,4.094693136707149,4.137408443201406,-1.0431870000546002,-0.8475869113025509,-3.5369109225539286,0.11697046052930012,-0.8743374978880541,0.9681842022747815,3,2,0.9254755578900775,0.815527172044938
2.0,1.0,30,2,0.8,5.055145852146936,5.018451772942906,0.725875776431766,-1.9786071908604408,-2.399070746141635,-2.3057006200055494,-2.9063854570781955,0.9708960056285797,3,3,0.9104861634513665,0.8103361348574043
2.0,1.0,30,3,0.8,4.379201438519619,4.367431146982042,0.2687771207335808,0.2696696875840909,-2.0644953746682075,-0.39783623156799797,-1.3578744673251721,0.9671042791177534,4,3,0.9293547539437645,0.9217381772108588
2.0,1.0,30,4,0.8,4.829823567626203,4.828694703355253,0.02337278484698775,0.0234219833729588,-0.8035281883803562,-0.7813861842013766,-1.4417158961919068,0.9694456792829081,4,3,0.941276685006556,0.9413827525610049
2.0,1.0,30,5,0.8,5.788649933387652,5.862125770210177,-1.2693086931847937,-1.4901464079940863,-1.475585886674976,-0.9204944094905849,-0.9466616321627466,0.9662777735638233,4,2,0.9354477487193723,0.9295581828486581
2.0,1.0,30,6,0.8,4.9007514317726955,4.900849641384204,-0.002003970470166165,-0.0929938626304777,-1.1108184983396587,-0.021068547722141017,-0.28523792114674257,0.9651156211879897,4,2,0.9306055182643541,0.9413829222279734
2.0,1.0,30,7,0.8,4.261202467381147,4.3841561460249,-2.885422121688519,-1.7440700633552961,-2.3021883421174736,-1.3695042522537924,-2.043079152411413,0.9676837061081706,4,3,0.9362638048082514,0.9369934405742536
2.0,1.0,30,8,0.8,4.918043221488454,4.9213651901580056,-0.06754655296717721,-0.48039691257814277,-1.7792272296771487,-0.4390131195139651,-1.6775988252250011,0.9693235448174238,4,3,0.9263494258372326,0.9354945410858568
2.0,1.0,120,0,0.8,4.432785333716926,4.430095203701246,0.06068712588490288,0.048267880960303315,-0.4144462285345777,0.05762364655481398,-0.3741634516375063,0.992244400222799,5,4,0.9581940983685209,0.926885800293971
2.0,1.0,120,1,0.8,5.42972620861463,5.467950097334332,-0.7039745145723356,-0.7062054421537934,-0.7222814302771811,-0.6010024325390483,-0.5952443123346414,0.9921436978805673,4,4,0.9628000495994087,0.9596787206775628
2.0,1.0,120,2,0.8,3.8495097569639025,3.867606404171453,-0.47010264553331926,-0.4706617975210024,-0.9997409508543135,-0.6527954201966735,-1.1743897310866258,0.9912373741311375,4,4,0.9593366704923014,0.9601993786069101
2.0,1.0,120,3,0.8,4.199934845651825,4.241405221388939,-0.9874052160606223,-0.9931014326913038,-1.0559389769487157,-0.8430932672904574,-0.8735725814608531,0.9921105634690975,4,4,0.9649778270215689,0.965524492516163
2.0,1.0,120,4,0.8,5.278754351945925,5.2927601282140975,-0.2653235088124428,-0.2752136433997145,-0.5552629464679146,-0.3209392891116413,-0.5900800927713569,0.9919434619468229,4,4,0.9587752301008683,0.9543810087172374
2.0,1.0,120,5,0.8,4.838174426450056,4.862371034400562,-0.5001185533581465,-0.5092181668717759,-0.6663228198168298,-0.23018931157944247,-0.4469151699446711,0.9918868181195944,4,4,0.9618348226706034,0.9604476486768271
2.0,1.0,120,6,0.8,4.452830174436879,4.470149708844801,-0.3889556468457118,-0.35568933628390736,-0.6993297038890695,-0.35081923346921673,-0.6960226343897743,0.9916578931271283,4,4,0.9630586578245764,0.9631205205783406
2.0,1.0,120,7,0.8,4.795678502325913,4.804122417948771,-0.17607342983402377,-0.24339826257293581,-0.3990194311711991,-0.02802035783117727,-0.21930094736329425,0.9918997190647592,4,4,0.9587597039715405,0.930205499990202
2.0,1.0,120,8,0.8,4.4627492554906905,4.486855253707728,-0.5401602652754687,-0.5430497341736337,-0.8020680593758376,-0.27148421567592534,-0.5833983135257472,0.991994590604266,4,4,0.9619353129691016,0.9613798472981205
2.0,0.95,30,0,0.8,4.6093158820111935,4.620979190486679,-0.25303773431983795,-0.4092648689676283,-3.634360308590511,1.306997973623655,0.5292254130752706,0.9269723955913229,3,2,0.9311068691126099,0.8516760806308853
2.0,0.95,30,1,0.8,4.411404512882682,4.439256397368517,-0.631360928350566,-0.6095499520677495,-3.152109659237653,-0.14395876204368094,-0.2571447550132247,0.9185091804514316,3,2,0.9177371464175721,0.8496312090404579
2.0,0.95,30,2,0.8,4.952008127439853,4.917446592256308,0.6979296942594616,-3.3380809102111715,-3.8234338496080444,2.146235980604834,2.4029614964603248,0.9225873849195901,3,2,0.9107667414952306,0.8036269554417226
2.0,0.95,30,3,0.8,5.944805756345826,6.03554458247455,-1.52635476830954,-1.5517995414739074,-0.8950210613702202,-0.4217756849249725,0.039640248143738184,0.9185824286956179,3,2,0.9216890578173533,0.8356352908947722
2.0,0.95,30,4,0.8,4.537796796689111,4.594133052984379,-1.2414891811896898,-2.0444979729081942,-1.5192572526968349,0.8855691969339707,1.1925491860111894,0.9138993982141818,4,2,0.9175353605289328,0.9391064171418978
2.0,0.95,30,5,0.8,5.975827655943714,6.105117102633241,-2.1635404187222913,-1.7731825928622431,-3.340340203828474,-0.4900889197250145,-0.23925166690411223,0.9312951413990053,3,2,0.93499408331558,0.8319986707921792
2.0,0.95,30,6,0.8,5.287989330327272,5.2047085408544485,1.5749046427759932,1.3541126639119316,1.7373308802663192,0.6904571432121016,1.2935635241626273,0.9208737923615338,3,2,0.9196649830465669,0.8600090795903995
2.0,0.95,30,7,0.8,4.52379831738989,4.553399279390361,-0.6543386756806289,-1.9585059541367789,-4.056969347134364,0.4814993566569654,-0.3371408376711479,0.9246693383217474,3,2,0.9227654278956755,0.8172243742075458
2.0,0.95,30,8,0.8,5.947677979049075,5.994913040951496,-0.7941765184464926,-0.8686053166512165,-0.6605822013372079,-2.2425944064244683,-0.4994693290521844,0.9070547791639527,3,3,0.9155878826896713,0.8574599815419814
2.0,0.95,120,0,0.8,4.82199513551888,4.788571612631082,0.6931471714187312,0.6018283014853733,0.5080058010925553,-0.018659222099560488,0.35295730168177236,0.9331214463714106,3,3,0.9392249862487185,0.8559995538650729
2.0,0.95,120,1,0.8,4.965475424490099,5.036995047603291,-1.4403378729950473,-1.3426734172491797,-0.09046850882345092,-1.0202182842898007,-0.4413744105730555,0.9308811334573551,3,2,0.9278384137769858,0.8575783600728921
2.0,0.95,120,2,0.8,4.394995596057052,4.50022106044935,-2.394210917678742,-2.443651525521945,-1.5640696523212332,-1.5738423124099916,-0.06710389895952346,0.935350299311686,3,3,0.9296650369552718,0.8706015980139029
2.0,0.95,120,3,0.8,4.599028570798494,4.664428099912089,-1.4220291982713231,-1.8686152172633999,-3.1829243430820324,-1.0898605958194947,-1.8823698229534993,0.9333632802576017,3,3,0.9279611292270764,0.8626334589625548
2.0,0.95,120,4,0.8,4.047121956222377,4.037407059468953,0.2400445763312573,-0.15147612850633596,-0.18882446043818363,1.1141354228884475,1.437244703624164,0.9268910134730608,4,2,0.9392340762110256,0.9427974709207474
2.0,0.95,120,5,0.8,4.105494091480412,4.149598736901896,-1.074283495207281,-1.472733055428543,-0.9390616796277759,-0.9904614980028409,0.4188683425364421,0.9287008656159822,4,3,0.9307903979816512,0.9376037664943191
2.0,0.95,120,6,0.8,4.987654790953921,5.0891926081025565,-2.0357827757605422,-2.038094142612993,-0.7713080995582174,-2.4053958117486167,-0.025238841285907206,0.9367990844255438,3,3,0.9394609238386707,0.8681998292401096
2.0,0.95,120,7,0.8,5.0765852044112405,5.107439479281142,-0.6077761650309975,-0.48282308750840636,-0.873859032251026,-0.5241621823352455,0.23293920297776394,0.9238497389241647,3,3,0.948244825334215,0.8534322735225295
2.0,0.95,120,8,0.8,4.829987480807516,4.760126388728121,1.4464031709604837,0.7166633688901602,2.7941829253736254,-1.478310653693369,0.022509667869357083,0.9269541099742844,3,2,0.9326632380764702,0.8482168142304016
2.0,0.9,30,0,0.8,3.11511774755862,3.2496853095955007,-4.319822650117929,-1.661704255653109,-2.2415607648204183,-2.5704036323779924,-0.46863419754757385,0.8534913034074536,2,2,0.9128443026804951,0.734152130939329
2.0,0.9,30,1,0.8,4.839281932038658,4.734355019075843,2.168233106406606,1.4858987630626308,2.3228662220394876,-0.5246322425969482,1.1348726138375804,0.8410794305821778,3,2,0.9074219347387813,0.8360812095196994
2.0,0.9,30,2,0.8,5.356099846704865,5.3635347709360035,-0.1388122784102452,-0.9333164697869777,-1.2841326692575472,-2.0129066640578053,-0.9524878240917244,0.8555907132329926,3,2,0.9075015409517053,0.8559683164911353
2.0,0.9,30,3,0.8,4.55646229385068,4.477787883973049,1.726655567496047,-0.7721065930935217,-3.0443752016193306,-1.1675333624184532,-0.3512518116845178,0.8573046888636419,3,2,0.907873844627849,0.8458007742017377
2.0,0.9,30,4,0.8,4.910436110896989,4.7962396412724475,2.3255871178350676,0.8345019125560883,0.7786489745939069,-1.41486570700525,0.9547307463272842,0.8663812080803526,3,2,0.9135570282035139,0.8573575312158551
2.0,0.9,30,5,0.8,4.543102141906908,4.8360579994319615,-6.448366080584957,-6.66113642616199,-3.1114389167665855,-1.544613550860861,-0.8962683631055749,0.8638052376222458,3,2,0.9178047305111663,0.849926849821877
2.0,0.9,30,6,0.8,5.654153332667525,5.548398679635988,1.8703888417833805,0.5154323402373242,1.1335597106282278,-6.478661382493524,-1.512688174263617,0.8541288488434025,3,2,0.9243165200156506,0.8744376152173505
2.0,0.9,30,7,0.8,4.040901498907756,3.946295599530935,2.341207757783573,0.17240674127214198,-0.7491902923519893,-1.1700074586641007,-0.3390677340118577,0.8498660776119533,2,2,0.9113847007219537,0.7432231338630778
2.0,0.9,30,8,0.8,5.19574419615611,5.183525122502852,0.23517465818079414,0.009570567318077783,-0.3114392801100619,-2.138839689809592,-1.4441100625342211,0.8562895478529338,3,2,0.9087983835128249,0.853204246399008
2.0,0.9,120,0,0.8,4.656956531231583,4.56922095832674,1.8839680447186906,-1.5312472287315788,-3.9690404038631417,-0.7682514606390423,0.8545551741060979,0.8234908048415048,2,2,0.9095061202378351,0.6733291326853638
2.0,0.9,120,1,0.8,5.172704842556038,4.968385054973115,3.949960297405269,1.5775499975435683,3.377529092727831,-3.4694205426628284,-0.8674240366436416,0.8388628330901754,2,2,0.8978001357190171,0.726019211077394
2.0,0.9,120,2,0.8,5.122249797359253,5.0212033746308,1.9726961145188044,-2.410870007304353,-4.536256980087805,-0.32954336893740344,0.8207197453848193,0.8263862506711482,3,2,0.9312342195265647,0.8707928413578104
2.0,0.9,120,3,0.8,4.0342432819007685,4.021050736178253,0.3270141337708193,0.11388116758932068,0.16983310492780335,-1.5973986069631514,0.5043259771522356,0.8025866277737843,2,2,0.9180821213340351,0.7370115253677165
2.0,0.9,120,4,0.8,5.247466060561389,5.063288694641949,3.509834342782502,1.3079990913010013,2.6103280681921674,-3.7551991780917064,-1.5685017464506903,0.8380039666547472,2,2,0.9079676346406043,0.7183844351197541
2.0,0.9,120,5,0.8,4.198157586570382,4.19826547606238,-0.002569924777080014,-0.433245675168942,-1.8948668082532258,-4.092035540740209,-2.0186648314290623,0.8112138960766171,2,2,0.8926780336441705,0.7180114243647457
2.0,0.9,120,6,0.8,5.346608090208784,5.191759489752769,2.8962025613881903,2.4241448608531004,2.933681734540606,1.660666298834573,1.28370397123241,0.8443800794351183,3,2,0.9188054541788386,0.8674184205297484
2.0,0.9,120,7,0.8,4.75788056295129,4.685412039221513,1.5231261644959337,0.47486692986783025,1.5077501329103706,-2.2023803726566897,-0.23566018795350455,0.8301621920687545,2,2,0.9082567639732119,0.7473868644217325
2.0,0.9,120,8,0.8,4.574328150848467,4.566165661305501,0.17844127648454142,-2.0141028356283988,-3.1699469249534684,-0.508792789785782,-0.04831662371045755,0.8542429712710373,3,2,0.9077545106997637,0.8506561934712004
3.0,1.0,30,0,0.8,24.673881428384604,24.635522420498045,0.15546401970802584,0.15487009094624526,1.1312573561769304,0.40813363529007174,1.3611778389292597,0.9859493476784814,4,4,0.9610712133596309,0.9646137107636727
3.0,1.0,30,1,0.8,17.99116976584692,18.11605775854818,-0.6941627160805235,-0.7054616354927417,-3.410801026707521,-2.4500495911893307,-4.474114520570677,0.9818396388762409,4,4,0.9635959971626379,0.9687526493507026
3.0,1.0,30,2,0.8,18.987671101554803,19.303270880815806,-1.6621300083250345,-1.6613624177804858,-2.860635471459214,-1.3863667766045151,-3.290769470488665,0.9842406807294467,4,4,0.9628896414432753,0.9622738803592531
3.0,1.0,30,3,0.8,15.736833576557432,15.930312555542319,-1.2294657501691135,-1.2285544743614447,-5.51808480253219,0.1172078491374217,-3.822032982006103,0.983729057352736,4,3,0.9645268687635681,0.9650835457853849
3.0,1.0,30,4,0.8,23.3712642994559,23.552358541004878,-0.7748585580506905,-0.7746914761477747,-1.3236961287825657,-0.8786189779348051,-1.3507988085811204,0.9853081930358647,4,4,0.9682545408847131,0.9693246458569555
3.0,1.0,30,5,0.8,22.315933054700476,22.2475777694107,0.30630709064337464,0.033160818483960325,-0.4401491863594358,0.36136724171545137,-0.04040930393984854,0.9829644209115339,4,3,0.9691677528979092,0.9680859321270818
3.0,1.0,30,6,0.8,18.519758428742076,18.345703363292365,0.9398344266714769,0.929301089633789,-0.9544431955982497,0.16536463583282043,-1.5512454365129784,0.985048987622077,4,4,0.9649865737500752,0.963054212304626
3.0,1.0,30,7,0.8,20.252349367656052,20.5028618544557,-1.236955190985035,-1.2366910356663565,-1.6044417996517866,-1.178475993400397,-1.5642908196676004,0.9852115374277104,4,4,0.9710338112482737,0.9722139028461234
3.0,1.0,30,8,0.8,17.4007464197346,17.353766998185655,0.2699850938328896,0.27003977352401554,-1.3509725547473388,-0.14472387858197439,-1.525932735111658,0.9843860762302982,4,4,0.9654896351361429,0.9687810210992944
3.0,1.0,120,0,0.8,22.42006681843536,22.46905421294054,-0.2184979862098437,-0.2184979862098437,-0.4716252088470043,-0.20678438926123185,-0.48026243413129605,0.9963142177894647,4,4,0.9816327731833345,0.9816327731833345
3.0,1.0,120,1,0.8,20.148035860514668,20.11189929115272,0.17935529603044784,0.1794069844694955,-0.44098934798685363,0.21931366089909707,-0.3961838800950436,0.9962673440636257,4,4,0.9797085399652559,0.9799474242982309
3.0,1.0,120,2,0.8,17.769028656258744,17.91190832270203,-0.8040938489508206,-0.8040938489508206,-1.4166645894529126,-0.9126200207253246,-1.541349682849252,0.9960444036250221,4,4,0.9801427741453314,0.9801427741453314
3.0,1.0,120,3,0.8,20.631462716448475,20.67898208762579,-0.23032478031444154,-0.23032478031444154,-0.788111137218585,-0.09563105419279576,-0.6507923916574135,0.9961316147521503,4,4,0.9818395802244416,0.9818395802244416
3.0,1.0,120,4,0.8,20.645217507683697,20.57738700678651,0.32855309406133665,0.32855309406133665,-0.0757714732490934,0.2403248655612439,-0.1431244709628543,0.9962678462668909,4,4,0.9812362805449758,0.9812362805449758
3.0,1.0,120,5,0.8,19.62941793107804,19.698932427489478,-0.3541342726285238,-0.35583418709790976,-0.5664911492512734,-0.5690976103931539,-0.7300459375302935,0.9962324598197214,4,4,0.9818989952188916,0.9812414232595372
3.0,1.0,120,6,0.8,18.95270308882072,19.041084245820574,-0.4663248117467038,-0.4663248117467038,-1.0293255378693276,-0.16004877478452278,-0.5677582645395886,0.9960943561465958,4,4,0.9829403680428666,0.9829403680428666
3.0,1.0,120,7,0.8,21.323686906628993,21.32035481945789,0.015626224422132226,0.015626224422132226,-0.31492015310567906,0.3379859891384647,0.013820198011427465,0.9965716140075561,4,4,0.9813656930094283,0.9813656930094283
3.0,1.0,120,8,0.8,18.478382469071168,18.574863390010293,-0.5221286067685513,-0.5221286067685513,-0.7462283316239414,-0.31942327523411074,-0.500742674354037,0.9961823513892274,4,4,0.9830418455028641,0.9830418455028641
3.0,0.95,30,0,0.8,23.817987493920178,24.26045723997313,-1.8577125635232585,-1.8622278603648459,0.4662959388655901,-2.5387686205616826,0.44610589716807797,0.9626907097817783,4,3,0.9619536634823659,0.9674316617571079
3.0,0.95,30,1,0.8,19.35392548831211,20.353821159171638,-5.166371398212555,-5.17463990836101,-3.4518008450856983,-6.184938383474722,-3.766865238444532,0.963646224070775,4,4,0.9677460202130377,0.9714725764548408
3.0,0.95,30,2,0.8,21.72284657476679,21.589192627339596,0.6152690300839637,0.6170490263816242,-1.4470516882240945,1.508497845625982,0.574103267734611,0.9657006067714097,4,4,0.9612047081237383,0.9633871249028091
3.0,0.95,30,3,0.8,19.361164918671307,19.264733961849515,0.4980638160299763,0.49100342981710215,-1.8110352626785982,0.5311484622983593,-0.2023135947138394,0.9662826708636375,4,3,0.9655678456324985,0.9686246126618249
3.0,0.95,30,4,0.8,29.555839911018328,29.55718454506595,-0.004549469924289263,-0.010734418660253512,-1.179400301317563,-0.28736183475671084,-0.5442276871551807,0.9601885488271427,4,2,0.9632373967577412,0.9643491150699162
3.0,0.95,30,5,0.8,21.793273579166534,21.95423270743975,-0.7385725126999111,-0.7387557028848872,-0.4977962768722648,-0.40974152624413324,0.7837513804434928,0.9706799380198305,4,4,0.9698165524761817,0.9701146621352186
3.0,0.95,30,6,0.8,20.90180393693568,21.240093577583135,-1.6184710260804964,-1.6340610937877693,-0.7017029884733725,-3.939892003243255,-2.0472931659631524,0.9664215479936834,4,3,0.961369743468162,0.9639539183847282
3.0,0.95,30,7,0.8,20.138077214966213,20.38585363476224,-1.2303876738136799,-1.2398174276039968,-0.27280406816087643,-0.5714977792239676,1.106942863684778,0.9612130209141887,4,3,0.956150641125143,0.9635164731963267
3.0,0.95,30,8,0.8,23.049220513255992,23.044505976097366,0.020454215169295586,0.02732562495463678,-1.0879730793743534,1.5961789690773334,0.9100369736347678,0.9681862918609756,4,3,0.9582280319521874,0.9613222328435785
3.0,0.95,120,0,0.8,19.38207017287095,19.3194322048654,0.32317480767985374,0.32317480767985374,0.014680418311085354,0.666486241706886,0.6897805179029879,0.9656391544089318,4,4,0.9700302698691039,0.9708801702567306
3.0,0.95,120,1,0.8,22.92638153500462,23.249534039724843,-1.4095224936688124,-1.4095224936688124,0.5313470947783665,-1.6784903686078783,0.5134294733009472,0.964279643291205,4,3,0.9716827365627299,0.9716827365627299
3.0,0.95,120,2,0.8,18.112785895864892,18.10148832670686,0.062373448363958826,0.062372751368863166,-0.5950687846362251,-2.2759312713225044,-5.595791509247405,0.9690779761095871,4,4,0.9716279567738413,0.973905505489421
3.0,0.95,120,3,0.8,18.608954057275167,18.59676405561189,0.06550610864941227,0.05890870322833662,-1.942579352666113,0.3682193140281435,-0.7299370580320479,0.965870060453071,4,3,0.9741120910758937,0.9749600828270459
3.0,0.95,120,4,0.8,17.34941220410232,17.731533783021074,-2.2025044677213836,0.2045933227984788,0.8197604772157226,-0.3490195439748961,1.456759554519654,0.9679569082746824,4,3,0.9703273353824388,0.9700707624783155
3.0,0.95,120,5,0.8,22.987218644938245,23.101708904745376,-0.49806051604394974,-0.5142420667483022,-1.1379464440123042,-0.8849187226382115,-0.6477121560116386,0.9664057556905081,4,3,0.9698552320991511,0.9705011614655863
3.0,0.95,120,6,0.8,20.642095846206427,20.73429563327391,-0.4466590396363582,-0.44004667011850906,-0.8644575756105222,-0.23065349186283882,-0.2661301538500616,0.9644551225050759,4,3,0.9660593674474651,0.967922760528432
3.0,0.95,120,7,0.8,15.896625453537899,16.370759265567745,-2.9826066759616867,-2.9826066759616867,-3.119690344187135,-3.422517755957537,-2.0042951650033576,0.9684738092848206,4,3,0.9730879030666629,0.9730879030666629
3.0,0.95,120,8,0.8,19.89165451597743,19.892016316952787,-0.0018188581300170616,-0.5728716882636782,0.26357359100844213,-0.6100445075154387,0.4421231294708144,0.9666302820165968,4,3,0.9666635124860714,0.9670117105473409
3.0,0.9,30,0,0.8,15.301115308458238,15.10237806365358,1.2988415602279575,0.8874735693575622,0.1919115626699658,0.14039480122394932,0.3670265823355492,0.9322400963495778,3,3,0.9540016980630338,0.8464268219692653
3.0,0.9,30,1,0.8,14.353019046996177,15.397019217151207,-7.273732214363083,-7.273732214363083,-7.442989377004598,-3.887273332667071,-2.155907675379533,0.9258874661084067,3,3,0.9563110927470506,0.860716353235149
3.0,0.9,30,2,0.8,12.833562469851444,13.343968403790324,-3.9771180850050336,-4.011561894495089,-4.883616371823298,-1.2903576193474506,-0.5102758853874393,0.9215237855642608,4,3,0.9581473244131914,0.9596172431866924
3.0,0.9,30,3,0.8,22.010504160536577,22.05410321635494,-0.19808294939709825,-0.20742758047078422,0.6585499682534225,-5.213090030045173,-6.258095422756163,0.9357731610428828,3,3,0.9588089335949892,0.8840008548499998
3.0,0.9,30,4,0.8,21.149340782024996,21.135638505202984,0.06478819819130452,0.06478819819130452,-0.17336663626302107,0.2494062645918129,0.8083421253759667,0.9150326734220463,3,3,0.9581595164267941,0.867713019415168
3.0,0.9,30,5,0.8,21.662709991416826,21.26801403502735,1.8220063719906812,1.1083648276494433,0.9072977186882463,-0.17997923187659212,1.1540408040598784,0.9273189802709965,3,2,0.9563775119645723,0.8603308443230235
3.0,0.9,30,6,0.8,17.420716459086727,18.311820110927954,-5.1151951983950905,-5.2422686540147545,-1.8448505520517393,-0.9516074107132657,0.5568048847533793,0.9211193085934,3,2,0.9567554830314815,0.8622618791462389
3.0,0.9,30,7,0.8,17.29252919909604,17.88795293751592,-3.4432426371210285,-3.4514149634921427,-3.51985311516615,0.06414343383841155,0.13530387933586807,0.9276967422911864,3,3,0.9571745369670921,0.8666206798475427
3.0,0.9,30,8,0.8,18.373479798115678,17.870123863569763,2.739578675769071,2.719023184744791,1.3177453835816233,1.0179596650957212,1.3408125195661682,0.9198761851628502,3,2,0.9545505714186363,0.8640886307587455
3.0,0.9,120,0,0.8,23.33780855071809,22.727969927551932,2.613092921046326,2.6419233036913976,3.862461258710061,-1.811695228231509,0.4662405800926256,0.920011781312595,3,2,0.9519983255745211,0.8630449753470113
3.0,0.9,120,1,0.8,23.35305437401822,22.797360178451772,2.379535398952759,2.083771087501611,0.8945937236669995,-2.6037134822744186,-0.8418938637430413,0.9160341658313054,3,2,0.9569909381187178,0.8639496240010429
3.0,0.9,120,2,0.8,18.147597112916365,17.629984465574978,2.852237925058309,2.5725186015463612,0.20048701705403357,-1.3252346674223174,-0.2760076210650845,0.9304275977223094,3,2,0.9598906249140671,0.8766823781494384
3.0,0.9,120,3,0.8,18.84576082503387,18.30767875958177,2.8551888695166787,2.8551888695166787,2.7043600828893823,0.5487344731669599,1.8625644609377836,0.9191966923031212,3,3,0.9628169836248917,0.8801789856301017
3.0,0.9,120,4,0.8,15.523445259018253,15.16535396785975,2.3067771695234502,2.0526402453598656,1.1594522751494303,0.5271336620496706,1.190897359553491,0.91319530624372,3,3,0.9549653053492434,0.8913607018991802
3.0,0.9,120,5,0.8,18.6321123453953,18.20231705858904,2.306744822266379,1.920325702908618,0.6899810056088107,0.3140529468490969,0.8437921597687869,0.9224440837434165,4,3,0.9644005862665207,0.9656748614572292
3.0,0.9,120,6,0.8,18.927853224485524,19.070050940082208,-0.7512617194893144,-0.7784394721161704,-2.0182151250972304,0.2551805633865984,0.6252079581052526,0.9208238697473649,3,2,0.9570574667176477,0.8762693984932238
3.0,0.9,120,7,0.8,20.79523273059078,20.24413989798668,2.650092161716538,2.654573938990255,1.9390213468921083,1.0403585598917202,1.531185614489709,0.9160859771461056,4,3,0.9685083593791336,0.969676020480051
3.0,0.9,120,8,0.8,17.628003523203894,17.098515832610534,3.0036736145212966,0.5138553822171956,-0.9336982284554409,0.29956104840105285,1.6009785123266143,0.909936980679934,3,3,0.9580103613056836,0.864139650680212
