separation,discount,T,gain_true,gain_true_se,gain_learned,gain_learned_se,lambda_size,r2_true,r2_learned,k_learned
0.0,0.9,30,1.2943,0.3712,-0.0543,0.0543,0.0,0.0166,0.0083,1.0
0.0,0.9,120,1.0629,0.2088,0.0,0.0,0.0,0.011,0.0,1.0
0.0,0.95,30,1.2534,0.4097,0.0,0.0,0.0866,0.0135,0.0,1.0
0.0,0.95,120,0.4354,0.1907,0.0,0.0,0.013,0.0135,0.0,1.0
0.0,1.0,30,0.9385,0.1865,0.0,0.0,0.4688,0.0121,0.0,1.0
0.0,1.0,120,0.1516,0.0609,-0.0335,0.0261,0.7681,0.0111,0.001,1.0
0.25,0.9,30,1.5735,0.2498,0.0,0.0,0.0,0.1321,0.0,1.0
0.25,0.9,120,1.9899,0.4125,0.0,0.0,0.0,0.1283,0.0,1.0
0.25,0.95,30,0.9359,0.2883,-0.4809,0.3181,0.1422,0.148,0.0379,1.0
0.25,0.95,120,0.4311,0.3073,-0.3493,0.2373,0.1071,0.1645,0.0476,1.0
0.25,1.0,30,0.0361,0.201,-1.3725,0.4545,0.5773,0.1695,0.1331,2.0
0.25,1.0,120,-0.048,0.0629,-0.331,0.0478,0.8501,0.2692,0.3166,2.0
0.5,0.9,30,2.3596,0.6726,-0.5249,0.3901,0.0842,0.3617,0.1177,1.0
0.5,0.9,120,2.6632,0.2273,-1.0535,0.5589,0.1015,0.4,0.1797,1.0
0.5,0.95,30,1.2441,0.4539,-2.3736,0.3569,0.379,0.4061,0.3665,2.0
0.5,0.95,120,-0.0635,0.3494,-1.9348,0.2278,0.3727,0.4642,0.4286,2.0
0.5,1.0,30,-0.6036,0.2233,-1.3929,0.1868,0.7206,0.4266,0.3972,2.0
0.5,1.0,120,-0.1015,0.0773,-0.3397,0.0524,0.9104,0.5822,0.5656,2.0
1.0,0.9,30,0.6877,0.7702,-2.1389,0.6049,0.5173,0.6909,0.5783,2.0
1.0,0.9,120,1.9571,0.5396,-0.6332,0.3638,0.5019,0.7143,0.6064,2.0
1.0,0.95,30,-0.7601,0.5946,-2.664,0.3573,0.7459,0.7435,0.6052,2.0
1.0,0.95,120,-0.1639,0.3068,-1.157,0.2752,0.7263,0.7728,0.6399,2.0
1.0,1.0,30,-0.7521,0.2734,-1.6372,0.4291,0.8862,0.7527,0.704,3.0
1.0,1.0,120,-0.3111,0.147,-0.3079,0.1337,0.9702,0.8608,0.8387,4.0
2.0,0.9,30,-1.6787,0.4678,-2.71,0.902,0.8562,0.908,0.8183,3.0
2.0,0.9,120,1.9116,0.4855,0.8309,0.5649,0.8322,0.9096,0.7949,3.0
2.0,0.95,30,-0.5077,0.6715,-1.1495,0.5391,0.9266,0.9215,0.8504,3.0
2.0,0.95,120,-0.4858,0.2452,-1.0719,0.3115,0.9241,0.9377,0.8577,3.0
2.0,1.0,30,-0.9061,0.315,-1.0068,0.3234,0.9673,0.9259,0.91,4.0
2.0,1.0,120,-0.2032,0.1122,-0.2051,0.1059,0.9919,0.9601,0.9583,4.0
3.0,0.9,30,-0.3306,0.3919,-0.8572,0.5997,0.9299,0.9565,0.8915,3.0
3.0,0.9,120,1.9263,0.3814,1.7566,0.3986,0.9209,0.9578,0.8813,3.0
3.0,0.95,30,-0.9302,0.3483,-0.9807,0.3599,0.9651,0.9645,0.9662,4.0
3.0,0.95,120,0.1866,0.2817,0.2024,0.2703,0.9668,0.9694,0.9709,4.0
3.0,1.0,30,-0.7043,0.5081,-0.7396,0.5344,0.9854,0.9655,0.9665,4.0
3.0,1.0,120,-0.1721,0.1223,-0.1722,0.1223,0.9961,0.9817,0.9817,4.0
