slice_type,slice,model,n_obs,n_series,ME,MAE,RMSE,RMSSE,WRMSSE
regime,Smooth,TSB-HB,479,9,3.502049607611251,15.376461712401218,28.771472947305657,1.3856161931647586,1.0492616968151824
regime,Erratic,TSB-HB,8188,75,0.8241276236294792,31.654918482248114,56.782560314344245,0.9260304362060299,0.8820365670011454
regime,Intermittent,TSB-HB,177680,1041,-0.6335411553715479,1.2823360449573828,7.9237645611697145,8.287059064920163,2.5699895792592256
regime,Lumpy,TSB-HB,530370,2524,-1.2451766387057652,6.584555480769458,18.93759752245295,2.1931590303781574,1.113471078378975
sparse,NonSparse(Smooth|Erratic),TSB-HB,8667,84,0.9721286193981733,30.755255300898547,55.60407958252772,0.9855764434326065,0.8882976145747888
sparse,Sparse(Intermittent|Lumpy),TSB-HB,708050,3565,-1.0916911607327073,5.254002060311738,16.863927707219172,4.843449394417327,1.211949315815337
cold_start,CS_0_1,TSB-HB,30070,244,-0.40317633685235976,0.48773812700086394,4.968438812833638,13.886931800010746,7.625364851681522
cold_start,CS_2_3,TSB-HB,56520,362,-0.4989060921381591,0.9310343574697835,7.520526364330987,5.84443159883052,3.8920468428243553
cold_start,CS_4_5,TSB-HB,44518,245,-0.4863059603544234,1.1612988686334504,7.216757124670739,6.270234609146647,3.5089142793413326
cold_start,CS_6_10,TSB-HB,82457,456,-0.7375693466698939,1.967636468001958,9.702359405535406,3.671132247622575,2.240752736200093
cold_start,CS_11_plus,TSB-HB,503152,2342,-1.2754747640360218,7.364413747451355,20.630044640139285,1.9068102741502273,1.0789462862700354
