panel,model,spl_mean,spl_q90,n_series
online_retail,AutoARIMA,1.0069,1.6297,3649
online_retail,AutoTheta,1.0055,1.6056,3649
online_retail,CP-ADIDA,1.1239,2.5409,3649
online_retail,CP-Croston,1.5502,2.7686,3649
online_retail,CP-SBA,1.5492,2.8601,3649
online_retail,CP-IMAPA,1.128,2.5506,3649
online_retail,CP-TSB,1.1744,2.6746,3649
online_retail,TSB-HB,0.8849,1.5268,3649
online_retail,Tweedie-GLM,1.1477,1.7458,3649
online_retail,TweedieGP,0.8845,1.5218,3649
online_retail,Zero,0.9161,1.649,3649
online_retail,iETS,0.9846,1.7544,3649
m5,AutoARIMA,1.7919,2.4148,4707
m5,AutoTheta,1.7954,2.3123,4707
m5,CP-ADIDA,1.715,2.1949,4707
m5,CP-Croston,1.6902,2.1551,4707
m5,CP-SBA,1.6939,2.1736,4707
m5,CP-IMAPA,1.719,2.1904,4707
m5,CP-TSB,1.8794,2.3148,4707
m5,TSB-HB,1.6707,2.4758,4707
m5,Tweedie-GLM,4.0693,5.262,4707
m5,TweedieGP,1.6228,2.1723,4707
m5,Zero,1.959,3.5262,4707
m5,iETS,2.0282,2.9772,4707
auto,AutoARIMA,0.3189,0.2659,3000
auto,AutoTheta,0.3403,0.276,3000
auto,CP-ADIDA,0.3275,0.3082,3000
auto,CP-Croston,0.326,0.3105,3000
auto,CP-SBA,0.3256,0.3153,3000
auto,CP-IMAPA,0.3279,0.3084,3000
auto,CP-TSB,0.3459,0.315,3000
auto,TSB-HB,0.2937,0.2599,3000
auto,Tweedie-GLM,0.3221,0.2783,3000
auto,TweedieGP,0.2985,0.2598,3000
auto,Zero,0.5612,1.0102,3000
auto,iETS,0.3448,0.3252,3000
carparts,AutoARIMA,0.4084,0.4897,2503
carparts,AutoTheta,0.3925,0.4697,2503
carparts,CP-ADIDA,0.3571,0.4982,2503
carparts,CP-Croston,0.4012,0.5433,2503
carparts,CP-SBA,0.3982,0.5418,2503
carparts,CP-IMAPA,0.3561,0.4908,2503
carparts,CP-TSB,0.3783,0.4842,2503
carparts,TSB-HB,0.3229,0.4817,2503
carparts,Tweedie-GLM,0.4776,0.6897,2503
carparts,TweedieGP,0.3214,0.46,2503
carparts,Zero,0.3736,0.6725,2503
carparts,iETS,0.4561,0.5646,2503
raf,AutoARIMA,0.402,0.591,5000
raf,AutoTheta,0.4104,0.5956,5000
raf,CP-ADIDA,0.3097,0.4905,5000
raf,CP-Croston,0.3322,0.4927,5000
raf,CP-SBA,0.329,0.492,5000
raf,CP-IMAPA,0.3116,0.4907,5000
raf,CP-TSB,0.3814,0.4986,5000
raf,TSB-HB,0.268,0.4856,5000
raf,Tweedie-GLM,0.3121,0.5312,5000
raf,TweedieGP,0.2763,0.5219,5000
raf,Zero,0.2669,0.4805,5000
raf,iETS,0.3494,0.49,5000
